,,Alpha Master List,,,,,,,,,,,,,,,
,,Index of all Games,,,,,,,,,,,,,,,
,,,,,,,,,,,,,,,,,
,,,,,,,,,Learn = Tutorial-introduction,,,,,,,,
,,This index lists the games in alpha order followed by the level and Assignment number where the game appears.,,,,,,,,Play = Practice,,,,,,,
,,in the Lifetime Musician Curriculum and the level where the game appears by category,,,,,,,,,Quiz = Mastery,,,,,,
,,,,,,,,,,,,Challenge,,,,,
,,,,,,,,,,,,,,,,,
Game ID,Games in alphabetical order,"Lifetime Musician
",Levels,,,Code,Category,Skills / Concepts,Learn,Play,Quiz,Challenge,,,Game File Name,Source,Language
,,Level. Assignment #,,,,,,,,,,,,,,,
,60 Second Club 1,"2.18,20 - 3.1",,,"2,3",PV,Pitch-V,Rapidly read & play grand staff white notes on the on-screen keyboard-timed,3000,3000,3000,3400,,,,MLC,ENG
,60 Second Club 2,"3.4,6",,,"2,3",,Pitch-V,Rapidly read & play grand staff # and b notes on the on-screen keyboard-timed,3000,3000,3000,3400,,,,,
,60 Second Club 3,"3.9,16 - 4.7,14",,,"3,4",,Pitch-V,Rapidly read & play all grand staff notes--white and black--on the onscreen keyboard-timed,1000,1500,2000,3400,,,,,
,60 Second Club 4,n/a,,,5,,Pitch-V,Rapidly read & play all grand staff notes-with key signatures--on the onscreen keyboard-timed,1000,1500,2000,9000,,,,,
,Alpha Order Down,P.4,,,P,,Symbols,Name missing letters in the descending music alphabet,850,1050,1100,-,,,,,
,Alpha Order Up,P.4,,,P,,Symbols,Name missing letters in the ascending music alphabet,850,1050,1350,-,,,,,
,Alpha Steps & Skips 1,"P.9,13",,,P,,Intervals-V,Name the letters of the musical alphabet that make steps up & down,1050,1350,1650,-,,,,,
,Alpha Steps & Skips 2,P.14,,,P,,Intervals-V,Name the letters of the musical alphabet that make skips up & down,1050,1350,1650,-,,,,,
,Alpha Steps & Skips 3,P.17 - 1.1,,,P,,Intervals-V,Name the letters of the musical alphabet that make steps and skips up & down,1050,1350,1650, - ,,,,,
,Beat the Clock - Intervals 1,"1.14,18 - 2.11,14",M,,"2,3",,Intervals-V,"Given the first note, play half steps up & down on the onscreen keyboard",260,360,470,-,,,,,
,Beat the Clock - Intervals 2,"2.12,15 - 3.12",M,,"2,3",,Intervals-V,"Given the first note, play half steps and whole steps on the onscreen keyboard",220,280,650, - ,,,,,
,Beat the Clock - Triads 1,"1.17,20 - 2.8,13",M,,2,,Chords-V,"Play triads on the onscreen keyboard: C, G and F Major",220,360,450,-,,,,,
,Beat the Clock - Triads 2,"2.9,13",M,,2,,Chords-V,"Play triads on the onscreen keyboard: D, E and A Major",220,340,480,-,,,,,
,Beat the Clock - Triads 3,"2.16,20 - 3.1 - 4.2,8",M,,"2,3,4",,Chords-V,"Play triads on the onscreen keyboard: c, g and f minor",330,560,600,-,,,,,
,Beat the Clock - Triads 4,"2.17 - 3.2,5 - 4.3,9",M,,"2,3,4",,Chords-V,"Play triads on the onscreen keyboard: d, e and a minor",420,560,600, - ,,,,,
,Beat the Clock - Triads 5,"3.17,20 - 4.4",,,"3,4",,Chords-V,Play C-G-F-D-A-E-B Major triads on the on-screen keyboard,400,700,750, - ,,,,,
,Bumble Keys 1,"1.17,19 - 2.1",M,,"1,2",,Pitch-V,Read and play the notes of the treble staff on the onscreen keyboard,3000,4000,3000,4000,,,,,
,Bumble Keys 2,"1.18,19 - 2.8,10",M,,"1,2",,Pitch-V,Read and play the notes of the bass staff on the onscreen keyboard,3000,4000,3000,4000,,,,,
,Bumble Keys 3,"2.6,9",,,"1,2",,Pitch-V,Read and play treble clef sharps & flats on the onscreen keyboard,2800,3800,3000,3800,,,,,
,Bumble Keys 4,"2.7,10",,,"1,2",,Pitch-V,Read and play bass clef sharps & flats on the onscreen keyboard,2800,3800,3000,3800,,,,,
,Bumble Keys 5,"3.12,15 - 4.4,17 - 5.12",,,"3,4,5",,Pitch-V,Read and play ledger lines between the staves on onscreen keyboard,1800,2350,2400,3000,,,,,
,Cannon Intervals 1,"2.11,15",,,"2,3",,Intervals-V,Identify half steps and whole steps on the keyboard and the staff,1100,1450,2300,-,,,,,
,Cannon Intervals 2,"3.3,8",,,"2,3",,Intervals-V,"Identify 5ths, 6ths, 7ths & octaves on the keyboard and the staff",1850,1850,2300,-,,,,,
,Cannon Intervals 3,"4.14 - 5.4,11",,,"3,4",,Intervals-V,Identify minor 2nds & Major 2nds on the keyboard and the staff,1100,1450,2300,-,,,,,
,Cannon Intervals 4,"4.13 - 5.4,11",,,"3,4",,Intervals-V,Identify minor 3rds & Major 3rds on the keyboard and the staff,1850,1850,2300,-,,,,,
,Catch the Coconut 1,"1.6,10",,,1,,Intervals-A,Hear and identify intervals 2nds & 5ths ,12,16,16,-,,,,,
,Catch the Coconut 2,"1.11,15",,,1,,Intervals-A,Hear and identify 2nds & 3rds ,12,1500,1600,-,,,,,
,Catch the Coconut 3,"1.16,20 - 2.6",,,"1,2",,Intervals-A,"Hear and identify 2nds, 3rds & 5ths ",130,180,200,-,,,,,
,Catch the Coconut 4,"1.17,19 - 2.4",,,"1,2",,Intervals-A,Hear and identify 4ths & 5ths ,100,150,185,-,,,,,
,Circle of Fifths 1,"5.6,10",,,5,,Scales,Learn the sharp circle and the flat circle separately,100,1000,1000,-,,,,,
,Circle of Fifths 2,"5.7,13",,,5,,Scales,Learn the entire circle of 5ths,1200,1200,1200,-,,,,,
,Climbing 7ths 1,"5.4,14",M,,5,,Chords-V,"Play M7, Dom7, dim7 chords on the onscreen keybd",4600,5750,5850, - ,,,,,
,Climbing 7ths 2,"5.18,19",M,,5,,Chords-V,"Play m7, half-dim7, Dom7 chords on the onscreen keybd",4600,5800,5850, - ,,,,,
,Climbing High,"1.12,15",,,"1,2",,Intervals-A,"Hear and play back 2nds, 3rds, 4ths, 5ths - same root - Major pentascale",1400,3600,3000,-,,,,,
,Climbing High 2,"2.16,19 - 3.11,15",,,"2,3",,Intervals-A,"Minor pentascales--hear and play back 2nds, 3rds, 4ths, 5ths - same root",1400,2800,4000,-,,,,,
,Climbing Higher 1,"3.2,8",,,"2,3",,Intervals-A,Hear and play back 2nds thru octaves-same root-Major scale,2400,4000,4000,-,,,,,
,Climbing Higher 2,"4.3,7",,,"3,4",,Intervals-A,Hear and play back 2nds thru octaves-same root-natural minor scale,2700,3800,4600,-,,,,,
,Climbing Higher 3,"4.11,15",,,"4,5",,Intervals-A,Hear and play back 2nds thru octaves-same root-harmonic minor scale,2700,3800,4600,-,,,,,
,Cosmic Key Signatures 1,"2.17,20 - 3.3,5",,,"1,2,3",,Scales,"Identify C, G and F Major key signatures",12,120,200,-,,,,,
,Cosmic Key Signatures 2,"3.12,15",,,"2,3",,Scales,"Identify D, A and E Major key signatures",12,120,200,-,,,,,
,Downhill Rhythms 1,"3.18 - 4.6,12",,,"3,4",,Rhythm-A,See two rhythms.  Which one is played?  Triplets,1100,1400,1800,-,,,,,
,Downhill Rhythms 2,"4.8,17",,,"4,5",,Rhythm-A,Which rhythm do you hear?  16th-note patterns,1100,1400,1800,-,,,,,
,Downhill Rhythms 3,"3.9,13 - 4.12",,,"3,4",,Rhythm-A,"Which rhythm do you hear?  Dotted quarter-eighth, single eighth notes & rests",1000,1400,1850,-,,,,,
,Downhill Rhythms 4,"3.14,19",,,"3,4",,Rhythm-A,Which rhythm do you hear?  Patterns in 3-8 meter,1100,1400,1900,-,,,,,
,Downhill Rhythms 5,"3.16,20 - 4.1",,,"3,4",,Rhythm-A,Which rhythm do you hear?  Patterns in 6-8 meter,1050,1400,1800,-,,,,,
,Evergreen Scales 3,"4.2,5 - 5.1",,,"4,5",,Scales,"Aurally identify scales as Major, natural minor & harmonic minor",2500,2200,2500,-,,,,,
,Falling Chords 1,"3.3,5",,,"2,3",,Chords-V,Visually identify tonic and dominant chords in C and G Major,1300,1800,1800,-,,,,,
,Falling Chords 2,"3.6,10",,,"3,4",,Chords-V,"Visually identify I, IV and V chords in C and G Major",1300,1800,1800,-,,,,,
,Falling Chords 3,"3.16 - 4.6,13",,,"4,5",,Chords-V,"Visually identify tonic, subdominant & dominant chords in C, G, D & F Major",1300,1800,2300,-,,,,,
,Falling Chords 4,"4.18 - 5.2,5",,,5,,Chords-V,"Visually identify tonic, subdominant & dominant chords in G, D, A & E Major",1300,1800,1800,-,,,,,
,Falling Chords 5,"5.12,17",,,5,,Chords-V,"Visually identify tonic, subdominant & dominant chords in F, Bb, Eb & Ab Major",1000,1050,1350,-,,,,,
,Falling Symbols 1,"P.3,5",,,P,,Symbols,"Match music symbols (see the ""Learn"" level of the game)",1800,1700,1800,-,,,,,
,Falling Symbols 2,"P.7,15 - 1.7,10",,,"P,1",,Symbols,"Identify music symbols (see the ""Learn"" level of the game)",1350,1850,2350,-,,,,,
,Falling Symbols 3,"1.16,20 - 2.3,17",,,"1,2",,Symbols,"Identify Level 1 & 2 music symbols (see the ""Learn"" level of the game)",1800,1850,2350,-,,,,,
,Falling Symbols 4,"3.9,15 - 4.7,10",,,"3,4",,Symbols,Identify music terms & symbols.  See the Learn level of the game,1800,1850,2350,-,,,,,
,Falling Symbols 5,"4.11,15 - 5.3,10",,,"4,5",,Symbols,Identify music terms & symbols.  All terms are displayed at the beginning of the Learn level of the game,1800,1850,2350,-,,,,,
,Faster-Slower-Same 1,P.1,,,P,,Rhythm-A,Does the music become faster or slower? ,85,110,1200,-,,,,,
,Faster-Slower-Same 2,"P.8,10",,,P,,Rhythm-A,"Does the music become faster, slower or the same? ",85,110,1200,-,,,,,
,Faster-Slower-Same 3,1.7,,,"1,2",,Rhythm-A,Identify and demonstrate understanding of terms “ritardando” and “accelerando” in musical examples,85,110,1200,-,,,,,
,Finger Finder,"P.2,5",,,P,,Symbols,Finger Numbers for the Right and Left hands ,350,2100,2300,-,,,,,
,Float a Note 1,"2.2,8",,,"1,2",,Pitch-V,Name Treble Staff lines and spaces ,1700,1800,3000,-,,,,,
,Float a Note 2,"2.3,5",,,"1,2",,Pitch-V,Name Bass Staff lines and spaces ,1700,1800,3000,-,,,,,
,FloatANote Pentascales 1,"1.3,5",,,"P,1",,Scales,Identify the notes of the C Major pentascale - Middle CDEFG,900,1350,1850,-,,,,,
,FloatANote Pentascales 2,"1.4,6",,,"P,1",,Scales,Identify the notes of the C Major pentascale - Bass CDEFG,900,1350,1850,-,,,,,
,FloatANote Pentascales 3,"1.9,12",,,"1,2",,Scales,Identify the notes of the G Major pentascale - Treble GABCD,900,1350,1850,-,,,,,
,FloatANote Pentascales 4,"1.13,15",,,"1,2",,Scales,Identify the notes of the bass G Major pentascale - bass GABCD,900,1350,1850,-,,,,,
,FloatANote Pentascales 5,"1.17,20",,,"1,2",,Scales,Identify the notes of the G Major pentascale - Middle GABCD,900,1350,1850,-,,,,,
,Floating Inversions 1,"4.12,15 - 5.1",,,"3,4",,Chords-V,Name the Major triad in root position and 1st inversion,1350,1800,2300,-,,,,,
,Floating Inversions 2,"4.13,19 - 5.3",,,"3,4",,Chords-V,Name the Major triad in root position and 2nd inversion,1350,1800,2300,-,,,,,
,Floating Inversions 3,"5.8,13",,,"4,5",,Chords-V,Name the root of a triad in root position and 1st and 2nd inversions,1700,1800,2300,-,,,,,
,Floating Triads 1,"3.6,8",,,"2,3",,Chords-V,See and name Major triads starting on white keys,1400,1800,2850,-,,,,,
,Floating Triads 2,"3.17 - 4.4,9",,,"3,4",,Chords-V,See and name Major and minor triads starting on white keys,1800,2750,2800,-,,,,,
,Grand Staff Alphabet 1,"2.6,10 - 3.4",,,"1,2",,Pitch-V,Name Grand Staff Lines and Spaces,2000,2800,3000,3300,,,,,
,Grand Staff Alphabet 2,"2.17 - 3.7,11 - 4.4,5",,,"2,3,4",,Pitch-V,Read and name C-D-E and C-B-A on ledger lines between the staves,2000,2500,3000,4500,,,,,
,Grand Staff Guide Notes 1,"P.16,20 - 1.1",M,,"P,1",,Pitch-V,"Identify Treble G, Middle C, Bass F on the staff",1300,1850,2200,-,,,,,
,Grand Staff Guide Notes 2,"1.8,12",M,,"P,1,2",,Pitch-V,"Read and Play Treble C, Middle C, Bass C ",1300,1850,2200,-,,,,,
,Grand Staff Guide Notes 3,"1.11,15",,,"1,2",,Pitch-V,"Read & play Treble G, Middle G, Bass G on the onscreen keyboard",1300,1850,2200,-,,,,,
,Grand Staff Guide Notes 4,"2.11,17 - 3.3 - 4.1",,,"2,3",,Pitch-V,Read & play the five C's on the onscreen keyboard,1800,1850,1900,-,,,,,
,Grand Staff Guide Notes 5,"2.2,5",,,2,,Pitch-V,Identify and play all 7 grand staff guide notes on the onscreen keyboard,1850,1850,2300,-,,,,,
,Grand Staff Guide Notes 5A,n/a,,,2,,Pitch-V,Includes low F and high G for MusicTree,1850,1850,2300,-,,,,,
,Grand Staff Pattern Reading 1,"1.11,15",,,1,,Pitch-V,"Read from 3 Guide Notes: Bass F, Middle C, Treble G ",360,360,550,-,,,,,
,Grand Staff Pattern Reading 2,"1.13,15",,,1,,Pitch-V,"Read from 3 Guide Notes: Bass C, Middle C, Treble C ",300,300,450,-,,,,,
,Grand Staff Pattern Reading 4,"2.2,5",,,"2,3",,Pitch-V,Sightread from all 7 guide notes,300,300,450,-,,,,,
,Hand Prints,"P.2,5",,,P,,Symbols,Identify Left and Right hand,1050,1400,1850,-,,,,,
,Harmonic Minor Memory 1,"4.11,16 - 5.1",,,"4,5",,Scales,"Hear, then play back random patterns in the A harmonic minor scale-on the staff",900,800,1000,-,,,,,
,Harmony Pix 1,"3.3,5",,,"2,3",,Chords-A,Hear a 4-chord progression of I and V7 chords. Same or different from what is seen?,100,1300,1500,-,,,,,
,Harmony Pix 2,"3.14,17 - 4.1",,,"3,4",,Chords-A,"Hear a 4-chord progression of I, IV & V7 chords. Same or different from what is seen?",100,120,1200,-,,,,,
,Harmony Puzzle 1,"3.7,10",,,"3,4",,Chords-A,Hear 4 chord progressions. Match each progression to the correct chord symbols. I & V7,100,300,400,-,,,,,
,Harmony Puzzle 2,"4.3,5 - 5.13,15",,,"3,4,5",,Chords-A,"Hear 4 chord progressions. Match to correct chord symbols. I-V7-I,  i-V7-i,  I-IV-I,  i-iv-i",100,300,400,-,,,,,
,Hearing Harmonic Intervals1,"3.9,13 - 4.3,15",,,"3,4",,Intervals-A,"Hear a pattern of 3 harmonic intervals and identify the intervals: 2nds, 3rds, 4ths, 5ths",800,1100,1500,-,,,,,
,Hearing Triads 1 ,"3.6,9 - 4.4",,,"2,3",,Chords-A,Hear a 4-chord pattern of Major and minor triads and define the quality of each chord.,1000,1350,1800,-,,,,,
,Hearing Triads 2,"5.12,15",,,"4,5",,Chords-A,Aurally identifying Major and Augmented triads,1000,1200,1300,-,,,,,
,Hearing Triads 3,"5.14,16",,,"4,5",,Chords-A,Aurally identifying minor and diminished triads,1000,1200,1300,-,,,,,
,Hot Air Rhythms 1,2.19 - 3.2,,,"2,3",,Rhythm-A,"See two rhythms--which one was played--Quarter, eighth pairs, quarter tied to eighth",1300,1350,2000,-,,,,,
,Hot Air Rhythms 2,"3.6,10",,,"2,3",,Rhythm-A,"See 2 rhythms, choose which one you hear.  Quarter notes, dotted quarter-eighth notes ",1300,1350,2000,-,,,,,
,Interval Aces 1,"2.12,15 - 3.18",,,"2,3",,Intervals-A,Identify aural intervals:  half step and whole step,1100,1850,1800,-,,,,,
,Interval Aces 2 ,4.13,,,"3,4",,Intervals-A,Identify aural intervals:  minor 3rd & Major 3rd,1100,1850,1800,-,,,,,
,Interval Aces 3,"4.14 - 5.6,9",,,"3,4",,Intervals-A,Identify aural intervals:  minor 2nd & Major 2nd,1100,1850,1800,-,,,,,
,Interval Aces 4,"4.16,18 - 5.6,9",,,"3,4",,Intervals-A,"Identify aural intervals:  minor 3rd, Major 3rd, Perfect 5th",1350,1850,1800,-,,,,,
,Interval Aliens 1,"4.9,14",,,"3,4",,Intervals-A,"Identify aural intervals: half step, 2nd, 3rd, 4th, 5th, octave",1800,1800,2500,-,,,,,
,Interval Aliens 2,4.19 - 5.6,,,"3,4",,Intervals-A,"Identify aural intervals: 2nd, mi 3rd, M3rd, 4th, 5th, octave",1350,1800,2200,-,,,,,
,Interval Aliens 3,"5.7,14",,,"4,5",,Intervals-A,"Identify aural intervals: m2, M2, m3, M3, P4, P5",1350,1800,2200,-,,,,,
,Interval Aliens 4,"5.8,16",,,"4,5",,Intervals-A,"Identify aural intervals: P5, m6, M6, m7, M7, P8",1350,1800,1850,-,,,,,
,Interval Arcade 1,"2.7,15 - 3.13,19 - 4.2,8",,,"2,3,4",,Intervals-A,"Aurally identify 2nds, 3rds, 4ths & 5ths  - different roots",1550,1650,1600,-,,,,,
,Interval Arcade 2,"4.7,15 - 5.2,12",,,"3,4,5",,Intervals-A,"Hear & identify 5ths, 6ths, 7ths and octaves  - different roots",600,1800,2400,-,,,,,
,Interval Pop Aural 1,"5.2,5",,,"4,5",,Intervals-A,"Aurally identify Perfect Unison, M2, m3, M3, P4, P5",1000,1300,1400, - ,,,,,
,Interval Pop Aural 2,"5.13,15",,,5,,Intervals-A,"Aurally identify m2, M2, m3, M3, P4, Tritone, P5",1000,1300,1400, - ,,,,,
,Interval Pop Aural 3,"5.17,18",,,5,,Intervals-A,"Aurally identify P5, m6, M6, m7, M7, P8",1000,1350,1400, - ,,,,,
,Interval Pop Visual 1,"4.14,17 - 5.1",,,"4,5",,Intervals-V,"Visually identify Perfect Unison, M2, m3, M3, P4, P5",1050,1350,1400, - ,,,,,
,Interval Pop Visual 2,"5.7,10",,,5,,Intervals-V,"Visually identify m2, M2, m3, M3, P4, Tritone, P5",1000,1300,1400, - ,,,,,
,Interval Pop Visual 3,"5.8,12",,,5,,Intervals-V,"Visually identify P5, m6, M6, m7, M7, P8",1000,1300,1400, - ,,,,,
,Interval Rockets 1,"3.4,6",,,"2,3",,Intervals-V,"Identify 2nds, 3rds, 4ths, 5ths, 6ths, 7ths & 8ve on the staff",1250,1800,1800,-,,,,,
,Interval Slide 1,"2.18,20 - 3.1",,,"2,3",,Intervals-A,Aurally identify an interval then choose the written version of the interval. CFG 2nds-5ths,1250,1350,2000,-,,,,,
,Interval Surprise 1,"1.12,15 - 2.2",,,"P,1",,Intervals-V,"Name Intervals - 2nds, 3rds, 4ths, and 5ths",1400,2600,3500,-,,,,,
,Interval Surprise 2,"2.11,18",,,"2,3",,Intervals-V,"Visually identify Intervals - half steps, 2nds (whole steps), 3rds, 4ths, and 5ths",1800,2400,2300,-,,,,,
,Inversion Diversion 1,"4.14,20 - 5.2,5",,,"4,5",,Chords-V,"Identify triads in root position, 1st inversion, 2nd inversion",1050,1350,1700, - ,,,,,
,Inversion Diversion 2,"5.12,15",,,5,,Chords-V,Visually identify inversions using figured bass notation,1050,1350,1700, - ,,,,,
,Inversion Diversion 3,"5.17,18",,,5,,Chords-V,Visually identify 7th chord inversions,1000,1350,1700, - ,,,,,
,It's All Relative 1,"3.14 - 4.2,10 - 5.3,5",,,"3,4,5",,Scales,"Identify relative minor key signatures: a, e, d and b minor",1300,1850,1800,-,,,,,
,Jingle Notes 1,"1.14,17 - 2.1",,,"P,1,2",,Pitch-V,Identify all lines and spaces on the treble staff,2250,2250,3000,4000,,,,,
,Jingle Notes 2,"1.16,20 - 2.3,5",,,"P,1,2",,Pitch-V,Identify all lines and spaces on the bass staff.,2250,2250,3000,4000,,,,,
,Jingle Notes 3,"3.8,17 - 4.1 - 5.8",,,"3,4",,Pitch-V,Identify and name three ledger lines above the treble staff,2250,2800,3500,4000,,,,,
,Jingle Notes 4,"3.9,16 - 4.2,19 - 5.9",,,"3,4",,Pitch-V,Identify and name three ledger lines below the bass staff,2250,2800,3300,4000,,,,,
,Key Signature Canoes 1,"4.9,10 - 5.2,4",,,"3,4",,Scales,See a scale pattern and select the key signature that makes it a Major scale - sharps,800,1400,2300,-,,,,,
,Key Signature Canoes 2,"4.12,16 - 5.12",,,"3,4",,Scales,See a scale pattern and select the key signature that makes it a Major scale - flats,800,1300,1900,-,,,,,
,Key Signature Canoes 3,"5.7,15",,,"4,5",,Scales,See a scale pattern and select the key signature that makes it a minor scale - sharps,800,1300,1850,-,,,,,
,Key Signature Canoes 4,"5.8,16",,,"4,5",,Scales,See a scale pattern and select the key signature that makes it a minor scale - flats,800,1300,1850,-,,,,,
,Key Signature Keynotes 1,"5.6,11",,,"4,5",,Scales,See a keynote and identify its key signature - all sharps,1300,1800,2500,-,,,,,
,Key Signature Keynotes 2,"5.14,16",,,"4,5",,Scales,See a keynote and identify its key signature - all flats,1300,1800,2500,-,,,,,
,Key Signature Warehouse 1,"3.17,20 - 4.4,6",,,"3,4",,Scales,Identify key signatures through 4 sharps and 2 flats,1300,2000,3500,-,,,,,
,Key Signature Warehouse 2,"4.13,18 - 5.2,5",,,"3,4",,Scales,Identify sharp key signatures ,1300,1800,2500,-,,,,,
,Key Signature Warehouse 3,"4.14,19 - 5.13,15",,,"3,4,5",,Scales,Identify flat key signatures ,1300,1800,2500,-,,,,,
,LetterFly 1,"P.7,10",,,P,,Keyboard,CDE--Identify and play on the onscreen keyboard,20,180,200,-,,,,,
,LetterFly 2,"P.7,10",,,P,,Keyboard,FGAB--Identify and play on the onscreen keyboard,300,300,300,-,,,,,
,LetterFly 3,"P.9,12",M,,P,,Keyboard,White Keys--Identify and play on the onscreen keyboard,30,300,300,-,,,,,
,LetterFly 4,"1.6,16",,,"P,1",,Keyboard,Black Key Flats--Identify and play on the onscreen keyboard,250,300,400,-,,,,,
,LetterFly 5,"1.6,14",,,"P,1",,Keyboard,Play Black Key Sharps on the onscreen keyboard,250,300,400,-,,,,,
,LetterFly 6,"1.18,20",M,,1,,Keyboard,Play Black Key Sharps & Flats on the onscreen keyboard,250,300,400,-,,,,,
,Low Middle High ,"P.2,5",,,P,,Keyboard,"Identify keys that are low, middle and high on the keyboard",1000,1800,1800,-,,,,,
,Major Triad Matching Game,n/a,,,2,,Chords - V,Matching major triads in a popular game format, - ,none, - ,-,,,,,
,Major/minor Triad Match 1,n/a,,,3,,Chords - V,Matching major and minor triads in a popular game format - untimed, - ,none, - ,-,,,,,
,Major/minor Triad Match 2,n/a,,,3,,Chords - V,Matching major and minor triads in a popular game format - timed, - ,none, - ,-,,,,,
,Manny's Short & Long 1,"P.6,10",,,P,,Rhythm-A,Identify which pattern of short and long notes is the one you hear.,650,850,1100,-,,,,,
,Manny's Short & Long 2,"P.11,15 - 1.4,5 - 2.4,5",,,"P,1",,Rhythm-A,Identify which pattern of short and long notes is the one you hear.,850,1050,1400,-,,,,,
,Melody Match 1,"P.11,15 - 1.4",,,"P,1",,Pitch-A,Hear a melody and tell which melody matches the one you heard,500,700,900,-,,,,,
,Melody Match 2,"1.11,15 - 2.9",,,"1,2",,Pitch-A,Hear a melody and tell which melody matches the one you heard,500,700,900,-,,,,,
,Melody Match 3,"2.11,15 - 3.13",,,"2,3",,Pitch-A,"Hear a melody, then tell which of 3 melodies is the match",700,900,1100,-,,,,,
,Melody Match 4,"3.17,20 - 4.6",,,"3,4",,Pitch-A,"Hear a melody, then tell which of 3 melodies is the match",700,900,1100,-,,,,,
,Melody Mayhem 1,"3.16,19 - 4.2",,,"2,3",,Pitch-A,"See two melodies in 3/4 range of a 5th, 2nds and 3rds & tell which one you hear",850,1350,1500,-,,,,,
,Melody Mayhem 2,"4.11,15",,,"3,4",,Pitch-A,"Which melody do you hear? In 3-4 & 4-4, C-F-G pentascales",850,1350,1500,-,,,,,
,Melody Mayhem 3,"4.16,20",,,"3,4",,Pitch-A,"Which melody do you hear? In 3-4 & 4-4, eighth-note pairs, C-F-G pentascales",850,1350,1500,-,,,,,
,Melody Mayhem 4,"4.18 - 5.7,10",,,"4,5",,Pitch-A,Which melody do you hear? Major or parallel minor? Triplets and 16ths,700,900,1150,-,,,,,
,Melody Mayhem 5,"5.12,15",,,5,,Pitch-A,"Which melody do you hear? Three melodies, D, A, E & Bb, 6-8 meter",650,900,1100,-,,,,,
,Melody Pix 1,"P.11,15",,,P,,Pitch-A,"Hear and identify melody block patterns of Do-Re-Mi - same tonic
",100,1000,1200,-,,,,,
,Melody Pix 2,"P.18,20 - 1.2,6",,,P,,Pitch-A,Hear and identify patterns of Do-Re-Mi -different tonics; staff & noteheads.,100,1200,1200,-,,,,,
,Melody Pix 3,"1.9,10 - 2.7",,,"1,2",,Pitch-A,Listen to a melodic pattern and tell whether it is the same as or different than the written pattern.,80,105,120,-,,,,,
,Melody Puzzles,n/a,,,1,,Pitch-A,"Hear a melody, see the measures out of order, and put measures in order", - ,none, - ,-,,,,,
,Meteor Match 1,P.4,,,P,,Rhythm-V,"Name notes and rests - Quarter note, half note",1200,1200,1200,-,,,,,
,Meteor Match 1 A,P.3,,,P,,Rhythm-V,"Name notes and rests - Quarter note, quarter rest",1200,1200,1200,-,,,,,
,Meteor Match 2,"P.6,10",,,P,,Rhythm-V,"Name notes and rests - Quarter and half note, quarter rest ",1200,1200,1600,-,,,,,
,Meteor Match 3,"P.12,15 - 1.7",,,P,,Rhythm-V,"Name notes and rests  Quarter, half, dotted half and whole notes ",1200,1200,1600,-,,,,,
,Meteor Match 4,"1.8,10",,,1,,Rhythm-V,Name rhythm symbols - Quarter and half notes; quarter and half rests ,1200,1200,1600,-,,,,,
,Meter Match 1,"3.9,13",,,"2,3",,Rhythm-A,Aurally identify whether music is in 2/4 (duple) or 3/4 (triple) meter.,1000,1650,1800,-,,,,,
,MIDI Beat the Clock - Intervals 1,"2.11,14",,,"2,3",,MIDI Intervals-V,"Given the first note, play half steps up & down on the MIDI keyboard",1850,2250,3450, - ,,,,,
,MIDI Beat the Clock - Intervals 2,"2.12,15 - 3.12",,,"2,3",,MIDI Intervals-V,"Given the first note, play half steps & whole steps on the MIDI keyboard",1850,2250,3450, - ,,,,,
,MIDI Beat the Clock - Pentascales 1,"1.16,19 - 2.12,15",,,"1,2",,MIDI Scales,"Play C, G, D and A Major pentascales on the MIDI keyboard",565,720,980,-,,,,,
,MIDI Beat the Clock - Pentascales 2,"2.17,19",,,"1,2",,MIDI Scales,"Play C, G, D, A, F and E  Major pentascales on the MIDI keyboard",565,720,735,-,,,,,
,MIDI Beat The Clock - Triads 1,"1.17,20 - 2.8,13",,,"1,2",,MIDI Chords-V,"Play C, G and F Major triads on the MIDI keyboard",3400,4350,5300,-,,,,,
,MIDI Beat The Clock - Triads 2,"2.9,13",,,"1,2",,MIDI Chords-V,"Play D, E and A Major triads on the MIDI keyboard",3400,4350,5300,-,,,,,
,MIDI Beat The Clock - Triads 3,"2.16,20 - 3.1 - 4.2,8",,,"2,3,4",,MIDI Chords-V,"Play c, g and f minor triads on the MIDI keyboard",2850,3450,5250,-,,,,,
,MIDI Beat The Clock - Triads 4,"2.17 - 3.2,5 - 4.3,9",,,"2,3,4",,MIDI Chords-V,"Play d, e and a minor triads on the MIDI keyboard",2850,3450,5250,-,,,,,
,MIDI Bumble Keys 1,"1.17,19 - 2.1",,,"1,2",,MIDI Pitch-V,Read and play the notes of the treble staff on a MIDI keyboard,2800,3800,4400,8800,,,,,
,MIDI Bumble Keys 2,"1.18,19 - 2.8,10",,,"1,2",,MIDI Pitch-V,Read and play the notes of the bass staff on a MIDI keyboard,2800,3800,4400,8800,,,,,
,MIDI Climbing 7ths 1,"5.4,14",,,5,,MIDI Chords-V,"Play M7, Dom7, dim7 chords on the MIDI keybd",4600,5750,5850, - ,,,,,
,MIDI Climbing 7ths 2,"5.18,19",,,5,,MIDI Chords-V,"Play m7, half-dim7, Dom7 chords on the MIDI keybd",4600,5750,5850, - ,,,,,
,MIDI Grand Staff Guide Notes 1,"P.16,20 - 1.1",,,"P,1",,MIDI Pitch-V,"Read and play Treble G, Middle C, Bass F on the MIDI keyboard",1850,2350,2900,-,,,,,
,MIDI Grand Staff Guide Notes 2,"1.8,12",,,"1,2",,MIDI Pitch-V,"Read and Play Treble C, Middle C, Bass C ",1850,2350,2900,-,,,,,
,MIDI Grand Staff Hoops 1,2.19 - 3.4,,,"2,3",,MIDI Pitch-V,Read & play grand staff white keys on a MIDI keyboard,2250,2800,3350,-,,,,,
,MIDI Grand Staff Hoops 4,"3.18 - 4.6,10 - 5.4",,,"3,4",,MIDI Pitch-V,Read & play grand staff notes with key signatures,2250,2800,3350,-,,,,,
,MIDI Interval Rockets 2 ,"1.13,15 - 2.1",,,"1,2",,MIDI Intervals-V,Read and play harmonic 2nds through 5ths starting on bass C,1350,1800,2400,-,,,,,
,MIDI LetterFly 3,"P.9,12",,,P,,MIDI Keyboard,White Keys--Identify and play on the MIDI keyboard,26,28,30,-,,,,,
,MIDI LetterFly 6,"1.18,20",,,1,,MIDI Keyboard,Play Black Key Sharps & Flats on the MIDI keyboard,26,28,30,-,,,,,
,MIDI Melody Mimic 1,"1.14,19 - 2.12",,,"1,2",,MIDI Playback,"Hear then playback 4-note patterns in C,G,or F Major 1st 3 notes steps-repeats",2200,3050,3850,-,,,,,
,MIDI Melody Mimic 2,"2.16,18 - 3.2,5",,,"2,3",,MIDI Playback,"Hear, then play back 4-note patterns in C, F and G Major, 2nds and 3rds",3000,3850,3900,-,,,,,
,MIDI Melody Mimic 3,3.14 - 4.1,,,"3,4",,MIDI Playback,"Hear then play back a pattern of 4 notes in C, G or F Major starting on Do, Re or Mi",3050,3850,3900,-,,,,,
,MIDI Melody Mimic 4,"4.16,20",,,4,,MIDI Playback,"Hear then play back a pattern of 4 notes in C, G or F Major starting on Do, Re or Mi",3050,3850,3900,-,,,,,
,MIDI Memory Playback 1,"1.9,13",,,1,,MIDI Playback,Hear and play back random patterns of CDE on the MIDI keyboard,7,9,8,-,,,,,
,MIDI Memory Playback 2,"2.13,16",,,"2,3",,MIDI Playback,"Hear, then play back random patterns of CDEFG on a MIDI keyboard",7,9,8,-,,,,,
,MIDI Minor Keyboard Playback 1,"4.11 - 5.6,10",,,"3,4",,MIDI Playback,Hear & play back random patterns in the A natural minor scale,800,900,1000,,,,,,
,MIDI Minor Keyboard Playback 2,"4.13 - 5.3,9",,,"4,5",,MIDI Playback,Hear & play back random patterns in D harmonic minor scale - on the MIDI keyboard,800,900,1000, - ,,,,,
,MIDI Mystery Triads 1,2.19 - 3.6,,,"2,3",,MIDI Chords-V,"See the root and play the Major triad on a MIDI keyboard. C,G,F,D,A,E",1350,1850,2400,-,,,,,
,MIDI Note Rockets 1,"1.2,5",,,"P,1",,MIDI Pitch-V,Read and play notes from the Middle C pentascale,1350,1800,2400,-,,,,,
,MIDI Note Rockets 2,"1.3,5",,,"P,1",,MIDI Pitch-V,Read and play notes from the bass C pentascale,1000,1350,1900,-,,,,,
,MIDI Note Rockets 3,"1.12,15",,,"1,2",,MIDI Pitch-V,Read and play notes from the bass G pentascale,1000,1350,1900, - ,,,,,
,MIDI Octave Playback 1,"3.11,15 - 4.7",,,"3,4",,MIDI Playback,Hear & play back random patterns in the C Major scale on a MIDI keyboard,90,80,80,-,,,,,
,MIDI Page Turner 1,P.18 - 1.1,,,"P,1",,MIDI Pitch-V,Read and play notes from the Middle C pentascale,2250,2800,3250,3500,,,,,
,MIDI Page Turner 2,"P.19 - 1.2,5",,,"P,1",,MIDI Pitch-V,Read and play notes from the Bass C pentascale,2250,2800,3250,3500,,,,,
,MIDI Page Turner 3,"P.19 - 1.3,8",,,"P,1",,MIDI Pitch-V,Read and play the notes Middle C down to F ,2250,2800,3250,3500,,,,,
,MIDI Pattern Flashes 1,"1.4,11",,,"P,1",,MIDI Pitch-V,Sightreading patterns in the Middle C pentascale with 2nds and 3rds,5750,7200,7350,-,,,,,
,MIDI Pattern Flashes 2,"1.6,12 - 2.4,10",,,"1,2",,MIDI Pitch-V,Sightreading patterns in the bass C pentascale with 2nds and 3rds,5750,7200,7350,-,,,,,
,MIDI Pattern Reading 1,"1.3,9",,,"1,2",,MIDI Pitch-V,Read & play Steps and Repeats (treble pitches) ,250,285,295,-,,,,,
,MIDI Pattern Reading 2,"1.4,10",,,"1,2",,MIDI Pitch-V,Read & play Steps and Repeats (bass pitches) ,250,285,295,-,,,,,
,MIDI Super Monkey Intervals 1,"2.6,10",,,"1,2",,MIDI Intervals-A,"Hear, then play 2nds through 5ths on a MIDI keyboard - C Major pentascale",2750,3800,4800,-,,,,,
,MIDI Super Monkey Intervals 2,"2.14,20 - 3.1",,,"1,2",,MIDI Intervals-A,"Hear, then play 2nds through 5ths on a MIDI keyboard - bass G Major pentascale",2750,3800,4800,-,,,,,
,Minor Keyboard Playback 1,"4.11 - 5.6,10",M,,"3,4",,Playback,Hear & then play back random patterns in the A natural minor scale-on the onscreen keyboard,700,900,1000,-,,,,,
,Minor Keyboard Playback 2,"4.13 - 5.3,9",M,,"4,5",,Playback,Hear & then play back random patterns in the D harmonic minor scale-on the onscreen keyboard,800,900,1100,-,,,,,
,Monkey Hear Monkey Do 1,"2.3,5",,,"2,3",,Scales,"Hear, then play back a randomly presented series of pitches in the C Major Pentascale",8,10,9,-,,,,,
,Monkey Hear Monkey Do 2,"2.9,15 - 3.13",,,"2,3",,Scales,"Hear, then play back a randomly presented series of pitches in the D Major Pentascale",8,10,9,-,,,,,
,Musical Memory 1 CDE,n/a,,,1,,Playback,Play back random patterns of C D E on the staff with visual clues,-,7,6,-,,,,,
,Musical Memory 1 CDEFG,1.14,,,1,,Playback,Play back random patterns of C D E F G on the staff with visual clues,-,7,6,-,,,,,
,Musical Memory 1 CDEG,n/a,,,1,,Playback,Play back random patterns of C D E G on the staff with visual clues,-,7,6,-,,,,,
,Musical Memory 2 CDE,1.16,,,1,,Playback,Hear and play back random patterns of C  D  E  notes on staff,-,7,6,-,,,,,
,Musical Memory 2 CDEG,2.3,,,2,,Playback,Play back random patterns of C D E G on the staff,-,11,9,-,,,,,
,Musical Memory 2-CDEFG,"2.7,12",,,2,,Playback,Hear and play back random patterns of C  D  E  F  G-- notes on staff,-,9,8,-,,,,,
,Musical Memory 3-CDE,1.18 - 2.13,,,1,,Playback,"Hear, then play back random patterns of C  D  E on the onscreen keybd",-,7,6,-,,,,,
,Musical Memory 3-CDEFG,"2.17,20 - 3.1",,,"2,3",,Playback,Play back random patterns of C D E F G on the onscreen keyboard,-,9,8,-,,,,,
,Musical Memory 3-CDEG,2.14,,,"2,3",,Playback,Play back random patterns of C D E G on the onscreen keyboard,-,7,6,-,,,,,
,Musical Memory Challenge 1,3.3,,,"3,4",,Playback,"Hear, then playback random patterns in the C Major Scale",1000,800,900,-,,,,,
,Musical Memory Keybd Challenge 1,"3.6,10",,,"3,4",,Playback,"Hear, then play back random patterns of notes from the C Major scale-onscreen keyboard",1000,800,900,-,,,,,
,Musical Memory Keybd Challenge 2,"3.18,20",,,"3,4",,Playback,"Hear, then play back random patterns of notes from the bass G Major 1-octave scale-onscreen keybd",1000,800,900,-,,,,,
,Music Darts 1,"P.16,20 - 1.1",,,P,,Symbols,"Identify music symbols (see the ""Learn"" level of the game)",none,940,1000,-,,,,,
,Music Darts 2,"1.2,5",,,"P,1",,Symbols,"Identify music symbols (see the ""Learn"" level of the game)",none,1500,1700,-,,,,,
,Music Darts 3,"1.14,20 - 2.7,10",,,"1,2",,Symbols,"Identify music symbols (see the ""Learn"" level of the game)",none,1500,1700,-,,,,,
,Music Darts 4-Rhythm,"2.8,19",,,"2,3",,Rhythm-V,Name note and rest values through eighth notes and rests and eighth-note pairs ,1380,1880,2440,-,,,,,
,Music Symbol Match,"P.9,20 - 1.6 - 2.9",,,"P,1,2",,Symbols,Popular memory/concentration game format,160,350,400,325,,,,,
,Mystery Note 1 - Quiz Level NEEDED,"(2.4,9)",,,2,,Playback,Hear  CDE followed by one of the notes.  Play note on the onscreen keyboard,-,12, - ,-,,,,,
,Natural Minor Memory 1,4.8,,,"3,4",,Scales,"Hear, then play back random patterns in the A natural minor scale-on the staff",800,800,1000,-,,,,,
,Note Balloons 1,P.19,,,P,,Pitch-V,Identify Treble CDEFG,300,300,3000,-,,,,,
,Note Balloons 2,1.2,,,"P,1",,Pitch-V,Identify Treble & Bass CDEFG ,300,400,4000,-,,,,,
,Note Flakes 1,3.7,,,"3,4",,Pitch-V,Read and name all treble notes, - ,1850,2500,-,,,,,
,Note Flakes 2,"3.11,15",,,"3,4",,Pitch-V,See several notes on bass staff.  Which note is the letter shown?,-,1850,2500,-,,,,,
,Note Flakes-Diatonic Intervals 1,"3.12,20 - 4.12,15",,,"3,4",,Intervals-V,"Identify 2nds through octaves, Major and Perfect, on the staff",600,1850,3000,-,,,,,
,Note Flakes-Diatonic Intervals 2,"5.7,10",,,"4,5",,Intervals-V,"Identify M & mi 2nds and 3rds, Perfect 4ths and 5ths",1800,1850,2300,-,,,,,
,Order Me Up 1,"3.11,19 - 4.16,19",,,"3,4",,Scales,Name the order of the flats as they appear in key signatures,700,1350,1900,-,,,,,
,Order Me Up 2,"3.12,19 - 4.17,20",,,"3,4",,Scales,Name the order of the sharps as they appear in key signatures,700,1350,1900,-,,,,,
,Page Turner Keyboard 1,P.18 - 1.1,M,,"P,1",,Scales,Read and play the notes of the C Major pentascale-Middle CDEFG,20,180,4000,-,,,,,
,Page Turner Keyboard 2,"P.19 - 1.2,5",M,,"P,1",,Scales,Read and play the notes of the C Major pentascale-Bass CDEFG ,20,200,3800,4000,,,,,
,Page Turner Keyboard 3,"P.19 - 1.3,8",M,,"P,1",,Scales,Read and play the notes Middle CBAGF ,1850,2300,2700,-,,,,,
,Page Turner Keyboard 4,1.9,,,"1,2",,Scales,Read and play the notes of the Treble G Major pentascale-GABCD,1850,1850,2700,-,,,,,
,Page Turner Keyboard 5,"1.12,15",,,"1,2",,Scales,Read and play the notes of the Bass G Major pentascale-GABCD,1850,1850,2700,-,,,,,
,Page Turner Keyboard 6,"1.16,18 - 2.8",,,"1,2",,Scales,Read and play the notes of the middle G Major pentascale-GABCD,1850,1850,2700,-,,,,,
,Page Turner Letters 1,"P.18,20",,,P,,Pitch-V,Name the notes of the Middle C Pentascale ,20,1800,3000,-,,,,,
,Page Turner Letters 2,"P.19,20",,,P,,Pitch-V,Name the notes of the Bass C Pentascale ,20,1800,3000,-,,,,,
,Page Turner Letters 3,P.16 - 1.4,,,"P,1",,Pitch-V,Name the treble staff spaces,20,2000,3000,3000,,,,,
,Page Turner Letters 4,P.17 - 1.4,,,"P,1",,Pitch-V,Name the treble staff lines,2000,2000,3000,3000,,,,,
,Page Turner Letters 5,1.7,,,"P,1",,Pitch-V,Name the bass staff spaces,20,25,270,3000,,,,,
,Page Turner Letters 6,1.7,,,"P,1",,Pitch-V,Name the bass staff lines,20,25,300,3000,,,,,
,Page Turner Letters 7,"1.8,12",,,1,,Pitch-V,Name the notes of the treble C pentascale,18,1350,1850,-,,,,,
,Pattern Reading 1,"1.3,9",,,1,,Pitch-V,Read & play Steps and Repeats (treble pitches) ,250,300,300,-,,,,,
,Pattern Reading 2,"1.4,10",,,1,,Pitch-V,Read & play Steps and Repeats (bass pitches) ,260,300,300,-,,,,,
,Pentascale Toolbox 1,"1.16,20 - 2.6,12",,,"1,2",,Scales,Visually identify Major pentascales starting on white keys,1350,1850,1900,-,,,,,
,Pentascale Toolbox 2,2.17 - 3.4,,,"2,3",,Scales,Visually identify C G F D Major and minor pentascales ,1350,1850,1900,-,,,,,
,Pentascale Toolbox 3,"2.18 - 3.7,10",,,"2,3",,Scales,Visually identify D A E F Major and minor pentascales ,1350,1850,1900,-,,,,,
,Pick the Pattern 1,"2.2,8",,,2,,Pitch-A,See two 4-note pitch patterns with 2nds & 3rds and tell which one was played,10,90,100,-,,,,,
,Pick the Pattern 2,"3.8,10",,,"2,3",,Pitch-A,See three 4-note pitch patterns with steps & skips and tell which one was played,10,90,100,-,,,,,
,Pick the Pattern Forte Piano,"P.7,10 - 1.11",,,"P,1",,Pitch-A,"Hear, then identify each chord in a 4-chord pattern as forte or piano.",65,85,900,-,,,,,
,Pick the Pattern Loud Soft,"P.3,5",,,P,,Pitch-A,"Hear, then identify each chord in a 4-chord pattern as loud or soft.",65,85,90,-,,,,,
,Pitch Detective 1,"4.2,5",,,"3,4",,Pitch-A,Melodic Dictation: C-F-G Major pentascales 2nds and 3rds,450,850,1050,-,,,,,
,Pitch Detective 2,"4.16,20 - 5.4,10",,,"3,4,5",,Pitch-A,"Melodic Dictation: C-F-G Major pentascales-treble & bass-2nds, 3rds single notes",450,850,1050,-,,,,,
,Pitch Detective 3, - ,,,5,,Pitch-A, - , - , - , - , - ,,,,,
,Pitch Detective 4, - ,,,5,,Pitch-A, -, - , - , - , - ,,,,,
,Practice Buddy 1,"1.16,18",,,"1,2",,Pitch-A,Error detection -- hear a phrase from a folk tune and find the error on the notated page,  -  ,800,800,-,,,,,
,Random Rhythms 1,"4.18,20 - 5.3,8",,,"4,5",,Rhythm-A,"Aurally identify notated eighth, dotted eighth-16th, triplets and various 16th note patterns",1050,1350,1400,-,,,,,
,Relatively Speaking 1,"3.14 - 4.3,10 - 5.3,5",,,4,,Scales,"Identify the key signature and play the keynote:  a, e, d and b minor",1350,1850,1900,-,,,,,
,Rhythm Factory 1,"2.11,15",,,2,,Rhythm-A,Hear and see a 2-measure rhythm--are they the same or different? Quarter & eighth-note pairs 3/4,1200,1200,1200, - ,,,,,
,Rhythm Factory 2,"3.2,3",,,2,,Rhythm-A,Hear and see a 2-measure rhythm--are they the same or different? Quarter notes & eighth-note pairs 4/4,1200,1200,1200,-,,,,,
,Rhythm Factory 3,"3.7,15",,,3,,Rhythm-A,"Hear & see a 2-measure rhythm.  Are they the same or different? Quarter notes & rests, eighth note pairs",1200,1200,1200,-,,,,,
,Rhythm Factory 4,"3.19 - 4.2,7",,,"3,4",,Rhythm-A,Hear two rhythms that include groups of four 16th notes and tell which one was played,1100,1150,1200,-,,,,,
,Rhythm Finder 1,"3.2,5 - 4.6,12",,,"3,4",,Rhythm-A,Rhythmic dictation in patterns including 8th-note pairs,450,600,700,-,,,,,
,Rhythm Math 1,"2.4,10 - 3.13,15 - 4.9",,,"2,3",,Rhythm-V,Supply the missing note or rest in a measure.  Note & rest values through eighth-note pairs,1100,1400,1850,-,,,,,
,Rhythm Math 5, - ,,,5,,Rhythm-V, - , - , - , - , - ,,,,,
,Rhythm Pix 1,"P.6,10 - 1.1",,,P,,Rhythm-A,Is this rhythm the same or different from the one you hear? Quarter notes and rests,80,1000,1200,-,,,,,
,Rhythm Pix 2,"2.3,5",,,2,,Rhythm-A,Is this rhythm the same or different from the one you hear? Quarter notes and eighth-note pairs,80,110,1500,-,,,,,
,Rhythm Pix 3,"2.18,20 - 3.1",,,"2,3",,Rhythm-A,"Same or different from the one you hear? Quarter notes, rests, eighth note pairs and ties ",110,160,180,-,,,,,
,Rhythm Pix 4,"3.4,7",,,"2,3",,Rhythm-A,"Is this rhythm the same or different from the one you hear? Quarter notes, rests, dotted quarter-eighth note  ",110,160,180,-,,,,,
,Rhythm Pop 1,"P.7,10",,,P,,Rhythm-V,"How many beats?  Quarter, half, and whole notes",1050,1100,1200,-,,,,,
,Rhythm Pop 1A,"P.12,14 - 1.1",,,P,,Rhythm-V,"How many beats?  Quarter, half, dotted half and whole notes",1400,1800,2000,-,,,,,
,Rhythm Pop 2,"1.4,5",,,"P,1",,Rhythm-V,"How many beats?  Quarter, half, dotted half and whole notes, and quarter rests ",1400,1800,2000,-,,,,,
,Rhythm Pop 3,"1.8,10 - 2.1",,,"1,2",,Rhythm-V,How many beats? - Adds half and whole rests and ties ,1850,2300,2850,-,,,,,
,Rhythm Pop 4,"3.7,10",,,"2,3",,Rhythm-V,"How many beats? - Adds dotted quarter, eighth note & rest, plus eighth-note pairs",1850,2350,2700,-,,,,,
,Rhythm Pop 5,"3.14,18 - 4.1",,,"3,4",,Rhythm-V,How many beats? - note values in 3-8 and 6-8,1800,2350,2700,-,,,,,
,Rhythm Rally 1,"P.8,11",,,P,,Rhythm-A,Which one-measure rhythm is played?  Quarter notes and quarter rests,8,9,10,-,,,,,
,Rhythm Rally 1A,P.9,,,P,,Rhythm-A,Which one-measure rhythm is played?  Quarter notes and half notes,10,10,10,-,,,,,
,Rhythm Rally 2,"P.12,15 - 1.7",,,1,,Rhythm-A,"Which one-measure rhythm is played?  Quarter, half, dotted half and whole notes. ",8,9,1000,-,,,,,
,Rhythm Regatta 1,"1.9,12",,,1,,Rhythm-A,"See 2 rhythms, choose which one you hear.  Quarter, half, dotted half, whole notes.",800,1200,1200,-,,,,,
,Rhythm Regatta 2,"1.13,15 - 2.1",,,1,,Rhythm-A,"See 2 rhythms, choose which one you hear.  Quarter notes and rests, half notes and rests. ",800,1200,1200,-,,,,,
,Rhythm Regatta 3,"2.4,10",,,2,,Rhythm-A,Hear a rhythm and choose which notated pattern was played.Quarter notes and eighth-note pairs,800,1200,1200,-,,,,,
,Rhythm Regatta 4,"2.13,19 - 3.2,5",,,"2,3",,Rhythm-A,Which one-measure rhythm is played?  Quarter tied to eighth-note pairs,1200,1350,1900,-,,,,,
,Rhythm Regatta 5,"3.7,10",,,"2,3",,Rhythm-A,"Hear a rhythm and choose which notated pattern was played.Quarter notes, dotted quarter- eighth-notes",1200,1350,1900,-,,,,,
,Rhythm Riff 1,"5.11,15",,,5,,Rhythm-A,"See a rhythm.  Hear 5 rhythms. Which one is played? Include triplets, 16th patterns",1000,1350,1600,-,,,,,
,Rhythm Rockets 1,"1.13,17 - 2.1",,,"1,2",,Rhythm-A,"See a rhythm, then choose from 4 rhythms you hear: Quarter notes & rests",800,1100,1200,-,,,,,
,Rhythm Rockets 2,"2.12,18",,,"2,3",,Rhythm-A,"Hear, then identify patterns of quarter notes and eighth-note pairs",1000,1400,1800,-,,,,,
,Rhythm Rockets 3,"3.8,12 - 4.9",,,"3,4",,Rhythm-A,"Hear then identify patterns of quarter notes, dotted quarter notes, eighths & eighth-note pairs",1050,1400,1600,-,,,,,
,Rhythm Rockets 4,"3.18 - 4.6,12 - 5.1",,,"3,4",,Rhythm-A,Hear 4 rhythms and choose which one matches the written rhythm - triplets,1050,1400,1800,-,,,,,
,Rhythm Rockets 5,"4.8,17 - 5.2",,,"4,5",,Rhythm-A,Hear 4 rhythms and choose which one matches the written rhythm - 16th-note patterns,1000,1400,1850,-,,,,,
,Rhythm Writer 1,P.13,,,P,,Rhythm-V,Place Barlines in the right places in 4-4 time,50,50,50,-,,,,,
,Rhythm Writer 2,P.19 - 1.1,,,P,,Rhythm-V,"Add the beats in a measure, then drag the one note that completes the measure",50,50,50,-,,,,,
,Rhythm Writer 3,"1.9,10 - 2.1",,,1,,Rhythm-V,Place Barlines and do the math in 4-4 time,70,70,70,-,,,,,
,Rhythm Writer 4,"3.8,12 - 4.6",,,"3,4",,Rhythm-V,Place the barlines in 3-4 and 4-4 rhythms with eighth-note syncopation,65,90,110,-,,,,,
,Rhythm Writer 5,"3.14,17",,,"3,4",,Rhythm-V,Place the barlines in 3-8 rhythms,65,90,110,-,,,,,
,Rhythm Writer 6,"3.16,20 - 4.1 - 5.1",,,"3,4",,Rhythm-V,Place the barlines in 6-8 rhythms,65,90,110,-,,,,,
,Scale Family Picnic 1,"3.18 - 4.4,10 - 5.5",,,"3,4,5",,Scales,Write Major scales through 4 sharps by placing the sharps,850,1050,1350,-,,,,,
,Scale Family Picnic 2,"3.19 - 4.14,20 - 5.13",,,"3,4,5",,Scales,Write Major scales through 4 flats by placing the flats,850,1050,1350,-,,,,,
,Scale Family Picnic 3,"4.11,17 - 5.7,15",,,"4,5",,Scales,"Write C, G, D & F Major scales and a, e, d & b natural minor scales",850,1050,1100,-,,,,,
,Scale Family Picnic 4,"5.8,16",,,"5,6",,Scales,"Write a, e, d and b minor natural & harmonic minor scales",850,1050,1100,-,,,,,
,Smiley & Friends-Rhythm 1,"P.2,4",,,P,,Rhythm-A,Aural matching of quarter note and quarter rest patterns.,8,10,100,-,,,,,
,Smiley and Friends 1,"P.1,5",,,P,,Pitch-A,Hear Tunes -- Same or different,6,10,100,-,,,,,
,Smiley and Friends 2,"P.6,10",,,P,,Pitch-A,Hear Two note patterns -- Same or different?,8,10,100,-,,,,,
,Snowball Stems 1,"1.2,5 - 2.2",,,"P,1,2",,Symbols,Identify whether the stem direction of a note is correct or incorrect. ,1300,2300,3000,-,,,,,
,Song Birds 1,P.2,,,P,,Playback,Hear and play back random patterns of DO - RE -- pre-staff,-,6,6,6,,,,,
,Song Birds 2,"P.3,5",,,P,,Playback,Hear and play back random patterns of DO - RE - MI -- pre-staff,-,7,7,7,,,,,
,Song Birds 3,"P.7,10",,,P,,Playback,Hear and play back random patterns of DO - RE - MI - SOL -- pre-staff,-,8,8,7,,,,,
,Song Birds 4,"P.18,20 - 1.1",,,1,,Playback,Hear and play back random patterns of DO - RE - MI - FA - SOL -- pre-staff,-,9,8,7,,,,,
,Songbirds High and Low,"P.1,5",,,P,,Pitch-A,Identify high sounds and low sounds,6,600,600,-,,,,,
,Songbirds Major & minor,"2.16,19",,,"1,2",,Scales,Aurally identify pentascales as Major or minor,100,500,600,-,,,,,
,Staff Birds 1,P.8,,,P,,Playback,Hear and play back random patterns of C and D -- birds on staff,-,9,7,-,,,,,
,Staff Birds 2,"P.12,15",,,P,,Playback,Hear and play back random patterns of C  D  E -- birds on staff,-,10,8,-,,,,,
,Staff Birds 3,P.13,,,P,,Playback,Hear and play back random patterns of F  G  A -- birds on staff,-,10,8,-,,,,,
,Staff Birds 4,P.17,,,1,,Playback,Hear and play back random patterns of 4 notes C D E G-- birds on staff,-,10,7,-,,,,,
,Staff Birds 5,n/a,,,1,,Playback,Hear and play back random patterns of 4 notes F G A C-- birds on staff,-,10,7,-,,,,,
,Staff Birds 6,1.11,,,1,,Playback,Hear and play back random patterns of 4 notes G A B D-- birds on staff,-,10,7,-,,,,,
,Staff Birds 7,"1.6,10",,,1,,Playback,Hear and play back random patterns of 5 notes C D E F G-- birds on staff,-,10,8,-,,,,,
,Staff Birds 8,"1.13,15",,,1,,Playback,Hear and play back random patterns of 5 notes G A B C D-- birds on staff,-,10,8,-,,,,,
,Steady As She Goes,"P.3,5",,,"P,1",,Rhythm-A,Hear a portion of a song. Is the beat steady or unsteady?,900,950,1300,-,,,,,
,Step Right Up 1,P.14,,,P,,Intervals-V,Visually identify notes as on lines or spaces ,1300,1800,1800,-,,,,,
,Step Right Up 2,P.14,,,P,,Intervals-V,"Visually identify two notes as a step up, step down and the same ",1300,1800,1800,-,,,,,
,Step Right Up 3,"P.17,20 - 1.1",,,"P,1",,Intervals-V,"Visually identify two notes as a step up, step down or skip up and skip down ",1750,2300,2300,-,,,,,
,Sticky Stockings 1,"2.2,5 - 3.2",,,"2,3",,Intervals-A,"Hear & identify 2nds, 3rds, 4ths & 5ths  - same roots",500,400,2500,-,,,,,
,Sticky Stockings 2,"4.2,9",,,"3,4",,Intervals-A,"Hear & identify 5ths, 6ths, 7ths and octaves  - same roots",500,400,2500,-,,,,,
,Storm Chasers 1,"P.1,5",,,P,,Pitch-A,Aurally identify Up and Down,70,900,1000,-,,,,,
,Storm Chasers 2,"P.6,8",,,"P,1",,Pitch-A,"Up, Down, Same",70,900,1000,-,,,,,
,Storm Chasers 3,"P.14,17 - 1.3,5",,,"P,1",,Pitch-A,Aurally identify whether a pitch pattern goes up or down by step or up or down by skip,1000,1200,1500,-,,,,,
,Super Monkey Intervals 1,"2.6,10",M,,"1,2",,Intervals-A,"Hear, then play 2nds through 5ths on the onscreen keyboard - C Major pentascale",200,225,300,-,,,,,
,Super Monkey Intervals 2,"2.14,20 - 3.1",M,,"1,2",,Intervals-A,"Hear, then play 2nds through 5ths on the onscreen keyboard - bass G Major pentascale",200,230,360,-,,,,,
,Surfin' Rhythms 1,"3.11,15",,,"3,4",,Rhythm-A,See 3 rhythms.  Which one is played? Quarter notes & eighth-note pairs 4/4 & 3/4,1000,1100,1300,-,,,,,
,Surfin' Rhythms 2,"4.3,5",,,"3,4",,Rhythm-A,"Hear a rhythm and choose from 3 written rhythms: quarter note,rest, 8th note pairs",1000,1350,1600,-,,,,,
,Surfin' Scales 1,"4.11,14 - 5.3,5",,,"4,5",,Scales,"See Major, Natural and Harmonic minor scales-Identify which is played",1000,1100,1400,-,,,,,
,Surfin' Scales 2,"4.17,20 - 5.14,17",,,"4,5,6",,Scales,"See Natural, Harmonic and Melodic minor scales-Identify which is played",1000,1100,1400,-,,,,,
,Time Signature Blimp 1,"P.13,16 - 1.7,10",,,"P,1",,Rhythm-V,See a melody and identify the time signature--3-4 and 4-4,1400,1900,1800,-,,,,,
,Time Signature Blimp 2,"1.14,20 - 2.1",,,1,,Rhythm-V,"See a melody and identify the time signature--3-4, 4-4, 5-4 and 6-4",1400,1900,2500,-,,,,,
,Tommy Tiger's 2's & 3's,P.1,,,P,,Keyboard,Identify the groups of 2 and 3 black keys on the keyboard,1350,1400,1500,-,,,,,
,Triad Launch 1,"3.11,14 - 4.1",,,"2,3",,Chords-V,Write major triads starting on white keys,1200,1700,2000,-,,,,,
,Triad Launch 2,"3.11,16 - 4.8,10",,,"3,4",,Chords-V,Write minor triads starting on white keys,1200,1700,2000,-,,,,,
,Triad Launch 3, - ,,,5,,Chords-V, - , - , - , - , - ,,,,,
,Triad Launch 4, - ,,,5,,Chords-V, - , - , - , - , - ,,,,,
,Tropical Triads 1,"3.16 - 4.8,19 - 5.2",,,"3,4",,Chords-A,Identify 4-chord patterns of Major and minor triads aurally and visually,3350,4600,5750,-,,,,,
,Tropical Triads 2, - ,,,5,,Chords-A, - , - , - , - , - ,,,,,
,Tumble Triads 1,"2.16,20 - 3.1",,,2,,Chords-A,Aurally identify chord quality:  Major and minor,1200,1350,2000,-,,,,,
,Tumble Triads 2,"3.4,5 - 4.1",,,3,,Chords-A,Aurally identify chord quality and answer by clicking the written triad:  Major and minor,1200,1350,2000,-,,,,,
,Tumble Triads 3,"5.11,14",,,"4,5",,Chords-A,Aurally identify Major and Augmented triads,1350,1650,1900,-,,,,,
,Tumble Triads 4,"5.13,17",,,"4,5",,Chords-A,Aurally identify minor and diminished triads,1350,1650,1800,-,,,,,
,Tumbleweeds 1,"4.3,7",,,"3,4",,Chords-A,"Hear I-V7-I, i-V7-i, I-IV-I and i-iv-i and identify whether the progression is Maj or min",1450,1850,1800,-,,,,,
,Undersea Intervals 1,P.17,,,P,,Intervals-V,Name Intervals - steps & skips,none,15,15,-,,,,,
,Undersea Intervals 2,"1.8,12",,,"P,1",,Intervals-V,Name Intervals - 2nds & 3rds,none,15,15,-,,,,,
,Underwater Clef Hanger,"2.7,14 - 3.1",,,"2,3",,Pitch-V,See a note on a line or space. Which clef makes it the displayed letter name?,800,1700,1800,-,,,,,
,Will Work for Peanuts 1,"1.8,10",,,"P,1",,Intervals-V,"Visually identify 2nds, 3rds, 4ths, & 5ths on the keyboard",1100,1150,1200,-,,,,,
,Will Work for Peanuts 2,"2.14,17 - 3.1",,,"2,3",,Intervals-V,"Visually identify 5ths, 6ths, 7ths and octaves on the keyboard",1100,1150,1200,-,,,,,