,,,,,,,,,,,,
,AS OF,DELIVERED,,,88%,MusicLearningCommunity.com,D-,88%,,,,
,7/2/2022,,ACTIVE,,N= No, Live System,,,,,,
,,,,PLAYS,,(See legend at bottom of last page),P-,73%,,,,
,GAME/STAGE,,,,MASTER,GAME,,STAGE,Problems,Date,,
,,,,,,,,,,,,
,GAM-0010-1E  ,D,A,P,GAM-0010,60 Second Club 1,#NAME?,#NAME?,,,,
,GAM-0010-2E  ,D,A,P,,,#NAME?,#NAME?,,,,
,GAM-0010-3E  ,D,A,P,,,#NAME?,#NAME?,,,,
,GAM-0010-4E  ,D,A,P,,,#NAME?,#NAME?,,,,
,GAM-0010-5E  ,D,A,P,,,#NAME?,#NAME?,,,,
,GAM-0020-1E  ,D,A,P,GAM-0020,60 Second Club 1 S,#NAME?,#NAME?,,,,
,GAM-0020-2E  ,D,A,P,,,#NAME?,#NAME?,,,,
,GAM-0020-3E  ,D,A,P,,,#NAME?,#NAME?,,,,
,GAM-0020-4E  ,D,A,P,,,#NAME?,#NAME?,,,,
,GAM-0020-5E  ,D,A,P,,,#NAME?,#NAME?,,,,
,GAM-0030-1E  ,D,A,P,GAM-0030,60 Second Club 2,#NAME?,#NAME?,,,,
,GAM-0030-2E  ,D,A,P,,,#NAME?,#NAME?,Eva Ingerson mistake on note  12-8-2021,,,
,GAM-0030-3E  ,D,A,P,,,#NAME?,#NAME?,One presenttion is wrong.  A middle C-flat (key=B) ,,,
,GAM-0030-4E  ,D,A,P,,,#NAME?,#NAME?,is wrong answer.  Probably note shown is supposed ,,,
,GAM-0030-5E  ,D,A,P,,,#NAME?,#NAME?,"to be a middle D-flat, but has line through the note.",,,
,GAM-0040-1E  ,D,A,P,GAM-0040,60 Second Club 2 S,#NAME?,#NAME?,,,,
,GAM-0040-2E  ,D,A,P,,,#NAME?,#NAME?,One presenttion is wrong.  A middle C-flat (key=B) ,,,
,GAM-0040-3E  ,D,A,P,,,#NAME?,#NAME?,is wrong answer.  Probably note shown is supposed ,,,
,GAM-0040-4E  ,D,A,P,,,#NAME?,#NAME?,"to be a middle D-flat, but has line through the note.",,,
,GAM-0040-5E  ,D,A,P,,,#NAME?,#NAME?,,,,
,GAM-0050-1E  ,D,A,P,GAM-0050,60 Second Club 3,#NAME?,#NAME?,,,,
,GAM-0050-2E  ,D,A,P,,,#NAME?,#NAME?,,,,
,GAM-0050-3E  ,D,A,P,,,#NAME?,#NAME?,,,,
,GAM-0050-4E  ,D,A,P,,,#NAME?,#NAME?,,,,
,GAM-0050-5E  ,D,A,P,,,#NAME?,#NAME?,,,,
,GAM-0060-1E,N,N,,GAM-0060,60 Second Club 4,#NAME?,#NAME?,,,,
,GAM-0060-2E,N,N,,,,#NAME?,#NAME?,,,,
,GAM-0060-3E,N,N,,,,#NAME?,#NAME?,,,,
,GAM-0060-4E,N,N,,,,#NAME?,#NAME?,,,,
,GAM-0060-5E,N,N,,,,#NAME?,#NAME?,,,,
,GAM-0070-1E  ,D,A,P,GAM-0070,Alpha Order Down,#NAME?,#NAME?,,,,
,GAM-0070-2E  ,D,A,P,,,#NAME?,#NAME?,,,,
,GAM-0070-3E  ,D,A,P,,,#NAME?,#NAME?,,,,
,GAM-0080-1E  ,D,A,P,GAM-0080,Alpha Order Up,#NAME?,#NAME?,,,,
,GAM-0080-2E  ,D,A,P,,,#NAME?,#NAME?,,,,
,GAM-0080-3E  ,D,A,P,,,#NAME?,#NAME?,,,,
,GAM-0090-1E,D,A,P,GAM-0090,Alpha Steps & Skips 1,#NAME?,#NAME?,,,,
,GAM-0090-2E,D,A,P,,,#NAME?,#NAME?,,,,
,GAM-0090-3E,D,A,P,,,#NAME?,#NAME?,,,,
,GAM-0090-5E,D,A,P,,,#NAME?,#NAME?,,,,
,GAM-0100-1E,D,A,P,GAM-0100,Alpha Steps & Skips 2,#NAME?,#NAME?,,,,
,GAM-0100-2E,D,A,P,,,#NAME?,#NAME?,,,,
,GAM-0100-3E,D,A,P,,,#NAME?,#NAME?,,,,
,GAM-0110-1E,D,A,P,GAM-0110,Alpha Steps & Skips 3,#NAME?,#NAME?,,,,
,GAM-0110-2E,D,A,P,,,#NAME?,#NAME?,,,,
,GAM-0110-3E,D,A,P,,,#NAME?,#NAME?,,,,
,GAM-0110-5E,N,N,,,,#NAME?,#NAME?,,,,
,GAM-0120-1E  ,D,A,P,GAM-0120,Beat the Clock - Intervals 1,#NAME?,#NAME?,,,,
,GAM-0120-2E  ,D,A,P,,,#NAME?,#NAME?,,,,
,GAM-0120-3E  ,D,A,P,,,#NAME?,#NAME?,,,,
,GAM-0120-5E  ,D,A,P,,,#NAME?,#NAME?,,,,
,GAM-0140-1E  ,D,A,P,GAM-0140,Beat the Clock - Intervals 2,#NAME?,#NAME?,,,,
,GAM-0140-2E  ,D,A,P,,,#NAME?,#NAME?,,,,
,GAM-0140-3E  ,D,A,P,,,#NAME?,#NAME?,,,,
,GAM-0140-5E  ,D,A,P,,,#NAME?,#NAME?,,,,
,GAM-0160-1E  ,D,A,P,GAM-0160,Beat the Clock - Pentascales 1,#NAME?,#NAME?,,,,
,GAM-0160-2E  ,D,A,P,,,#NAME?,#NAME?,,,,
,GAM-0160-3E  ,D,A,P,,,#NAME?,#NAME?,,,,
,GAM-0160-5E  ,D,A,P,,,#NAME?,#NAME?,,,,
,GAM-0170-1E  ,D,A,P,GAM-0170,Beat the Clock - Pentascales 2,#NAME?,#NAME?,,,,
,GAM-0170-2E  ,D,A,P,,,#NAME?,#NAME?,,,,
,GAM-0170-3E  ,D,A,P,,,#NAME?,#NAME?,,,,
,GAM-0170-5E  ,D,A,P,,,#NAME?,#NAME?,,,,
,GAM-0180-1E  ,D,A,P,GAM-0180,Beat the Clock - Triads 1,#NAME?,#NAME?,,,,
,GAM-0180-2E  ,D,A,P,,,#NAME?,#NAME?,,,,
,GAM-0180-3E  ,D,A,P,,,#NAME?,#NAME?,,,,
,GAM-0180-5E  ,D,A,P,,,#NAME?,#NAME?,,,,
,GAM-0200-1E  ,D,A,P,GAM-0200,Beat the Clock - Triads 2,#NAME?,#NAME?,,,,
,GAM-0200-2E  ,D,A,P,,,#NAME?,#NAME?,,,,
,GAM-0200-3E  ,D,A,P,,,#NAME?,#NAME?,,,,
,GAM-0200-5E  ,D,A,P,,,#NAME?,#NAME?,,,,
,GAM-0220-1E  ,D,A,P,GAM-0220,Beat the Clock - Triads 3,#NAME?,#NAME?,,,,
,GAM-0220-2E  ,D,A,P,,,#NAME?,#NAME?,,,,
,GAM-0220-3E  ,D,A,P,,,#NAME?,#NAME?,,,,
,GAM-0220-5E  ,D,A,P,,,#NAME?,#NAME?,,,,
,GAM-0240-1E  ,D,A,P,GAM-0240,Beat the Clock - Triads 4,#NAME?,#NAME?,,,,
,GAM-0240-2E  ,D,A,P,,,#NAME?,#NAME?,,,,
,GAM-0240-3E  ,D,A,P,,,#NAME?,#NAME?,,,,
,GAM-0260-1E  ,D,A,P,GAM-0260,Beat the Clock - Triads 5,#NAME?,#NAME?,,,,
,GAM-0260-2E  ,D,A,P,,,#NAME?,#NAME?,,,,
,GAM-0260-3E  ,D,A,P,,,#NAME?,#NAME?,,,,
,GAM-0270-1E  ,D,A,P,GAM-0270,Bumble Keys 1,#NAME?,#NAME?,,,,
,GAM-0270-2E  ,D,A,P,,,#NAME?,#NAME?,,,,
,GAM-0270-3E  ,D,A,P,,,#NAME?,#NAME?,,,,
,GAM-0270-4E  ,D,A,P,,,#NAME?,#NAME?,,,,
,GAM-0270-5E  ,D,A,P,,,#NAME?,#NAME?,,,,
,GAM-0280-1E  ,D,A,P,GAM-0280,Bumble Keys 1 S,#NAME?,#NAME?,,,,
,GAM-0280-2E  ,D,A,P,,,#NAME?,#NAME?,,,,
,GAM-0280-3E  ,D,A,P,,,#NAME?,#NAME?,,,,
,GAM-0280-4E  ,D,A,P,,,#NAME?,#NAME?,,,,
,GAM-0280-5E  ,D,A,P,,,#NAME?,#NAME?,,,,
,GAM-0300-1E  ,D,A,P,GAM-0300,Bumble Keys 2,#NAME?,#NAME?,,,,
,GAM-0300-2E  ,D,A,P,,,#NAME?,#NAME?,,,,
,GAM-0300-3E  ,D,A,P,,,#NAME?,#NAME?,,,,
,GAM-0300-4E  ,D,A,P,,,#NAME?,#NAME?,,,,
,GAM-0300-5E  ,D,A,P,,,#NAME?,#NAME?,,,,
,GAM-0310-1E  ,D,A,P,GAM-0310,Bumble Keys 2 S,#NAME?,#NAME?,,,,
,GAM-0310-2E  ,D,A,P,,,#NAME?,#NAME?,,,,
,GAM-0310-3E  ,D,A,P,,,#NAME?,#NAME?,,,,
,GAM-0310-4E  ,D,A,P,,,#NAME?,#NAME?,,,,
,GAM-0310-5E  ,D,A,P,,,#NAME?,#NAME?,,,,
,GAM-0330-1E  ,D,A,N,GAM-0330,Bumble Keys 3,#NAME?,#NAME?,C# has ledger,7/2/22,,
,GAM-0330-2E  ,D,A,N,,,#NAME?,#NAME?,line missing,7/2/22,,
,GAM-0330-3E  ,D,A,N,,,#NAME?,#NAME?,(note looks like,7/2/22,,
,GAM-0330-4E  ,D,A,N,,,#NAME?,#NAME?,D#),7/2/22,,
,GAM-0330-5E  ,D,A,N,,,#NAME?,#NAME?,,7/2/22,,
,GAM-0340-1E  ,D,A,P,GAM-0340,Bumble Keys 4,#NAME?,#NAME?,,,,
,GAM-0340-2E  ,D,A,P,,,#NAME?,#NAME?,,,,
,GAM-0340-3E  ,D,A,P,,,#NAME?,#NAME?,,,,
,GAM-0340-4E  ,D,A,P,,,#NAME?,#NAME?,,,,
,GAM-0340-5E  ,D,A,P,,,#NAME?,#NAME?,,,,
,GAM-0350-1E,N,N,,GAM-0350,Bumble Keys 5,#NAME?,#NAME?,,,,
,GAM-0350-2E,N,N,,,,#NAME?,#NAME?,,,,
,GAM-0350-3E,N,N,,,,#NAME?,#NAME?,,,,
,GAM-0350-4E,N,N,,,,#NAME?,#NAME?,,,,
,GAM-0350-5E,N,N,,,,#NAME?,#NAME?,,,,
,GAM-0360-1E,D,A,P,GAM-0360,Cannon Intervals 1,#NAME?,#NAME?,Blank Screen,11/11/21,,
,GAM-0360-2E,D,A,P,,,#NAME?,#NAME?,Blank Screen,11/11/21,keyboard fails,2/3/2022
,GAM-0360-3E,D,A,P,,,#NAME?,#NAME?,Blank Screen,11/11/21,to show note,2/3/2022
,GAM-0360-5E,D,A,P,,,#NAME?,#NAME?,Blank Screen,11/11/21,interval,2/3/2022
,GAM-0370-1E,D,A,P,GAM-0370,Cannon Intervals 2,#NAME?,#NAME?,Blank Screen,11/11/21,,
,GAM-0370-2E,D,A,P,,,#NAME?,#NAME?,Blank Screen,11/11/21,keyboard fails,2/3/2022
,GAM-0370-3E,D,A,P,,,#NAME?,#NAME?,Blank Screen,11/11/21,to show note,2/3/2022
,GAM-0370-5E,D,A,P,,,#NAME?,#NAME?,Blank Screen,11/11/21,interval,2/3/2022
,GAM-0380-1E,D,A,P,GAM-0380,Cannon Intervals 3,#NAME?,#NAME?,Blank Screen,11/11/21,,
,GAM-0380-2E,D,A,P,,,#NAME?,#NAME?,Blank Screen,11/11/21,keyboard fails,2/3/2022
,GAM-0380-3E,D,A,P,,,#NAME?,#NAME?,Blank Screen,11/11/21,to show note,2/3/2022
,GAM-0380-5E,D,A,P,,,#NAME?,#NAME?,Blank Screen,11/11/21,interval,2/3/2022
,GAM-0390-1E,D,A,P,GAM-0390,Cannon Intervals 4,#NAME?,#NAME?,Blank Screen,11/11/21,,
,GAM-0390-2E,D,A,P,,,#NAME?,#NAME?,Blank Screen,11/11/21,keyboard fails,2/3/2022
,GAM-0390-3E,D,A,P,,,#NAME?,#NAME?,Blank Screen,11/11/21,to show note,2/3/2022
,GAM-0390-5E,D,A,P,,,#NAME?,#NAME?,Blank Screen,11/11/21,interval,2/3/2022
,GAM-0400-1E,D,A,P,GAM-0400,Catch the Coconut 1,#NAME?,#NAME?,,,,
,GAM-0400-2E,D,A,P,,,#NAME?,#NAME?,,,,
,GAM-0400-3E,D,A,P,,,#NAME?,#NAME?,,,,
,GAM-0400-5E,D,A,P,,,#NAME?,#NAME?,,,,
,GAM-0410-1E,D,A,P,GAM-0410,Catch the Coconut 2,#NAME?,#NAME?,,,,
,GAM-0410-2E,D,A,P,,,#NAME?,#NAME?,,,,
,GAM-0410-3E,D,A,P,,,#NAME?,#NAME?,,,,
,GAM-0410-5E,D,A,P,,,#NAME?,#NAME?,,,,
,GAM-0420-1E,D,A,P,GAM-0420,Catch the Coconut 3,#NAME?,#NAME?,,,,
,GAM-0420-2E,D,A,P,,,#NAME?,#NAME?,,,,
,GAM-0420-3E,D,A,P,,,#NAME?,#NAME?,,,,
,GAM-0420-5E,D,A,P,,,#NAME?,#NAME?,,,,
,GAM-0430-1E,D,A,P,GAM-0430,Catch the Coconut 4,#NAME?,#NAME?,,,,
,GAM-0430-2E,D,A,P,,,#NAME?,#NAME?,,,,
,GAM-0430-3E,D,A,P,,,#NAME?,#NAME?,,,,
,GAM-0430-5E,D,A,P,,,#NAME?,#NAME?,,,,
,GAM-0440-1E,D,A,N,GAM-0440,Circle of Fifths 1,#NAME?,#NAME?,Blank Screen,7/2/22,,
,GAM-0440-2E,D,A,N,,,#NAME?,#NAME?,Blank Screen,7/2/22,,
,GAM-0440-3E,D,A,N,,,#NAME?,#NAME?,Blank Screen,7/2/22,,
,GAM-0440-5E,D,A,N,,,#NAME?,#NAME?,Blank Screen,7/2/22,,
,GAM-0450-1E,D,A,N,GAM-0450,Circle of Fifths 2,#NAME?,#NAME?,Blank Screen,7/2/22,,
,GAM-0450-2E,D,A,N,,,#NAME?,#NAME?,Blank Screen,7/2/22,,
,GAM-0450-3E,D,A,N,,,#NAME?,#NAME?,Blank Screen,7/2/22,,
,GAM-0450-5E,D,A,N,,,#NAME?,#NAME?,Blank Screen,7/2/22,,
,GAM-0470-1E,D,A,N,GAM-0470,Climbing 7ths 1,#NAME?,#NAME?,Blank Screen,7/2/22,,
,GAM-0470-2E,D,A,N,,,#NAME?,#NAME?,Blank Screen,7/2/22,,
,GAM-0470-3E,D,A,N,,,#NAME?,#NAME?,Blank Screen,7/2/22,,
,GAM-0470-5E,D,A,N,,,#NAME?,#NAME?,Blank Screen,7/2/22,,
,GAM-0490-1E,D,A,N,GAM-0490,Climbing 7ths 2,#NAME?,#NAME?,Blank Screen,7/2/22,,
,GAM-0490-2E,D,A,N,,,#NAME?,#NAME?,Blank Screen,7/2/22,,
,GAM-0490-3E,D,A,N,,,#NAME?,#NAME?,Blank Screen,7/2/22,,
,GAM-0490-5E,D,A,N,,,#NAME?,#NAME?,Blank Screen,7/2/22,,
,GAM-0500-1E,D,A,P,GAM-0500,Climbing High,#NAME?,#NAME?,,,,
,GAM-0500-2E,D,A,P,,,#NAME?,#NAME?,,,,
,GAM-0500-3E,D,A,P,,,#NAME?,#NAME?,,,,
,GAM-0500-5E,D,A,P,,,#NAME?,#NAME?,,,,
,GAM-0520-1E,D,A,P,GAM-0520,Climbing High 2,#NAME?,#NAME?,,,,
,GAM-0520-2E,D,A,P,,,#NAME?,#NAME?,,,,
,GAM-0520-3E,D,A,P,,,#NAME?,#NAME?,,,,
,GAM-0520-5E,D,A,P,,,#NAME?,#NAME?,,,,
,GAM-0540-1E,D,A,P,GAM-0540,Climbing Higher 1,#NAME?,#NAME?,,,,
,GAM-0540-2E,D,A,P,,,#NAME?,#NAME?,,,,
,GAM-0540-3E,D,A,P,,,#NAME?,#NAME?,,,,
,GAM-0540-5E,D,A,P,,,#NAME?,#NAME?,,,,
,GAM-0550-1E,D,A,P,GAM-0550,Climbing Higher 2,#NAME?,#NAME?,,,,
,GAM-0550-2E,D,A,P,,,#NAME?,#NAME?,,,,
,GAM-0550-3E,D,A,P,,,#NAME?,#NAME?,,,,
,GAM-0550-5E,D,A,P,,,#NAME?,#NAME?,,,,
,GAM-0560-1E,D,A,P,GAM-0560,Climbing Higher 3,#NAME?,#NAME?,,,,
,GAM-0560-2E,D,A,P,,,#NAME?,#NAME?,,,,
,GAM-0560-3E,D,A,P,,,#NAME?,#NAME?,,,,
,GAM-0560-5E,D,A,P,,,#NAME?,#NAME?,,,,
,GAM-0570-1E,N,N,,GAM-0570,Cosmic Key Signatures 1,#NAME?,#NAME?,,,,
,GAM-0570-2E,N,N,,,,#NAME?,#NAME?,,,,
,GAM-0570-3E,N,N,,,,#NAME?,#NAME?,,,,
,GAM-0570-5E,N,N,,,,#NAME?,#NAME?,,,,
,GAM-0580-1E,N,N,,GAM-0580,Cosmic Key Signatures 2,#NAME?,#NAME?,,,,
,GAM-0580-2E,N,N,,,,#NAME?,#NAME?,,,,
,GAM-0580-3E,N,N,,,,#NAME?,#NAME?,,,,
,GAM-0580-5E,N,N,,,,#NAME?,#NAME?,,,,
,GAM-0590-1E  ,D,A,P,GAM-0590,Downhill Rhythms 1,#NAME?,#NAME?,,,,
,GAM-0590-2E  ,D,A,P,,,#NAME?,#NAME?,,,,
,GAM-0590-3E  ,D,A,P,,,#NAME?,#NAME?,,,,
,GAM-0590-5E  ,D,A,P,,,#NAME?,#NAME?,,,,
,GAM-0600-1E ,D,A,P,GAM-0600,Downhill Rhythms 2,#NAME?,#NAME?,,,,
,GAM-0600-2E  ,D,A,P,,,#NAME?,#NAME?,,,,
,GAM-0600-3E  ,D,A,P,,,#NAME?,#NAME?,,,,
,GAM-0600-5E  ,D,A,P,,,#NAME?,#NAME?,,,,
,GAM-0610-1E  ,D,A,P,GAM-0610,Downhill Rhythms 3,#NAME?,#NAME?,,,,
,GAM-0610-2E  ,D,A,P,,,#NAME?,#NAME?,,,,
,GAM-0610-3E  ,D,A,P,,,#NAME?,#NAME?,,,,
,GAM-0610-5E  ,D,A,P,,,#NAME?,#NAME?,,,,
,GAM-0620-1E  ,D,A,P,GAM-0620,Downhill Rhythms 4,#NAME?,#NAME?,,,,
,GAM-0620-2E  ,D,A,P,,,#NAME?,#NAME?,,,,
,GAM-0620-3E  ,D,A,P,,,#NAME?,#NAME?,,,,
,GAM-0620-5E  ,D,A,P,,,#NAME?,#NAME?,,,,
,GAM-0630-1E  ,D,A,P,GAM-0630,Downhill Rhythms 5,#NAME?,#NAME?,,,,
,GAM-0630-2E  ,D,A,P,,,#NAME?,#NAME?,,,,
,GAM-0630-3E  ,D,A,P,,,#NAME?,#NAME?,,,,
,GAM-0630-5E  ,D,A,P,,,#NAME?,#NAME?,,,,
,GAM-0640-1E,D,A,N,GAM-0640,Evergreen Scales 3,#NAME?,#NAME?,Blank Screen,7/2/22,,
,GAM-0640-2E,D,A,N,,,#NAME?,#NAME?,Blank Screen,7/2/22,,
,GAM-0640-3E,D,A,N,,,#NAME?,#NAME?,Blank Screen,7/2/22,,
,GAM-0640-5E,D,A,N,,,#NAME?,#NAME?,Blank Screen,7/2/22,,
,GAM-0650-1E,D,A,A,GAM-0650,Falling Chords 1,#NAME?,#NAME?,,,,
,GAM-0650-2E,D,A,A,,,#NAME?,#NAME?,,,,
,GAM-0650-3E,D,A,A,,,#NAME?,#NAME?,,,,
,GAM-0650-5E,D,A,A,,,#NAME?,#NAME?,,,,
,GAM-0660-1E,D,A,A,GAM-0660,Falling Chords 2,#NAME?,#NAME?,,,,
,GAM-0660-2E,D,A,A,,,#NAME?,#NAME?,,,,
,GAM-0660-3E,D,A,A,,,#NAME?,#NAME?,,,,
,GAM-0660-5E,D,A,A,,,#NAME?,#NAME?,,,,
,GAM-0670-1E,D,A,A,GAM-0670,Falling Chords 3,#NAME?,#NAME?,,,,
,GAM-0670-2E,D,A,A,,,#NAME?,#NAME?,,,,
,GAM-0670-3E,D,A,A,,,#NAME?,#NAME?,,,,
,GAM-0670-5E,D,A,A,,,#NAME?,#NAME?,,,,
,GAM-0680-1E,D,A,A,GAM-0680,Falling Chords 4,#NAME?,#NAME?,,,,
,GAM-0680-2E,D,A,A,,,#NAME?,#NAME?,,,,
,GAM-0680-3E,D,A,A,,,#NAME?,#NAME?,,,,
,GAM-0680-5E,D,A,A,,,#NAME?,#NAME?,,,,
,GAM-0690-1E,D,A,P,GAM-0690,Falling Chords 5,#NAME?,#NAME?,,,,
,GAM-0690-2E,D,A,P,,,#NAME?,#NAME?,,,,
,GAM-0690-3E,D,A,P,,,#NAME?,#NAME?,,,,
,GAM-0690-5E,D,A,P,,,#NAME?,#NAME?,,,,
,GAM-0700-1E  ,D,A,P,GAM-0700,Falling Symbols 1,#NAME?,#NAME?,,,,
,GAM-0700-2E  ,D,A,P,,,#NAME?,#NAME?,,,,
,GAM-0700-3E  ,D,A,P,,,#NAME?,#NAME?,,,,
,GAM-0700-5E  ,D,A,P,,,#NAME?,#NAME?,,,,
,GAM-0710-1E,D,A,P,GAM-0710,Falling Symbols 2,#NAME?,#NAME?,,,,
,GAM-0710-2E,D,A,P,,,#NAME?,#NAME?,,,,
,GAM-0710-3E,D,A,P,,,#NAME?,#NAME?,,,,
,GAM-0710-5E,D,A,P,,,#NAME?,#NAME?,,,,
,GAM-0720-1E,D,A,P,GAM-0720,Falling Symbols 3,#NAME?,#NAME?,,,,
,GAM-0720-2E,D,A,P,,,#NAME?,#NAME?,,,,
,GAM-0720-3E,D,A,P,,,#NAME?,#NAME?,,,,
,GAM-0720-5E,D,A,P,,,#NAME?,#NAME?,,,,
,GAM-0730-1E,D,A,P,GAM-0730,Falling Symbols 4,#NAME?,#NAME?,,,,
,GAM-0730-2E,D,A,P,,,#NAME?,#NAME?,,,,
,GAM-0730-3E,D,A,P,,,#NAME?,#NAME?,,,,
,GAM-0730-5E,D,A,P,,,#NAME?,#NAME?,,,,
,GAM-0740-1E,D,A,P,GAM-0740,Falling Symbols 5,#NAME?,#NAME?,,,,
,GAM-0740-2E,D,A,P,,,#NAME?,#NAME?,,,,
,GAM-0740-3E,D,A,P,,,#NAME?,#NAME?,,,,
,GAM-0740-5E,D,A,P,,,#NAME?,#NAME?,,,,
,GAM-0750-1E  ,D,A,P,GAM-0750,Faster-Slower-Same 1,#NAME?,#NAME?,,,,
,GAM-0750-2E  ,D,A,P,,,#NAME?,#NAME?,,,,
,GAM-0750-3E  ,D,A,P,,,#NAME?,#NAME?,,,,
,GAM-0760-1E  ,D,A,P,GAM-0760,Faster-Slower-Same 2,#NAME?,#NAME?,,,,
,GAM-0760-2E  ,D,A,P,,,#NAME?,#NAME?,,,,
,GAM-0760-3E  ,D,A,P,,,#NAME?,#NAME?,,,,
,GAM-0760-5E  ,D,A,P,,,#NAME?,#NAME?,,,,
,GAM-0770-1E  ,D,A,P,GAM-0770,Faster-Slower-Same 3,#NAME?,#NAME?,,,,
,GAM-0770-2E  ,D,A,P,,,#NAME?,#NAME?,,,,
,GAM-0770-3E  ,D,A,P,,,#NAME?,#NAME?,,,,
,GAM-0780-1E,D,A,P,GAM-0780,Finger Finder,#NAME?,#NAME?,,,,
,GAM-0780-2E,D,A,P,,,#NAME?,#NAME?,,,,
,GAM-0780-3E,D,A,P,,,#NAME?,#NAME?,,,,
,GAM-0780-5E,D,A,P,,,#NAME?,#NAME?,,,,
,GAM-0790-1E  ,D,A,P,GAM-0790,Float a Note 1,#NAME?,#NAME?,,,,
,GAM-0790-2E  ,D,A,P,,,#NAME?,#NAME?,,,,
,GAM-0790-3E  ,D,A,P,,,#NAME?,#NAME?,,,,
,GAM-0790-5E  ,D,A,P,,,#NAME?,#NAME?,,,,
,GAM-0800-1E  ,D,A,P,GAM-0800,Float a Note 1 S,#NAME?,#NAME?,,,,
,GAM-0800-2E  ,D,A,P,,,#NAME?,#NAME?,,,,
,GAM-0800-3E  ,D,A,P,,,#NAME?,#NAME?,,,,
,GAM-0800-5E  ,N,A,N,,,#NAME?,#NAME?,,,,
,GAM-0810-1E  ,D,A,P,GAM-0810,Float a Note 2,#NAME?,#NAME?,,,,
,GAM-0810-2E  ,D,A,P,,,#NAME?,#NAME?,,,,
,GAM-0810-3E  ,D,A,P,,,#NAME?,#NAME?,,,,
,GAM-0810-5E  ,D,A,P,,,#NAME?,#NAME?,,,,
,GAM-0820-1E  ,D,A,P,GAM-0820,Float a Note 2 S,#NAME?,#NAME?,,,,
,GAM-0820-2E  ,D,A,P,,,#NAME?,#NAME?,,,,
,GAM-0820-3E  ,D,A,P,,,#NAME?,#NAME?,,,,
,GAM-0820-5E  ,N,A,N,,,#NAME?,#NAME?,,,,
,GAM-0830-1E  ,D,A,P,GAM-0830,FloatANote Pentascales 1,#NAME?,#NAME?,,,,
,GAM-0830-2E  ,D,A,P,,,#NAME?,#NAME?,,,,
,GAM-0830-3E  ,D,A,P,,,#NAME?,#NAME?,,,,
,GAM-0830-5E  ,D,A,P,,,#NAME?,#NAME?,,,,
,GAM-0840-1E  ,D,A,P,GAM-0840,FloatANote Pentascales 2,#NAME?,#NAME?,,,,
,GAM-0840-2E  ,D,A,P,,,#NAME?,#NAME?,,,,
,GAM-0840-3E  ,D,A,P,,,#NAME?,#NAME?,,,,
,GAM-0840-5E  ,D,A,P,,,#NAME?,#NAME?,,,,
,GAM-0850-1E  ,D,A,P,GAM-0850,FloatANote Pentascales 3,#NAME?,#NAME?,,,,
,GAM-0850-2E  ,D,A,N,,,#NAME?,#NAME?,First note wrong,7/2/22,Cannot pass,
,GAM-0850-3E  ,D,A,N,,,#NAME?,#NAME?,First note wrong,7/2/22,Cannot pass,
,GAM-0850-5E  ,D,A,N,,,#NAME?,#NAME?,First note wrong,7/2/22,Cannot pass,
,GAM-0860-1E  ,D,A,P,GAM-0860,FloatANote Pentascales 4,#NAME?,#NAME?,,,,
,GAM-0860-2E  ,D,A,P,,,#NAME?,#NAME?,,,,
,GAM-0860-3E  ,D,A,P,,,#NAME?,#NAME?,,,,
,GAM-0860-5E  ,D,A,P,,,#NAME?,#NAME?,,,,
,GAM-0870-1E  ,D,A,P,GAM-0870,FloatANote Pentascales 5,#NAME?,#NAME?,,,,
,GAM-0870-2E  ,D,A,P,,,#NAME?,#NAME?,,,,
,GAM-0870-3E  ,D,A,P,,,#NAME?,#NAME?,,,,
,GAM-0870-5E  ,D,A,P,,,#NAME?,#NAME?,,,,
,GAM-0880-1E,N,N,,GAM-0880,Floating Inversions 1,#NAME?,#NAME?,,,,
,GAM-0880-2E,N,N,,,,#NAME?,#NAME?,,,,
,GAM-0880-3E,N,N,,,,#NAME?,#NAME?,,,,
,GAM-0880-5E,N,N,,,,#NAME?,#NAME?,,,,
,GAM-0890-1E,N,N,,GAM-0890,Floating Inversions 2,#NAME?,#NAME?,,,,
,GAM-0890-2E,N,N,,,,#NAME?,#NAME?,,,,
,GAM-0890-3E,N,N,,,,#NAME?,#NAME?,,,,
,GAM-0890-5E,N,N,,,,#NAME?,#NAME?,,,,
,GAM-0900-1E,N,N,,GAM-0900,Floating Inversions 3,#NAME?,#NAME?,,,,
,GAM-0900-2E,N,N,,,,#NAME?,#NAME?,,,,
,GAM-0900-3E,N,N,,,,#NAME?,#NAME?,,,,
,GAM-0900-5E,N,N,,,,#NAME?,#NAME?,,,,
,GAM-0910-1E,N,N,,GAM-0910,Floating Triads 1,#NAME?,#NAME?,,,,
,GAM-0910-2E,N,N,,,,#NAME?,#NAME?,,,,
,GAM-0910-3E,N,N,,,,#NAME?,#NAME?,,,,
,GAM-0910-5E,N,N,,,,#NAME?,#NAME?,,,,
,GAM-0920-1E,N,N,,GAM-0920,Floating Triads 2,#NAME?,#NAME?,,,,
,GAM-0920-2E,N,N,,,,#NAME?,#NAME?,,,,
,GAM-0920-3E,N,N,,,,#NAME?,#NAME?,,,,
,GAM-0920-5E,N,N,,,,#NAME?,#NAME?,,,,
,GAM-0930-1E,D,A,P,GAM-0930,Grand Staff Alphabet 1,#NAME?,#NAME?,Blank Screen,11/11/21,,
,GAM-0930-2E,D,A,P,,,#NAME?,#NAME?,Blank Screen,11/11/21,,
,GAM-0930-3E,D,A,P,,,#NAME?,#NAME?,Blank Screen,11/11/21,,
,GAM-0930-5E,D,A,P,,,#NAME?,#NAME?,Blank Screen,11/11/21,,
,GAM-0940-1E,D,A,P,GAM-0940,Grand Staff Alphabet 1 S,#NAME?,#NAME?,Blank Screen,11/11/21,,
,GAM-0940-2E,D,A,P,,,#NAME?,#NAME?,Blank Screen,11/11/21,,
,GAM-0940-3E,D,A,P,,,#NAME?,#NAME?,Blank Screen,11/11/21,,
,GAM-0940-5E,D,A,P,,,#NAME?,#NAME?,Blank Screen,11/11/21,,
,GAM-0950-1E,D,A,P,GAM-0950,Grand Staff Alphabet 2,#NAME?,#NAME?,Blank Screen,11/11/21,,
,GAM-0950-2E,D,A,P,,,#NAME?,#NAME?,Blank Screen,11/11/21,,
,GAM-0950-3E,D,A,P,,,#NAME?,#NAME?,Blank Screen,11/11/21,,
,GAM-0950-5E,D,A,P,,,#NAME?,#NAME?,Blank Screen,11/11/21,,
,GAM-0960-1E  ,D,A,N,GAM-0960,Grand Staff Guide Notes 1,#NAME?,#NAME?,Problem with the G being stuck,1/11/2022, G being stuck,
,GAM-0960-2E  ,D,A,P,,,#NAME?,#NAME?,,,,
,GAM-0960-3E  ,D,A,P,,,#NAME?,#NAME?,,,,
,GAM-0960-5E  ,D,A,P,,,#NAME?,#NAME?,,,,
,GAM-0980-1E  ,D,A,P,GAM-0980,Grand Staff Guide Notes 2,#NAME?,#NAME?,,,,
,GAM-0980-2E  ,D,A,P,,,#NAME?,#NAME?,,,,
,GAM-0980-3E  ,D,A,P,,,#NAME?,#NAME?,,,,
,GAM-0980-5E  ,D,A,P,,,#NAME?,#NAME?,,,,
,GAM-1000-1E  ,D,A,P,GAM-1000,Grand Staff Guide Notes 3,#NAME?,#NAME?,,,,
,GAM-1000-2E  ,D,A,P,,,#NAME?,#NAME?,,,,
,GAM-1000-3E  ,D,A,P,,,#NAME?,#NAME?,,,,
,GAM-1000-5E  ,D,A,P,,,#NAME?,#NAME?,,,,
,GAM-1010-1E  ,D,A,P,GAM-1010,Grand Staff Guide Notes 4,#NAME?,#NAME?,,,,
,GAM-1010-2E  ,D,A,P,,,#NAME?,#NAME?,,,,
,GAM-1010-3E  ,D,A,P,,,#NAME?,#NAME?,,,,
,GAM-1010-5E  ,D,A,P,,,#NAME?,#NAME?,,,,
,GAM-1020-1E  ,D,A,P,GAM-1020,Grand Staff Guide Notes 5,#NAME?,#NAME?,,,,
,GAM-1020-2E  ,D,A,P,,,#NAME?,#NAME?,,,,
,GAM-1020-3E  ,D,A,P,,,#NAME?,#NAME?,,,,
,GAM-1020-5E  ,D,A,P,,,#NAME?,#NAME?,,,,
,GAM-1030-1E  ,D,A,P,GAM-1030,Grand Staff Guide Notes 5A,#NAME?,#NAME?,,,,
,GAM-1030-2E  ,D,A,P,,,#NAME?,#NAME?,,,,
,GAM-1030-3E  ,D,A,P,,,#NAME?,#NAME?,,,,
,GAM-1030-5E  ,D,A,P,,,#NAME?,#NAME?,,,,
,GAM-1040-1E,D,A,P,GAM-1040,Grand Staff Hoops 1,#NAME?,#NAME?,,,,
,GAM-1040-2E,D,A,P,,,#NAME?,#NAME?,,,,
,GAM-1040-3E,D,A,P,,,#NAME?,#NAME?,,,,
,GAM-1040-5E,D,A,P,,,#NAME?,#NAME?,,,,
,GAM-1050-1E,D,A,P,GAM-1050,Grand Staff Hoops 4,#NAME?,#NAME?,,,,
,GAM-1050-2E,D,A,P,,,#NAME?,#NAME?,,,,
,GAM-1050-3E,D,A,P,,,#NAME?,#NAME?,,,,
,GAM-1050-5E,D,A,P,,,#NAME?,#NAME?,,,,
,GAM-1060-1E,D,A,P,GAM-1060,Grand Staff Pattern Reading 1,#NAME?,#NAME?,,,,
,GAM-1060-2E,D,A,P,,,#NAME?,#NAME?,,,,
,GAM-1060-3E,D,A,P,,,#NAME?,#NAME?,,,,
,GAM-1060-5E,D,A,P,,,#NAME?,#NAME?,,,,
,GAM-1070-1E,D,A,P,GAM-1070,Grand Staff Pattern Reading 2,#NAME?,#NAME?,,,,
,GAM-1070-2E,D,A,P,,,#NAME?,#NAME?,,,,
,GAM-1070-3E,D,A,P,,,#NAME?,#NAME?,,,,
,GAM-1070-5E,D,A,P,,,#NAME?,#NAME?,,,,
,GAM-1080-1E,D,A,P,GAM-1080,Grand Staff Pattern Reading 4,#NAME?,#NAME?,,,,
,GAM-1080-2E,D,A,P,,,#NAME?,#NAME?,,,,
,GAM-1080-3E,D,A,P,,,#NAME?,#NAME?,,,,
,GAM-1080-5E,D,A,P,,,#NAME?,#NAME?,,,,
,GAM-1100-1E  ,D,A,P,GAM-1100,Hand Prints,#NAME?,#NAME?,,,,
,GAM-1100-2E  ,D,A,P,,,#NAME?,#NAME?,,,,
,GAM-1100-3E  ,D,A,P,,,#NAME?,#NAME?,,,,
,GAM-1100-5E  ,D,A,P,,,#NAME?,#NAME?,,,,
,GAM-1110-1E,D,A,P,GAM-1110,Harmonic Minor Memory 1,#NAME?,#NAME?,,,,
,GAM-1110-2E,D,A,P,,,#NAME?,#NAME?,,,,
,GAM-1110-3E,D,A,P,,,#NAME?,#NAME?,,,,
,GAM-1110-3E,D,N,N,,,4,Challenge,Not in Live database,,,
,GAM-1110-5E,D,A,P,,,#NAME?,#NAME?,,,,
,GAM-1120-1E  ,D,A,P,GAM-1120,Harmony Pix 1,#NAME?,#NAME?,,,,
,GAM-1120-2E  ,D,A,P,,,#NAME?,#NAME?,,,,
,GAM-1120-3E  ,D,A,P,,,#NAME?,#NAME?,,,,
,GAM-1120-5E  ,D,A,P,,,#NAME?,#NAME?,,,,
,GAM-1130-1E  ,D,A,P,GAM-1130,Harmony Pix 2,#NAME?,#NAME?,,,,
,GAM-1130-2E  ,D,A,P,,,#NAME?,#NAME?,,,,
,GAM-1130-3E  ,D,A,P,,,#NAME?,#NAME?,,,,
,GAM-1130-5E  ,D,A,P,,,#NAME?,#NAME?,,,,
,GAM-1140-1E,D,A,P,GAM-1140,Harmony Puzzle 1,#NAME?,#NAME?,,,,
,GAM-1140-2E,D,A,P,,,#NAME?,#NAME?,,,,
,GAM-1140-3E,D,A,P,,,#NAME?,#NAME?,,,,
,GAM-1140-5E,D,A,P,,,#NAME?,#NAME?,,,,
,GAM-1150-1E,D,A,P,GAM-1150,Harmony Puzzle 2,#NAME?,#NAME?,,,,
,GAM-1150-2E,D,A,P,,,#NAME?,#NAME?,,,,
,GAM-1150-3E,D,A,P,,,#NAME?,#NAME?,,,,
,GAM-1150-5E,D,A,P,,,#NAME?,#NAME?,,,,
,GAM-1160-1E,D,A,N,GAM-1160,Hearing Harmonic Intervals1,#NAME?,#NAME?,Blank Screen,6/4/22,,
,GAM-1160-2E,D,A,N,,,#NAME?,#NAME?,Blank Screen,6/4/22,,
,GAM-1160-3E,D,A,N,,,#NAME?,#NAME?,Blank Screen,6/4/22,,
,GAM-1160-5E,D,A,N,,,#NAME?,#NAME?,Blank Screen,6/4/22,,
,GAM-1170-1E,D,A,P,GAM-1170,Hearing Triads 1 ,#NAME?,#NAME?,,,,
,GAM-1170-2E,D,A,P,,,#NAME?,#NAME?,,,,
,GAM-1170-3E,D,A,P,,,#NAME?,#NAME?,,,,
,GAM-1170-5E,D,A,P,,,#NAME?,#NAME?,,,,
,GAM-1180-1E,D,A,P,GAM-1180,Hearing Triads 2,#NAME?,#NAME?,,,,
,GAM-1180-2E,D,A,P,,,#NAME?,#NAME?,,,,
,GAM-1180-3E,D,A,P,,,#NAME?,#NAME?,,,,
,GAM-1180-5E,D,A,P,,,#NAME?,#NAME?,,,,
,GAM-1190-1E,D,A,P,GAM-1190,Hearing Triads 3,#NAME?,#NAME?,,,,
,GAM-1190-2E,D,A,P,,,#NAME?,#NAME?,,,,
,GAM-1190-3E,D,A,P,,,#NAME?,#NAME?,,,,
,GAM-1190-5E,D,A,P,,,#NAME?,#NAME?,,,,
,GAM-1200-1E,D,A,N,GAM-1200,Hot Air Rhythms 1,#NAME?,#NAME?,Blank Screen,7/5/22,,
,GAM-1200-2E,D,A,N,,,#NAME?,#NAME?,Blank Screen,7/5/22,,
,GAM-1200-3E,D,A,N,,,#NAME?,#NAME?,Blank Screen,7/5/22,,
,GAM-1200-5E,D,A,N,,,#NAME?,#NAME?,Blank Screen,7/5/22,,
,GAM-1210-1E,D,A,N,GAM-1210,Hot Air Rhythms 2,#NAME?,#NAME?,Blank Screen,7/5/22,,
,GAM-1210-2E,D,A,N,,,#NAME?,#NAME?,Blank Screen,7/5/22,,
,GAM-1210-3E,D,A,N,,,#NAME?,#NAME?,Blank Screen,7/5/22,,
,GAM-1210-5E,D,A,N,,,#NAME?,#NAME?,Blank Screen,7/5/22,,
,GAM-1220-1E,D,A,P,GAM-1220,Interval Aces 1,#NAME?,#NAME?,,,,
,GAM-1220-2E,D,A,P,,,#NAME?,#NAME?,,,,
,GAM-1220-3E,D,A,P,,,#NAME?,#NAME?,,,,
,GAM-1220-5E,D,A,P,,,#NAME?,#NAME?,,,,
,GAM-1230-1E,D,A,P,GAM-1230,Interval Aces 2 ,#NAME?,#NAME?,,,,
,GAM-1230-2E,D,A,P,,,#NAME?,#NAME?,,,,
,GAM-1230-3E,D,A,P,,,#NAME?,#NAME?,,,,
,GAM-1230-5E,D,A,P,,,#NAME?,#NAME?,,,,
,GAM-1240-1E,D,A,P,GAM-1240,Interval Aces 3,#NAME?,#NAME?,,,,
,GAM-1240-2E,D,A,P,,,#NAME?,#NAME?,,,,
,GAM-1240-3E,D,A,P,,,#NAME?,#NAME?,,,,
,GAM-1240-5E,D,A,P,,,#NAME?,#NAME?,,,,
,GAM-1250-1E,D,A,P,GAM-1250,Interval Aces 4,#NAME?,#NAME?,,,,
,GAM-1250-2E,D,A,P,,,#NAME?,#NAME?,,,,
,GAM-1250-3E,D,A,P,,,#NAME?,#NAME?,,,,
,GAM-1250-5E,D,A,P,,,#NAME?,#NAME?,,,,
,GAM-1260-1E,D,A,P,GAM-1260,Interval Aliens 1,#NAME?,#NAME?,,,,
,GAM-1260-2E,D,A,P,,,#NAME?,#NAME?,,,,
,GAM-1260-3E,D,A,P,,,#NAME?,#NAME?,,,,
,GAM-1260-5E,D,A,P,,,#NAME?,#NAME?,,,,
,GAM-1270-1E,D,A,P,GAM-1270,Interval Aliens 2,#NAME?,#NAME?,,,,
,GAM-1270-2E,D,A,P,,,#NAME?,#NAME?,,,,
,GAM-1270-3E,D,A,P,,,#NAME?,#NAME?,,,,
,GAM-1270-5E,D,A,P,,,#NAME?,#NAME?,,,,
,GAM-1280-1E,D,A,P,GAM-1280,Interval Aliens 3,#NAME?,#NAME?,,,,
,GAM-1280-2E,D,A,P,,,#NAME?,#NAME?,,,,
,GAM-1280-3E,D,A,P,,,#NAME?,#NAME?,,,,
,GAM-1280-5E,D,A,P,,,#NAME?,#NAME?,,,,
,GAM-1290-1E,D,A,P,GAM-1290,Interval Aliens 4,#NAME?,#NAME?,,,,
,GAM-1290-2E,D,A,P,,,#NAME?,#NAME?,,,,
,GAM-1290-3E,D,A,P,,,#NAME?,#NAME?,,,,
,GAM-1290-5E,D,A,P,,,#NAME?,#NAME?,,,,
,GAM-1300-1E,D,A,N,GAM-1300,Interval Arcade 1,#NAME?,#NAME?,Blank Screen,7/5/22,,
,GAM-1300-2E,D,A,N,,,#NAME?,#NAME?,Blank Screen,7/5/22,,
,GAM-1300-3E,D,A,N,,,#NAME?,#NAME?,Blank Screen,7/5/22,,
,GAM-1300-5E,D,A,N,,,#NAME?,#NAME?,Blank Screen,7/5/22,,
,GAM-1310-1E,D,A,N,GAM-1310,Interval Arcade 2,#NAME?,#NAME?,Blank Screen,7/5/22,,
,GAM-1310-2E,D,A,N,,,#NAME?,#NAME?,Blank Screen,7/5/22,,
,GAM-1310-3E,D,A,N,,,#NAME?,#NAME?,Blank Screen,7/5/22,,
,GAM-1310-5E,D,A,N,,,#NAME?,#NAME?,Blank Screen,7/5/22,,
,GAM-1320-1E,N,N,,GAM-1320,Interval Pop Aural 1,#NAME?,#NAME?,,,,
,GAM-1320-2E,N,N,,,,#NAME?,#NAME?,,,,
,GAM-1320-3E,N,N,,,,#NAME?,#NAME?,,,,
,GAM-1320-5E,N,N,,,,#NAME?,#NAME?,,,,
,GAM-1330-1E,N,N,,GAM-1330,Interval Pop Aural 2,#NAME?,#NAME?,,,,
,GAM-1330-2E,N,N,,,,#NAME?,#NAME?,,,,
,GAM-1330-3E,N,N,,,,#NAME?,#NAME?,,,,
,GAM-1330-5E,N,N,,,,#NAME?,#NAME?,,,,
,GAM-1340-1E,N,N,,GAM-1340,Interval Pop Aural 3,#NAME?,#NAME?,,,,
,GAM-1340-2E,N,N,,,,#NAME?,#NAME?,,,,
,GAM-1340-3E,N,N,,,,#NAME?,#NAME?,,,,
,GAM-1340-5E,N,N,,,,#NAME?,#NAME?,,,,
,GAM-1350-1E,N,N,,GAM-1350,Interval Pop Visual 1,#NAME?,#NAME?,,,,
,GAM-1350-2E,N,N,,,,#NAME?,#NAME?,,,,
,GAM-1350-3E,N,N,,,,#NAME?,#NAME?,,,,
,GAM-1360-1E,N,N,,GAM-1360,Interval Pop Visual 2,#NAME?,#NAME?,,,,
,GAM-1360-2E,N,N,,,,#NAME?,#NAME?,,,,
,GAM-1360-3E,N,N,,,,#NAME?,#NAME?,,,,
,GAM-1370-1E,N,N,,GAM-1370,Interval Pop Visual 3,#NAME?,#NAME?,,,,
,GAM-1370-2E,N,N,,,,#NAME?,#NAME?,,,,
,GAM-1370-3E,N,N,,,,#NAME?,#NAME?,,,,
,GAM-1380-1E,D,A,P,GAM-1380,Interval Rockets 1,#NAME?,#NAME?,Blank Screens,11/11/21,,
,GAM-1380-2E,D,A,P,,,#NAME?,#NAME?,Blank Screens,11/11/21,,
,GAM-1380-3E,D,A,P,,,#NAME?,#NAME?,Blank Screens,11/11/21,,
,GAM-1380-5E,D,A,P,,,#NAME?,#NAME?,Blank Screens,11/11/21,,
,GAM-1390-1E,D,A,P,GAM-1390,Interval Rockets 2 ,#NAME?,#NAME?,Blank Screens,11/11/21,MIDI ONLY,
,GAM-1390-2E,D,A,P,,,#NAME?,#NAME?,Blank Screens,11/11/21,MIDI ONLY,
,GAM-1390-3E,D,A,P,,,#NAME?,#NAME?,Blank Screens,11/11/21,MIDI ONLY,
,GAM-1390-5E,D,A,P,,,#NAME?,#NAME?,Blank Screens,11/11/21,MIDI ONLY,
,GAM-1400-1E,D,A,N,GAM-1400,Interval Slide 1,#NAME?,#NAME?,Blank Screens,7/4/22,,
,GAM-1400-2E,D,A,N,,,#NAME?,#NAME?,Blank Screens,7/4/22,,
,GAM-1400-3E,D,A,N,,,#NAME?,#NAME?,Blank Screens,7/4/22,,
,GAM-1400-5E,D,A,N,,,#NAME?,#NAME?,Blank Screens,7/4/22,,
,GAM-1410-1E,D,A,P,GAM-1410,Interval Surprise 1,#NAME?,#NAME?,,,,
,GAM-1410-2E,D,A,P,,,#NAME?,#NAME?,,,,
,GAM-1410-3E,D,A,P,,,#NAME?,#NAME?,,,,
,GAM-1410-5E,D,A,P,,,#NAME?,#NAME?,,,,
,GAM-1420-1E,D,A,P,GAM-1420,Interval Surprise 2,#NAME?,#NAME?,,,,
,GAM-1420-2E,D,A,P,,,#NAME?,#NAME?,,,,
,GAM-1420-3E,D,A,P,,,#NAME?,#NAME?,,,,
,GAM-1420-5E,D,A,P,,,#NAME?,#NAME?,,,,
,GAM-1430-1E,N,N,,GAM-1430,Inversion Diversion 1,#NAME?,#NAME?,,,,
,GAM-1430-2E,N,N,,,,#NAME?,#NAME?,,,,
,GAM-1430-3E,N,N,,,,#NAME?,#NAME?,,,,
,GAM-1440-1E,N,N,,GAM-1440,Inversion Diversion 2,#NAME?,#NAME?,,,,
,GAM-1440-2E,N,N,,,,#NAME?,#NAME?,,,,
,GAM-1440-3E,N,N,,,,#NAME?,#NAME?,,,,
,GAM-1450-1E,N,N,,GAM-1450,Inversion Diversion 3,#NAME?,#NAME?,,,,
,GAM-1450-2E,N,N,,,,#NAME?,#NAME?,,,,
,GAM-1450-3E,N,N,,,,#NAME?,#NAME?,,,,
,GAM-1450-5E,N,N,,,,#NAME?,#NAME?,,,,
,GAM-1460-1E,D,A,N,GAM-1460,It's All Relative 1,#NAME?,#NAME?,Blank Screens,7/2/22,FREE,
,GAM-1460-2E,D,A,N,,,#NAME?,#NAME?,Blank Screens,7/2/22,,
,GAM-1460-3E,D,A,N,,,#NAME?,#NAME?,Blank Screens,7/2/22,,
,GAM-1460-5E,D,A,N,,,#NAME?,#NAME?,,,,
,GAM-1470-1E  ,D,A,,GAM-1470,Jingle Notes 1,#NAME?,#NAME?,,,,
,GAM-1470-2E  ,D,A,,,,#NAME?,#NAME?,,,,
,GAM-1470-3E  ,D,A,,,,#NAME?,#NAME?,,,,
,GAM-1470-4E  ,D,A,,,,#NAME?,#NAME?,,,,
,GAM-1470-5E  ,D,A,,,,#NAME?,#NAME?,,,,
,GAM-1480-1E  ,D,A,,GAM-1480,Jingle Notes 1 S,#NAME?,#NAME?,,,,
,GAM-1480-2E  ,D,A,,,,#NAME?,#NAME?,,,,
,GAM-1480-3E  ,D,A,,,,#NAME?,#NAME?,,,,
,GAM-1480-4E  ,D,A,,,,#NAME?,#NAME?,,,,
,GAM-1480-5E  ,D,A,,,,#NAME?,#NAME?,,,,
,GAM-1490-1E  ,D,A,,GAM-1490,Jingle Notes 2,#NAME?,#NAME?,,,,
,GAM-1490-2E  ,D,A,,,,#NAME?,#NAME?,,,,
,GAM-1490-3E  ,D,A,,,,#NAME?,#NAME?,,,,
,GAM-1490-4E  ,D,A,,,,#NAME?,#NAME?,,,,
,GAM-1490-5E  ,D,A,,,,#NAME?,#NAME?,,,,
,GAM-1490-5E  ,D,A,,,,#NAME?,#NAME?,,,,
,GAM-1500-1E  ,D,A,,GAM-1500,Jingle Notes 2  S,#NAME?,#NAME?,,,,
,GAM-1500-2E  ,D,A,,,,#NAME?,#NAME?,,,,
,GAM-1500-3E  ,D,A,,,,#NAME?,#NAME?,,,,
,GAM-1500-4E  ,D,A,,,,#NAME?,#NAME?,,,,
,GAM-1500-5E  ,D,A,,,,#NAME?,#NAME?,,,,
,GAM-1510-1E  ,D,A,,GAM-1510,Jingle Notes 3,#NAME?,#NAME?,,,,
,GAM-1510-2E  ,D,A,,,,#NAME?,#NAME?,,,,
,GAM-1510-3E  ,D,A,,,,#NAME?,#NAME?,,,,
,GAM-1510-4E  ,D,A,,,,#NAME?,#NAME?,,,,
,GAM-1510-5E  ,D,A,,,,#NAME?,#NAME?,,,,
,GAM-1520-1E  ,D,A,,GAM-1520,Jingle Notes 3 S,#NAME?,#NAME?,,,,
,GAM-1520-2E  ,D,A,,,,#NAME?,#NAME?,,,,
,GAM-1520-3E  ,D,A,,,,#NAME?,#NAME?,,,,
,GAM-1520-4E  ,D,A,,,,#NAME?,#NAME?,,,,
,GAM-1520-5E  ,D,A,,,,#NAME?,#NAME?,,,,
,GAM-1530-1E  ,D,A,,GAM-1530,Jingle Notes 4,#NAME?,#NAME?,,,,
,GAM-1530-2E  ,D,A,,,,#NAME?,#NAME?,,,,
,GAM-1530-3E  ,D,A,,,,#NAME?,#NAME?,,,,
,GAM-1530-4E  ,D,A,,,,#NAME?,#NAME?,,,,
,GAM-1530-5E  ,D,A,,,,#NAME?,#NAME?,,,,
,GAM-1540-1E  ,D,A,,GAM-1540,Jingle Notes 4 S,#NAME?,#NAME?,,,,
,GAM-1540-2E  ,D,A,,,,#NAME?,#NAME?,,,,
,GAM-1540-3E  ,D,A,,,,#NAME?,#NAME?,,,,
,GAM-1540-4E  ,D,A,,,,#NAME?,#NAME?,,,,
,GAM-1540-5E  ,D,A,,,,#NAME?,#NAME?,,,,
,GAM-1550-1E,D,A,P,GAM-1550,Key Signature Canoes 1,#NAME?,#NAME?,,,,
,GAM-1550-2E,D,A,P,,,#NAME?,#NAME?,,,,
,GAM-1550-3E,D,A,P,,,#NAME?,#NAME?,,,,
,GAM-1550-5E,D,A,P,,,#NAME?,#NAME?,,,,
,GAM-1560-1E,D,A,P,GAM-1560,Key Signature Canoes 2,#NAME?,#NAME?,,,,
,GAM-1560-2E,D,A,P,,,#NAME?,#NAME?,,,,
,GAM-1560-3E,D,A,P,,,#NAME?,#NAME?,,,,
,GAM-1560-5E,D,A,P,,,#NAME?,#NAME?,,,,
,GAM-1570-1E,D,A,P,GAM-1570,Key Signature Canoes 3,#NAME?,#NAME?,,,,
,GAM-1570-2E,D,A,P,,,#NAME?,#NAME?,,,,
,GAM-1570-3E,D,A,P,,,#NAME?,#NAME?,,,,
,GAM-1570-5E,D,A,P,,,#NAME?,#NAME?,,,,
,GAM-1580-1E,D,A,P,GAM-1580,Key Signature Canoes 4,#NAME?,#NAME?,,,,
,GAM-1580-2E,D,A,P,,,#NAME?,#NAME?,,,,
,GAM-1580-3E,D,A,P,,,#NAME?,#NAME?,,,,
,GAM-1580-5E,D,A,P,,,#NAME?,#NAME?,,,,
,GAM-1590-1E,D,A,P,GAM-1590,Key Signature Keynotes 1,#NAME?,#NAME?,,,,
,GAM-1590-2E,D,A,P,,,#NAME?,#NAME?,,,,
,GAM-1590-3E,D,A,P,,,#NAME?,#NAME?,,,,
,GAM-1590-5E,D,A,P,,,#NAME?,#NAME?,,,,
,GAM-1600-1E,D,A,P,GAM-1600,Key Signature Keynotes 2,#NAME?,#NAME?,,,,
,GAM-1600-2E,D,A,P,,,#NAME?,#NAME?,,,,
,GAM-1600-3E,D,A,P,,,#NAME?,#NAME?,,,,
,GAM-1600-5E,D,A,P,,,#NAME?,#NAME?,,,,
,GAM-1610-1E,D,A,P,GAM-1610,Key Signature Warehouse 1,#NAME?,#NAME?,,,,
,GAM-1610-2E,D,A,P,,,#NAME?,#NAME?,,,,
,GAM-1610-3E,D,A,P,,,#NAME?,#NAME?,,,,
,GAM-1610-5E,D,A,P,,,#NAME?,#NAME?,,,,
,GAM-1620-1E,D,A,P,GAM-1620,Key Signature Warehouse 2,#NAME?,#NAME?,,,,
,GAM-1620-2E,D,A,P,,,#NAME?,#NAME?,,,,
,GAM-1620-3E,D,A,P,,,#NAME?,#NAME?,,,,
,GAM-1620-5E,D,A,P,,,#NAME?,#NAME?,,,,
,GAM-1630-1E,D,A,P,GAM-1630,Key Signature Warehouse 3,#NAME?,#NAME?,,,,
,GAM-1630-2E,D,A,P,,,#NAME?,#NAME?,,,,
,GAM-1630-3E,D,A,P,,,#NAME?,#NAME?,,,,
,GAM-1630-5E,D,A,P,,,#NAME?,#NAME?,,,,
,GAM-1640-1E,D,A,P,GAM-1640,LetterFly 1,#NAME?,#NAME?,,,,
,GAM-1640-2E,D,A,P,,,#NAME?,#NAME?,,,,
,GAM-1640-3E,D,A,P,,,#NAME?,#NAME?,,,,
,GAM-1640-5E,D,A,P,,,#NAME?,#NAME?,,,,
,GAM-1650-1E,D,A,P,GAM-1650,LetterFly 1 do-re-mi,#NAME?,#NAME?,,,,
,GAM-1650-2E,D,A,P,,,#NAME?,#NAME?,,,,
,GAM-1650-3E,D,A,P,,,#NAME?,#NAME?,,,,
,GAM-1650-5E,D,A,P,,,#NAME?,#NAME?,,,,
,GAM-1660-1E,D,A,P,GAM-1660,LetterFly 2,#NAME?,#NAME?,,,,
,GAM-1660-2E,D,A,P,,,#NAME?,#NAME?,,,,
,GAM-1660-3E,D,A,P,,,#NAME?,#NAME?,,,,
,GAM-1660-5E,D,A,P,,,#NAME?,#NAME?,,,,
,GAM-1670-1E,D,A,P,GAM-1670,LetterFly 2 fai-sol-la-ti,#NAME?,#NAME?,,,,
,GAM-1670-2E,D,A,P,,,#NAME?,#NAME?,,,,
,GAM-1670-3E,D,A,P,,,#NAME?,#NAME?,,,,
,GAM-1670-5E,D,A,P,,,#NAME?,#NAME?,,,,
,GAM-1680-1E,D,A,P,GAM-1680,LetterFly 3,#NAME?,#NAME?,,,,
,GAM-1680-2E,D,A,P,,,#NAME?,#NAME?,,,,
,GAM-1680-3E,D,A,P,,,#NAME?,#NAME?,,,,
,GAM-1680-5E,D,A,P,,,#NAME?,#NAME?,,,,
,GAM-1700-1E,D,A,P,GAM-1700,Letterfly 3 all white keys,#NAME?,#NAME?,,,,
,GAM-1700-2E,D,A,P,,,#NAME?,#NAME?,,,,
,GAM-1700-3E,D,A,P,,,#NAME?,#NAME?,,,,
,GAM-1700-5E,D,A,P,,,#NAME?,#NAME?,,,,
,GAM-1710-1E,D,A,P,GAM-1710,LetterFly 4,#NAME?,#NAME?,,,,
,GAM-1710-2E,D,A,P,,,#NAME?,#NAME?,,,,
,GAM-1710-3E,D,A,P,,,#NAME?,#NAME?,,,,
,GAM-1710-5E,D,A,P,,,#NAME?,#NAME?,,,,
,GAM-1720-1E,N,N,,GAM-1720,Letterfly 4 Flat Keys,#NAME?,#NAME?,New,,,
,GAM-1720-2E,N,N,,,,#NAME?,#NAME?,,,,
,GAM-1720-3E,N,N,,,,#NAME?,#NAME?,,,,
,GAM-1720-5E,N,N,,,,#NAME?,#NAME?,,,,
,GAM-1730-1E,D,A,P,GAM-1730,LetterFly 5,#NAME?,#NAME?,,,,
,GAM-1730-2E,D,A,P,,,#NAME?,#NAME?,,,,
,GAM-1730-3E,D,A,P,,,#NAME?,#NAME?,,,,
,GAM-1730-5E,D,A,P,,,#NAME?,#NAME?,,,,
,GAM-1740-1E,N,N,,GAM-1740,LetterFly 5 Sharp keys,#NAME?,#NAME?,New,,,
,GAM-1740-2E,N,N,,,,#NAME?,#NAME?,,,,
,GAM-1740-3E,N,N,,,,#NAME?,#NAME?,,,,
,GAM-1740-5E,N,N,,,,#NAME?,#NAME?,,,,
,GAM-1750-1E,D,A,P,GAM-1750,LetterFly 6,#NAME?,#NAME?,,,,
,GAM-1750-2E,D,A,P,,,#NAME?,#NAME?,,,,
,GAM-1750-3E,D,A,P,,,#NAME?,#NAME?,,,,
,GAM-1750-5E,D,A,P,,,#NAME?,#NAME?,,,,
,GAM-1770-1E,D,A,P,GAM-1770,Low Middle High ,#NAME?,#NAME?,,,,
,GAM-1770-2E,D,A,P,,,#NAME?,#NAME?,,,,
,GAM-1770-3E,D,A,P,,,#NAME?,#NAME?,,,,
,GAM-1770-5E  ,D,A,P,,,#NAME?,#NAME?,,,,
,GAM-1780-2E,D,A,N,GAM-1780,Major Triad Matching Game,#NAME?,#NAME?,Blank Screens,11/11/21,Does not end,2/3/2022
,GAM-1790-2E,N,N,,GAM-1790,Major/minor Triad Match 1,#NAME?,#NAME?,,,,
,GAM-1800-2E,N,N,,GAM-1800,Major/minor Triad Match 2,#NAME?,#NAME?,,,,
,GAM-1810-1E,D,A,P,GAM-1810,Manny's Short & Long 1,#NAME?,#NAME?,,,,
,GAM-1810-2E,D,A,P,,,#NAME?,#NAME?,,,,
,GAM-1810-3E,D,A,P,,,#NAME?,#NAME?,,,,
,GAM-1810-5E,D,A,P,,,#NAME?,#NAME?,,,,
,GAM-1820-1E,D,A,P,GAM-1820,Manny's Short & Long 2,#NAME?,#NAME?,,,,
,GAM-1820-2E,D,A,P,,,#NAME?,#NAME?,,,,
,GAM-1820-3E,D,A,P,,,#NAME?,#NAME?,,,,
,GAM-1820-5E,D,A,P,,,#NAME?,#NAME?,,,,
,GAM-1830-1E  ,D,A,P,GAM-1830,Melody Match 1,#NAME?,#NAME?,,,,
,GAM-1830-2E  ,D,A,P,,,#NAME?,#NAME?,,,,
,GAM-1830-3E  ,D,A,P,,,#NAME?,#NAME?,,,,
,GAM-1830-5E  ,D,A,P,,,#NAME?,#NAME?,,,,
,GAM-1840-1E  ,D,A,P,GAM-1840,Melody Match 2,#NAME?,#NAME?,,,,
,GAM-1840-2E  ,D,A,P,,,#NAME?,#NAME?,,,,
,GAM-1840-3E  ,D,A,P,,,#NAME?,#NAME?,,,,
,GAM-1840-5E  ,D,A,P,,,#NAME?,#NAME?,,,,
,GAM-1850-1E  ,D,A,P,GAM-1850,Melody Match 3,#NAME?,#NAME?,,,,
,GAM-1850-2E  ,D,A,P,,,#NAME?,#NAME?,,,,
,GAM-1850-3E  ,D,A,P,,,#NAME?,#NAME?,,,,
,GAM-1850-5E  ,D,A,P,,,#NAME?,#NAME?,,,,
,GAM-1860-1E  ,D,A,P,GAM-1860,Melody Match 4,#NAME?,#NAME?,,,,
,GAM-1860-2E  ,D,A,P,,,#NAME?,#NAME?,,,,
,GAM-1860-3E  ,D,A,P,,,#NAME?,#NAME?,,,,
,GAM-1860-5E  ,D,A,P,,,#NAME?,#NAME?,,,,
,GAM-1870-1E,D,A,N,GAM-1870,Melody Mayhem 1,#NAME?,#NAME?,Blank Screens,6/4/22,,
,GAM-1870-2E,D,A,N,,,#NAME?,#NAME?,Blank Screens,6/4/22,,
,GAM-1870-3E,D,A,N,,,#NAME?,#NAME?,Blank Screens,6/4/22,,
,GAM-1870-5E,D,A,N,,,#NAME?,#NAME?,Blank Screens,6/4/22,,
,GAM-1880-1E,D,A,N,GAM-1880,Melody Mayhem 2,#NAME?,#NAME?,Blank Screens,6/4/22,,
,GAM-1880-2E,D,A,N,,,#NAME?,#NAME?,Blank Screens,6/4/22,,
,GAM-1880-3E,D,A,N,,,#NAME?,#NAME?,Blank Screens,6/4/22,,
,GAM-1880-5E,D,A,N,,,#NAME?,#NAME?,Blank Screens,6/4/22,,
,GAM-1890-1E,D,A,N,GAM-1890,Melody Mayhem 3,#NAME?,#NAME?,Blank Screens,6/4/22,,
,GAM-1890-2E,D,A,N,,,#NAME?,#NAME?,Blank Screens,6/4/22,,
,GAM-1890-3E,D,A,N,,,#NAME?,#NAME?,Blank Screens,6/4/22,,
,GAM-1890-5E,D,A,N,,,#NAME?,#NAME?,Blank Screens,6/4/22,,
,GAM-1900-1E,D,A,N,GAM-1900,Melody Mayhem 4,#NAME?,#NAME?,Blank Screens,6/4/22,,
,GAM-1900-2E,D,A,N,,,#NAME?,#NAME?,Blank Screens,6/4/22,,
,GAM-1900-3E,D,A,N,,,#NAME?,#NAME?,Blank Screens,6/4/22,,
,GAM-1900-5E,D,A,N,,,#NAME?,#NAME?,Blank Screens,6/4/22,,
,GAM-1910-1E,D,A,N,GAM-1910,Melody Mayhem 5,#NAME?,#NAME?,Blank Screens,6/4/22,,
,GAM-1910-2E,D,A,N,,,#NAME?,#NAME?,Blank Screens,6/4/22,,
,GAM-1910-3E,D,A,N,,,#NAME?,#NAME?,Blank Screens,6/4/22,,
,GAM-1910-5E,D,A,N,,,#NAME?,#NAME?,Blank Screens,6/4/22,,
,GAM-1920-1E,D,A,P,GAM-1920,Melody Mimic 1,#NAME?,#NAME?,MIDI Required,11/10/21,,
,GAM-1920-2E,D,A,P,,,#NAME?,#NAME?,MIDI Required,11/10/21,,
,GAM-1920-3E,D,A,P,,,#NAME?,#NAME?,MIDI Required,11/10/21,,
,GAM-1920-5E,D,A,P,,,#NAME?,#NAME?,MIDI Required,11/10/21,,
,GAM-1930-1E,D,A,P,GAM-1930,Melody Mimic 2,#NAME?,#NAME?,MIDI Required,11/10/21,,
,GAM-1930-2E,D,A,P,,,#NAME?,#NAME?,MIDI Required,11/10/21,,
,GAM-1930-3E,D,A,P,,,#NAME?,#NAME?,MIDI Required,11/10/21,,
,GAM-1930-5E,D,A,P,,,#NAME?,#NAME?,MIDI Required,11/10/21,,
,GAM-1940-1E,D,A,P,GAM-1940,Melody Mimic 3,#NAME?,#NAME?,MIDI Required,11/10/21,,
,GAM-1940-2E,D,A,P,,,#NAME?,#NAME?,MIDI Required,11/10/21,,
,GAM-1940-3E,D,A,P,,,#NAME?,#NAME?,MIDI Required,11/10/21,,
,GAM-1940-5E,D,A,P,,,#NAME?,#NAME?,MIDI Required,11/10/21,,
,GAM-1950-1E,D,A,P,GAM-1950,Melody Mimic 4,#NAME?,#NAME?,MIDI Required,11/10/21,,
,GAM-1950-2E,D,A,P,,,#NAME?,#NAME?,MIDI Required,11/10/21,,
,GAM-1950-3E,D,A,P,,,#NAME?,#NAME?,MIDI Required,11/10/21,,
,GAM-1950-5E,D,A,P,,,#NAME?,#NAME?,MIDI Required,11/10/21,,
,GAM-1960-1E  ,D,A,P,GAM-1960,Melody Pix 1,#NAME?,#NAME?,,,,
,GAM-1960-2E  ,D,A,P,,,#NAME?,#NAME?,,,,
,GAM-1960-3E  ,D,A,P,,,#NAME?,#NAME?,,,,
,GAM-1960-5E  ,D,A,P,,,#NAME?,#NAME?,,,,
,GAM-1970-1E  ,D,A,P,GAM-1970,Melody Pix 2,#NAME?,#NAME?,,,,
,GAM-1970-2E  ,D,A,P,,,#NAME?,#NAME?,,,,
,GAM-1970-3E  ,D,A,P,,,#NAME?,#NAME?,,,,
,GAM-1970-5E  ,D,A,P,,,#NAME?,#NAME?,,,,
,GAM-1980-1E  ,D,A,P,GAM-1980,Melody Pix 3,#NAME?,#NAME?,,,,
,GAM-1980-2E  ,N,N,,,,#NAME?,#NAME?,,,,
,GAM-1980-3E  ,N,N,,,,#NAME?,#NAME?,,,,
,GAM-1990-2E,N,N,,GAM-1990,Melody Puzzles 1,#NAME?,#NAME?,,,,
,GAM-2000-1E,D,A,P,GAM-2000,Memory Playback 1,#NAME?,#NAME?,,,,
,GAM-2000-2E,D,A,P,,,#NAME?,#NAME?,,,,
,GAM-2000-3E,D,A,P,,,#NAME?,#NAME?,,,,
,GAM-2000-5E,D,A,P,,,#NAME?,#NAME?,,,,
,GAM-2010-1E,D,A,P,GAM-2010,Memory Playback 2,#NAME?,#NAME?,,,,
,GAM-2010-2E,D,A,P,,,#NAME?,#NAME?,,,,
,GAM-2010-3E,D,A,P,,,#NAME?,#NAME?,,,,
,GAM-2010-5E,D,A,P,,,#NAME?,#NAME?,,,,
,GAM-2020-1E  ,D,A,P,GAM-2020,Meteor Match 1,#NAME?,#NAME?,FREE,,,
,GAM-2020-2E  ,D,A,P,,,#NAME?,#NAME?,,,,
,GAM-2020-3E  ,D,A,P,,,#NAME?,#NAME?,,,,
,GAM-2030-1E  ,D,A,P,GAM-2030,Meteor Match 1 A,#NAME?,#NAME?,,,,
,GAM-2030-2E  ,D,A,P,,,#NAME?,#NAME?,,,,
,GAM-2030-3E  ,D,A,P,,,#NAME?,#NAME?,,,,
,GAM-2040-1E  ,D,A,P,GAM-2040,Meteor Match 2,#NAME?,#NAME?,,,,
,GAM-2040-2E  ,D,A,P,,,#NAME?,#NAME?,,,,
,GAM-2040-3E  ,D,A,P,,,#NAME?,#NAME?,,,,
,GAM-2040-5E  ,D,A,P,,,#NAME?,#NAME?,,,,
,GAM-2050-1E  ,D,A,P,GAM-2050,Meteor Match 3,#NAME?,#NAME?,,,,
,GAM-2050-2E  ,D,A,P,,,#NAME?,#NAME?,,,,
,GAM-2050-3E  ,D,A,P,,,#NAME?,#NAME?,,,,
,GAM-2050-5E  ,D,A,P,,,#NAME?,#NAME?,,,,
,GAM-2060-1E  ,D,A,P,GAM-2060,Meteor Match 4,#NAME?,#NAME?,,,,
,GAM-2060-2E  ,D,A,P,,,#NAME?,#NAME?,,,,
,GAM-2060-3E  ,D,A,P,,,#NAME?,#NAME?,,,,
,GAM-2060-5E  ,D,A,P,,,#NAME?,#NAME?,,,,
,GAM-2070-1E,D,A,N,GAM-2070,Meter Match 1,#NAME?,#NAME?,Blank Screens,7/2/22,,
,GAM-2070-2E,D,A,N,,,#NAME?,#NAME?,Blank Screens,7/2/22,,
,GAM-2070-3E,D,A,N,,,#NAME?,#NAME?,Blank Screens,7/2/22,,
,GAM-2070-5E,D,A,N,,,#NAME?,#NAME?,Blank Screens,7/2/22,,
,GAM-2090-1E,D,A,P,GAM-2090,Minor Keyboard Playback 1,#NAME?,#NAME?,Blank Screens,11/9/21,,
,GAM-2090-2E,D,A,P,,,#NAME?,#NAME?,Blank Screens,11/9/21,,
,GAM-2090-3E,D,A,P,,,#NAME?,#NAME?,Blank Screens,11/9/21,,
,GAM-2090-5E,D,A,P,,,#NAME?,#NAME?,Blank Screens,11/9/21,,
,GAM-2110-1E,D,A,N,GAM-2110,Minor Keyboard Playback 2,#NAME?,#NAME?,Blank Screens,11/9/21,,
,GAM-2110-2E,D,A,N,,,#NAME?,#NAME?,Blank Screens,11/9/21,,
,GAM-2110-3E,D,A,N,,,#NAME?,#NAME?,Blank Screens,11/9/21,,
,GAM-2110-5E,D,A,N,,,#NAME?,#NAME?,Blank Screens,11/9/21,,
,GAM-2120-1E,D,A,N,GAM-2120,Monkey Hear Monkey Do 1,#NAME?,#NAME?,Blank Screens,11/9/21,Timing issues,2/3/2022
,GAM-2120-2E,D,A,N,,,#NAME?,#NAME?,Blank Screens,11/9/21,Timing issues,2/3/2022
,GAM-2120-3E,D,A,N,,,#NAME?,#NAME?,Blank Screens,11/9/21,Timing issues,2/3/2022
,GAM-2120-5E,D,A,N,,,#NAME?,#NAME?,Blank Screens,11/9/21,Timing issues,2/3/2022
,GAM-2130-1E,D,A,N,GAM-2130,Monkey Hear Monkey Do 2,#NAME?,#NAME?,Blank Screens,11/9/21,Timing issues,2/3/2022
,GAM-2130-2E,D,A,N,,,#NAME?,#NAME?,Blank Screens,11/9/21,Timing issues,2/3/2022
,GAM-2130-3E,D,A,N,,,#NAME?,#NAME?,Blank Screens,11/9/21,Timing issues,2/3/2022
,GAM-2130-5E,D,A,N,,,#NAME?,#NAME?,Blank Screens,11/9/21,Timing issues,2/3/2022
,GAM-2140-1E,D,A,P,GAM-2140,Music Darts 1,#NAME?,#NAME?,,,,
,GAM-2140-2E,D,A,P,,,#NAME?,#NAME?,,,,
,GAM-2140-3E,D,A,P,,,#NAME?,#NAME?,,,,
,GAM-2140-5E,D,A,P,,,#NAME?,#NAME?,,,,
,GAM-2150-1E,D,A,P,GAM-2150,Music Darts 2,#NAME?,#NAME?,,,,
,GAM-2150-2E,D,A,P,,,#NAME?,#NAME?,,,,
,GAM-2150-3E,D,A,P,,,#NAME?,#NAME?,,,,
,GAM-2150-5E,D,A,P,,,#NAME?,#NAME?,,,,
,GAM-2160-1E,D,A,P,GAM-2160,Music Darts 3,#NAME?,#NAME?,,,,
,GAM-2160-2E,D,A,P,,,#NAME?,#NAME?,,,,
,GAM-2160-3E,D,A,P,,,#NAME?,#NAME?,,,,
,GAM-2160-5E,D,A,P,,,#NAME?,#NAME?,,,,
,GAM-2170-1E,D,A,P,GAM-2170,Music Darts 4-Rhythm,#NAME?,#NAME?,,,,
,GAM-2170-2E,D,A,P,,,#NAME?,#NAME?,,,,
,GAM-2170-3E,D,A,P,,,#NAME?,#NAME?,,,,
,GAM-2170-5E,D,A,P,,,#NAME?,#NAME?,,,,
,GAM-2180-1E,D,A,P,GAM-2180,Music Symbol Match 1,#NAME?,#NAME?,Blank Screens,11/11/21,,
,GAM-2180-2E,D,A,P,,,#NAME?,#NAME?,Blank Screens,11/11/21,,
,GAM-2180-3E,D,A,P,,,#NAME?,#NAME?,Blank Screens,11/11/21,,
,GAM-2180-4E,D,A,P,,,#NAME?,#NAME?,Blank Screens,11/11/21,,
,GAM-2180-5E,D,A,P,,,#NAME?,#NAME?,Blank Screens,11/11/21,,
,GAM-2190-2E  ,D,A,P,GAM-2190,Musical Memory 1 CDE,#NAME?,#NAME?,,,,
,GAM-2190-3E  ,D,A,P,,,#NAME?,#NAME?,,,,
,GAM-2200-2E  ,D,A,P,GAM-2200,Musical Memory 1 CDEFG,#NAME?,#NAME?,,,,
,GAM-2200-3E  ,D,A,P,,,#NAME?,#NAME?,,,,
,GAM-2210-2E  ,D,A,P,GAM-2210,Musical Memory 1 CDEG,#NAME?,#NAME?,,,,
,GAM-2210-3E  ,D,A,P,,,#NAME?,#NAME?,,,,
,GAM-2220-2E  ,D,A,P,GAM-2220,Musical Memory 2 CDE,#NAME?,#NAME?,,,,
,GAM-2220-3E  ,D,A,P,,,#NAME?,#NAME?,,,,
,GAM-2230-2E  ,D,A,P,GAM-2230,Musical Memory 2 CDEG,#NAME?,#NAME?,,,,
,GAM-2230-3E  ,D,A,P,,,#NAME?,#NAME?,,,,
,GAM-2240-2E  ,D,A,P,GAM-2240,Musical Memory 2-CDEFG,#NAME?,#NAME?,,,,
,GAM-2240-3E  ,D,A,P,,,#NAME?,#NAME?,,,,
,GAM-2240-5E  ,D,A,P,,,#NAME?,#NAME?,,,,
,GAM-2250-2E  ,D,A,P,GAM-2250,Musical Memory 3-CDE,#NAME?,#NAME?,,,,
,GAM-2250-3E  ,D,A,P,,,#NAME?,#NAME?,,,,
,GAM-2260-2E,D,A,p,GAM-2260,Musical Memory 3-CDEFG,#NAME?,#NAME?,,,,
,GAM-2260-3E,D,A,p,,,#NAME?,#NAME?,,,,
,GAM-2260-5E,N,N,,,Musical Memory 3-CDEFG,#NAME?,#NAME?,NEW,,,
,GAM-2270-2E,D,A,p,GAM-2270,Musical Memory 3-CDEG,#NAME?,#NAME?,,,,
,GAM-2270-3E,D,A,p,,,#NAME?,#NAME?,,,,
,GAM-2280-1E,D,A,p,GAM-2280,Musical Memory Challenge 1,#NAME?,#NAME?,,,,
,GAM-2280-2E,D,A,p,,,#NAME?,#NAME?,,,,
,GAM-2280-3E,D,A,p,,,#NAME?,#NAME?,,,,
,GAM-2290-1E,D,A,p,GAM-2290,Musical Memory Keybd Challenge 1,#NAME?,#NAME?,,,,
,GAM-2290-2E,D,A,p,,,#NAME?,#NAME?,,,,
,GAM-2290-3E,D,A,p,,,#NAME?,#NAME?,,,,
,GAM-2290-5E,D,A,p,,,#NAME?,#NAME?,,,,
,GAM-2300-1E,D,A,p,GAM-2300,Musical Memory Keybd Challenge 2,#NAME?,#NAME?,,,,
,GAM-2300-2E,D,A,p,,,#NAME?,#NAME?,,,,
,GAM-2300-3E,D,A,p,,,#NAME?,#NAME?,,,,
,GAM-2300-5E,D,A,p,,,#NAME?,#NAME?,,,,
,GAM-2310-2E,N,N,,GAM-2310,Mystery Note 1,#NAME?,#NAME?,NEW,,,
,GAM-2310-3E,N,N,,,,#NAME?,#NAME?,,,,
,GAM-2320-2E,N,N,,GAM-2320,Mystery Note 1  S,#NAME?,#NAME?,,,,
,GAM-2320-3E,N,N,,,,#NAME?,#NAME?,,,,
,GAM-2330-1E,D,A,N,GAM-2330,Mystery Triads 1,#NAME?,#NAME?,Blank Screens,7/2/22,,
,GAM-2330-2E,D,A,N,,,#NAME?,#NAME?,Blank Screens,7/2/22,,
,GAM-2330-3E,D,A,N,,,#NAME?,#NAME?,Blank Screens,7/2/22,,
,GAM-2340-1E,D,A,P,GAM-2340,Natural Minor Memory 1,#NAME?,#NAME?,,,,
,GAM-2340-2E,D,A,P,,,#NAME?,#NAME?,,,,
,GAM-2340-3E,D,A,P,,,#NAME?,#NAME?,,,,
,GAM-2350-1E,N,N,,GAM-2350,Note Balloons 1,#NAME?,#NAME?,,,,
,GAM-2350-2E,N,N,,,,#NAME?,#NAME?,,,,
,GAM-2350-3E,N,N,,,,#NAME?,#NAME?,,,,
,GAM-2360-1E,N,N,,GAM-2360,Note Balloons 1 S,#NAME?,#NAME?,,,,
,GAM-2360-2E,N,N,,,,#NAME?,#NAME?,,,,
,GAM-2360-3E,N,N,,,,#NAME?,#NAME?,,,,
,GAM-2370-1E,N,N,,GAM-2370,Note Balloons 2,#NAME?,#NAME?,,,,
,GAM-2370-2E,N,N,,,,#NAME?,#NAME?,,,,
,GAM-2370-3E,N,N,,,,#NAME?,#NAME?,,,,
,GAM-2380-1E,N,N,,GAM-2380,Note Balloons 2 S,#NAME?,#NAME?,,,,
,GAM-2380-2E,N,N,,,,#NAME?,#NAME?,,,,
,GAM-2380-3E,N,N,,,,#NAME?,#NAME?,,,,
,GAM-2390-2E,D,A,P,GAM-2390,Note Flakes 1,#NAME?,#NAME?,,,,
,GAM-2390-3E,D,A,P,,,#NAME?,#NAME?,,,,
,GAM-2400-2E,N,N,,GAM-2400,Note Flakes 1 S,#NAME?,#NAME?,,,,
,GAM-2400-3E,N,N,,,,#NAME?,#NAME?,,,,
,GAM-2410-2E,D,A,P,GAM-2410,Note Flakes 2,#NAME?,#NAME?,,,,
,GAM-2410-3E,D,A,P,,,#NAME?,#NAME?,,,,
,GAM-2410-5E,D,A,P,,,#NAME?,#NAME?,,,,
,GAM-2420-2E,N,N,,GAM-2420,Note Flakes 2 S,#NAME?,#NAME?,,,,
,GAM-2420-3E,N,N,,,,#NAME?,#NAME?,,,,
,GAM-2420-5E,N,N,,,,#NAME?,#NAME?,,,,
,GAM-2430-1E,D,A,P,GAM-2430,Note Flakes-Diatonic Intervals 1,#NAME?,#NAME?,,,,
,GAM-2430-2E,D,A,P,,,#NAME?,#NAME?,,,,
,GAM-2430-3E,D,A,P,,,#NAME?,#NAME?,,,,
,GAM-2430-5E,D,A,P,,,#NAME?,#NAME?,,,,
,GAM-2440-1E,D,A,P,GAM-2440,Note Flakes-Diatonic Intervals 2,#NAME?,#NAME?,,,,
,GAM-2440-2E,D,A,P,,,#NAME?,#NAME?,,,,
,GAM-2440-3E,D,A,P,,,#NAME?,#NAME?,,,,
,GAM-2440-5E,D,A,P,,,#NAME?,#NAME?,,,,
,GAM-2450-1E,D,A,P,GAM-2450,Note Rockets 1,#NAME?,#NAME?,Blank Screens,11/11/21,,
,GAM-2450-2E,D,A,P,,,#NAME?,#NAME?,Blank Screens,11/11/21,,
,GAM-2450-3E,D,A,P,,,#NAME?,#NAME?,Blank Screens,11/11/21,,
,GAM-2450-5E,D,A,P,,,#NAME?,#NAME?,Blank Screens,11/11/21,,
,GAM-2460-1E,D,A,P,GAM-2460,Note Rockets 2,#NAME?,#NAME?,Blank Screens,11/11/21,,
,GAM-2460-2E,D,A,P,,,#NAME?,#NAME?,Blank Screens,11/11/21,,
,GAM-2460-3E,D,A,P,,,#NAME?,#NAME?,Blank Screens,11/11/21,,
,GAM-2460-5E,D,A,P,,,#NAME?,#NAME?,Blank Screens,11/11/21,,
,GAM-2470-1E,D,A,P,GAM-2470,Note Rockets 3,#NAME?,#NAME?,Blank Screens,11/11/21,,
,GAM-2470-2E,D,A,P,,,#NAME?,#NAME?,Blank Screens,11/11/21,,
,GAM-2470-3E,D,A,P,,,#NAME?,#NAME?,Blank Screens,11/11/21,,
,GAM-2470-5E,D,A,P,,,#NAME?,#NAME?,Blank Screens,11/11/21,,
,GAM-2480-1E,D,A,P,GAM-2480,Octave Playback 1,#NAME?,#NAME?,,,,
,GAM-2480-2E,D,A,P,,,#NAME?,#NAME?,,,,
,GAM-2480-3E,D,A,P,,,#NAME?,#NAME?,,,,
,GAM-2480-5E,D,A,P,,,#NAME?,#NAME?,,,,
,GAM-2490-1E,D,A,P,GAM-2490,Order Me Up 1,#NAME?,#NAME?,,,,
,GAM-2490-2E,D,A,P,,,#NAME?,#NAME?,,,,
,GAM-2490-3E,D,A,P,,,#NAME?,#NAME?,,,,
,GAM-2490-5E,D,A,P,,,#NAME?,#NAME?,,,,
,GAM-2500-1E,D,A,P,GAM-2500,Order Me Up 2,#NAME?,#NAME?,,,,
,GAM-2500-2E,D,A,P,,,#NAME?,#NAME?,,,,
,GAM-2500-3E,D,A,P,,,#NAME?,#NAME?,,,,
,GAM-2500-5E,D,A,P,,,#NAME?,#NAME?,,,,
,GAM-2510-1E  ,D,A,P,GAM-2510,Page Turner Keyboard 1,#NAME?,#NAME?,,,,
,GAM-2510-2E  ,D,A,P,,,#NAME?,#NAME?,,,,
,GAM-2510-3E  ,D,A,P,,,#NAME?,#NAME?,,,,
,GAM-2510-5E  ,D,A,P,,,#NAME?,#NAME?,,,,
,GAM-2520-1E  ,D,A,P,GAM-2520,Page Turner Keyboard 1 S,#NAME?,#NAME?,,,,
,GAM-2520-2E  ,D,A,P,,,#NAME?,#NAME?,,,,
,GAM-2520-3E  ,D,A,P,,,#NAME?,#NAME?,,,,
,GAM-2530-1E  ,D,A,P,GAM-2530,Page Turner 1 S,#NAME?,#NAME?,,,,
,GAM-2530-2E  ,D,A,P,,,#NAME?,#NAME?,,,,
,GAM-2530-3E  ,D,A,P,,,#NAME?,#NAME?,,,,
,GAM-2540-1E  ,D,A,P,GAM-2540,Page Turner 1,#NAME?,#NAME?,,,,
,GAM-2540-2E  ,D,A,P,,,#NAME?,#NAME?,,,,
,GAM-2540-3E  ,D,A,P,,,#NAME?,#NAME?,,,,
,GAM-2540-4E  ,N,A,N,,,#NAME?,#NAME?,,,,
,GAM-2540-5E  ,N,A,N,,,#NAME?,#NAME?,,,,
,GAM-2550-1E  ,D,A,P,GAM-2550,Page Turner Keyboard 2,#NAME?,#NAME?,,,,
,GAM-2550-2E  ,D,A,P,,,#NAME?,#NAME?,,,,
,GAM-2550-3E  ,D,A,P,,,#NAME?,#NAME?,,,,
,GAM-2550-4E  ,D,A,P,,,#NAME?,#NAME?,,,,
,GAM-2550-5E  ,D,A,P,,,#NAME?,#NAME?,,,,
,GAM-2560-1E  ,D,A,P,GAM-2560,Page Turner Keyboard 2 S,#NAME?,#NAME?,,,,
,GAM-2560-2E  ,D,A,P,,,#NAME?,#NAME?,,,,
,GAM-2560-3E  ,D,A,P,,,#NAME?,#NAME?,,,,
,GAM-2560-4E  ,D,A,P,,,#NAME?,#NAME?,,,,
,GAM-2560-5E  ,D,A,P,,,#NAME?,#NAME?,,,,
,GAM-2570-1E  ,D,A,P,GAM-2570,Page Turner 2 S,#NAME?,#NAME?,,,,
,GAM-2570-2E  ,D,A,P,,,#NAME?,#NAME?,,,,
,GAM-2570-3E  ,D,A,P,,,#NAME?,#NAME?,,,,
,GAM-2570-4E  ,D,A,P,,,#NAME?,#NAME?,,,,
,GAM-2570-5E  ,D,A,P,,,#NAME?,#NAME?,,,,
,GAM-2580-1E  ,D,A,P,GAM-2580,Page Turner 2,#NAME?,#NAME?,,,,
,GAM-2580-2E  ,D,A,P,,,#NAME?,#NAME?,,,,
,GAM-2580-3E  ,D,A,P,,,#NAME?,#NAME?,,,,
,GAM-2580-4E  ,D,A,P,,,#NAME?,#NAME?,,,,
,GAM-2580-5E  ,D,A,P,,,#NAME?,#NAME?,,,,
,GAM-2590-1E  ,D,A,P,GAM-2590,Page Turner Keyboard 3,#NAME?,#NAME?,,,,
,GAM-2590-2E  ,D,A,P,,,#NAME?,#NAME?,,,,
,GAM-2590-3E ,D,A,P,,,#NAME?,#NAME?,,,,
,GAM-2590-5E  ,D,A,P,,,#NAME?,#NAME?,,,,
,GAM-2600-1E  ,N,A,N,GAM-2600,Page Turner 3 S,#NAME?,#NAME?,,,,
,GAM-2600-2E  ,D,A,P,,,#NAME?,#NAME?,,,,
,GAM-2600-3E  ,D,A,P,,,#NAME?,#NAME?,,,,
,GAM-2600-4E  ,N,A,N,,,#NAME?,#NAME?,,,,
,GAM-2600-5E  ,D,A,P,,,#NAME?,#NAME?,,,,
,GAM-2610-1E  ,N,A,N,GAM-2610,Page Turner 3,#NAME?,#NAME?,,,,
,GAM-2610-2E  ,D,A,P,,,#NAME?,#NAME?,,,,
,GAM-2610-3E  ,D,A,P,,,#NAME?,#NAME?,,,,
,GAM-2610-4E  ,N,A,N,,,#NAME?,#NAME?,,,,
,GAM-2610-5E  ,D,A,P,,,#NAME?,#NAME?,,,,
,GAM-2620-1E  ,D,A,P,GAM-2620,Page Turner Keyboard 4,#NAME?,#NAME?,,,,
,GAM-2620-2E  ,D,A,P,,,#NAME?,#NAME?,,,,
,GAM-2620-3E  ,D,A,P,,,#NAME?,#NAME?,,,,
,GAM-2620-5E  ,D,A,P,,,#NAME?,#NAME?,,,,
,GAM-2630-1E  ,D,A,P,GAM-2630,Page Turner 4 S,#NAME?,#NAME?,,,,
,GAM-2630-2E  ,D,A,P,,,#NAME?,#NAME?,,,,
,GAM-2630-3E  ,D,A,P,,,#NAME?,#NAME?,,,,
,GAM-2630-4E  ,N,A,N,,,#NAME?,#NAME?,,,,
,GAM-2630-5E  ,D,A,P,,,#NAME?,#NAME?,,,,
,GAM-2640-1E  ,D,A,P,GAM-2640,Page Turner Keyboard 5,#NAME?,#NAME?,,,,
,GAM-2640-2E  ,D,A,P,,,#NAME?,#NAME?,,,,
,GAM-2640-3E  ,D,A,P,,,#NAME?,#NAME?,,,,
,GAM-2640-5E ,D,A,P,,,#NAME?,#NAME?,,,,
,GAM-2650-1E  ,D,A,P,GAM-2650,Page Turner 5 S,#NAME?,#NAME?,,,,
,GAM-2650-2E  ,D,A,P,,,#NAME?,#NAME?,,,,
,GAM-2650-3E  ,D,A,P,,,#NAME?,#NAME?,,,,
,GAM-2650-4E  ,N,A,N,,,#NAME?,#NAME?,,,,
,GAM-2650-5E  ,D,A,P,,,#NAME?,#NAME?,,,,
,GAM-2660-1E  ,D,A,P,GAM-2660,Page Turner Keyboard 6,#NAME?,#NAME?,,,,
,GAM-2660-2E  ,D,A,P,,,#NAME?,#NAME?,,,,
,GAM-2660-3E  ,D,A,P,,,#NAME?,#NAME?,,,,
,GAM-2660-5E  ,D,A,P,,,#NAME?,#NAME?,,,,
,GAM-2670-1E  ,D,A,P,GAM-2670,Page Turner 6 S,#NAME?,#NAME?,,,,
,GAM-2670-2E  ,D,A,P,,,#NAME?,#NAME?,,,,
,GAM-2670-3E  ,D,A,P,,,#NAME?,#NAME?,,,,
,GAM-2670-4E  ,N,A,N,,,#NAME?,#NAME?,,,,
,GAM-2670-5E  ,D,A,P,,,#NAME?,#NAME?,,,,
,GAM-2680-1E  ,D,A,P,GAM-2680,Page Turner Letters 1,#NAME?,#NAME?,,,,
,GAM-2680-2E  ,D,A,P,,,#NAME?,#NAME?,,,,
,GAM-2680-3E  ,D,A,P,,,#NAME?,#NAME?,,,,
,GAM-2680-5E  ,D,A,P,,,#NAME?,#NAME?,,,,
,GAM-2690-1E  ,D,A,P,GAM-2690,Page Turner Letters 2,#NAME?,#NAME?,,,,
,GAM-2690-2E  ,D,A,P,,,#NAME?,#NAME?,,,,
,GAM-2690-3E  ,D,A,P,,,#NAME?,Quiz,,,,
,GAM-2690-5E  ,D,A,P,,,#NAME?,#NAME?,,,,
,GAM-2700-1E  ,D,A,P,GAM-2700,Page Turner Letters 3,#NAME?,#NAME?,,,,
,GAM-2700-2E  ,D,A,P,,,#NAME?,#NAME?,,,,
,GAM-2700-3E  ,D,A,P,,,#NAME?,#NAME?,,,,
,GAM-2700-4E  ,D,A,P,,,#NAME?,#NAME?,,,,
,GAM-2700-5E  ,D,A,P,,,#NAME?,#NAME?,,,,
,GAM-2710-1E  ,D,A,P,GAM-2710,Page Turner Letters 4,#NAME?,#NAME?,,,,
,GAM-2710-2E  ,D,A,P,,,#NAME?,#NAME?,,,,
,GAM-2710-3E  ,D,A,P,,,#NAME?,#NAME?,,,,
,GAM-2710-4E  ,D,A,P,,,#NAME?,#NAME?,,,,
,GAM-2710-5E  ,D,A,P,,,#NAME?,#NAME?,,,,
,GAM-2720-1E  ,D,A,P,GAM-2720,Page Turner Letters 5,#NAME?,#NAME?,,,,
,GAM-2720-2E  ,D,A,P,,,#NAME?,#NAME?,,,,
,GAM-2720-3E  ,D,A,P,,,#NAME?,#NAME?,,,,
,GAM-2720-4E  ,D,A,P,,,#NAME?,#NAME?,,,,
,GAM-2720-5E  ,D,A,P,,,#NAME?,#NAME?,,,,
,GAM-2730-1E  ,D,A,P,GAM-2730,Page Turner Letters 6,#NAME?,#NAME?,,,,
,GAM-2730-2E  ,D,A,P,,,#NAME?,#NAME?,,,,
,GAM-2730-3E  ,D,A,P,,,#NAME?,#NAME?,,,,
,GAM-2730-4E  ,D,A,P,,,#NAME?,#NAME?,,,,
,GAM-2730-5E  ,D,A,P,,,#NAME?,#NAME?,,,,
,GAM-2740-1E  ,D,A,P,GAM-2740,Page Turner Letters 7,#NAME?,#NAME?,,,,
,GAM-2740-2E  ,D,A,P,,,#NAME?,#NAME?,,,,
,GAM-2740-3E  ,D,A,P,,,#NAME?,#NAME?,,,,
,GAM-2740-5E  ,D,A,P,,,#NAME?,#NAME?,,,,
,GAM-2750-1E,D,A,P,GAM-2750,Pattern Flashes 1,#NAME?,#NAME?,,,,
,GAM-2750-2E,D,A,P,,,#NAME?,#NAME?,,,,
,GAM-2750-3E,D,A,P,,,#NAME?,#NAME?,,,,
,GAM-2750-5E,D,A,P,,,#NAME?,#NAME?,,,,
,GAM-2760-1E,D,A,P,GAM-2760,Pattern Flashes 2,#NAME?,#NAME?,,,,
,GAM-2760-2E,D,A,P,,,#NAME?,#NAME?,,,,
,GAM-2760-3E,D,A,P,,,#NAME?,#NAME?,,,,
,GAM-2760-5E,D,A,P,,,#NAME?,#NAME?,,,,
,GAM-2770-1E,D,A,P,GAM-2770,Pattern Reading 1,#NAME?,#NAME?,,,,
,GAM-2770-2E,D,A,P,,,#NAME?,#NAME?,,,,
,GAM-2770-3E,D,A,P,,,#NAME?,#NAME?,,,,
,GAM-2770-5E,D,A,P,,,#NAME?,#NAME?,,,,
,GAM-2790-1E,D,A,P,GAM-2790,Pattern Reading 2,#NAME?,#NAME?,,,,
,GAM-2790-2E,D,A,P,,,#NAME?,#NAME?,,,,
,GAM-2790-3E,D,A,P,,,#NAME?,#NAME?,,,,
,GAM-2790-5E,D,A,P,,,#NAME?,#NAME?,,,,
,GAM-2810-1E,D,A,P,GAM-2810,Pentascale Toolbox 1,#NAME?,#NAME?,,,,
,GAM-2810-2E,D,A,P,,,#NAME?,#NAME?,,,,
,GAM-2810-3E,D,A,P,,,#NAME?,#NAME?,,,,
,GAM-2810-5E,D,A,P,,,#NAME?,#NAME?,,,,
,GAM-2810-6E,D,N,N,,,#NAME?,Review2,,,,
,GAM-2820-1E,D,A,P,GAM-2820,Pentascale Toolbox 2,#NAME?,#NAME?,,,,
,GAM-2820-2E,D,A,P,,,#NAME?,#NAME?,,,,
,GAM-2820-3E,D,A,P,,,#NAME?,#NAME?,,,,
,GAM-2820-5E,D,A,P,,,#NAME?,#NAME?,,,,
,GAM-2830-1E,D,A,P,GAM-2830,Pentascale Toolbox 3,#NAME?,#NAME?,,,,
,GAM-2830-2E,D,A,P,,,#NAME?,#NAME?,,,,
,GAM-2830-3E,D,A,P,,,#NAME?,#NAME?,,,,
,GAM-2830-5E,D,A,P,,,#NAME?,#NAME?,,,,
,GAM-2840-1E  ,D,A,P,GAM-2840,Pick the Pattern 1,#NAME?,#NAME?,,,,
,GAM-2840-2E  ,D,A,P,,,#NAME?,#NAME?,,,,
,GAM-2840-3E  ,D,A,P,,,#NAME?,#NAME?,,,,
,GAM-2840-5E  ,D,A,P,,,#NAME?,#NAME?,,,,
,GAM-2850-1E  ,D,A,P,GAM-2850,Pick the Pattern 2,#NAME?,#NAME?,,,,
,GAM-2850-2E  ,D,A,P,,,#NAME?,#NAME?,,,,
,GAM-2850-3E  ,D,A,P,,,#NAME?,#NAME?,,,,
,GAM-2850-5E  ,D,A,P,,,#NAME?,#NAME?,,,,
,GAM-2860-2E  ,D,A,P,GAM-2860,Pick the Pattern Forte Piano,#NAME?,#NAME?,,,,
,GAM-2860-3E  ,D,A,P,,,#NAME?,#NAME?,,,,
,GAM-2860-5E  ,D,A,P,,,#NAME?,#NAME?,,,,
,GAM-2870-1E  ,D,A,P,GAM-2870,Pick the Pattern Loud Soft,#NAME?,#NAME?,,,,
,GAM-2870-2E  ,D,A,P,,,#NAME?,#NAME?,,,,
,GAM-2870-3E  ,D,A,P,,,#NAME?,#NAME?,,,,
,GAM-2870-5E ,D,A,P,,,#NAME?,#NAME?,,,,
,GAM-2880-1E,D,A,N,GAM-2880,Pitch Detective 1,#NAME?,#NAME?,Blank Screens,6/4/22,,
,GAM-2880-2E,D,A,N,,,#NAME?,#NAME?,Blank Screens,6/4/22,,
,GAM-2880-3E,D,A,N,,,#NAME?,#NAME?,Blank Screens,6/4/22,,
,GAM-2880-5E,D,A,N,,,#NAME?,#NAME?,Blank Screens,6/4/22,,
,GAM-2890-1E,D,A,N,GAM-2890,Pitch Detective 2,#NAME?,#NAME?,Blank Screens,6/4/22,,
,GAM-2890-2E,D,A,N,,,#NAME?,#NAME?,Blank Screens,6/4/22,,
,GAM-2890-3E,D,A,N,,,#NAME?,#NAME?,Blank Screens,6/4/22,,
,GAM-2890-4E,N,N,,,,#NAME?,#NAME?,,,,
,GAM-2900-1E,N,N,,GAM-2900,Pitch Detective 3,#NAME?,#NAME?,,,,
,GAM-2900-2E,N,N,,,,#NAME?,#NAME?,,,,
,GAM-2900-3E,N,N,,,,#NAME?,#NAME?,,,,
,GAM-2900-4E,N,N,,,,#NAME?,#NAME?,,,,
,GAM-2900-5E,N,N,,,,#NAME?,#NAME?,,,,
,GAM-2910-1E,N,N,,GAM-2910,Pitch Detective 4,#NAME?,#NAME?,,,,
,GAM-2910-2E,N,N,,,,#NAME?,#NAME?,,,,
,GAM-2910-3E,N,N,,,,#NAME?,#NAME?,,,,
,GAM-2910-4E,N,N,,,,#NAME?,#NAME?,,,,
,GAM-2910-5E,N,N,,,,#NAME?,#NAME?,,,,
,GAM-2920-2E,D,A,P,GAM-2920,Practice Buddy 1,#NAME?,#NAME?,,,,
,GAM-2920-3E,D,A,P,,,#NAME?,#NAME?,,,,
,GAM-2920-5E,D,A,P,,,#NAME?,#NAME?,,,,
,GAM-2930-1E,D,A,N,GAM-2930,Random Rhythms 1,#NAME?,#NAME?,Blank Screens,6/4/22,,
,GAM-2930-2E,D,A,N,,,#NAME?,#NAME?,Blank Screens,6/4/22,,
,GAM-2930-3E,D,A,N,,,#NAME?,#NAME?,Blank Screens,6/4/22,,
,GAM-2930-5E,D,A,N,,,#NAME?,#NAME?,Blank Screens,6/4/22,,
,GAM-2940-1E,D,A,N,GAM-2940,Relatively Speaking 1,#NAME?,#NAME?,Blank Screens,7/2/22,,
,GAM-2940-2E,D,A,N,,,#NAME?,#NAME?,Blank Screens,7/2/22,,
,GAM-2940-3E,D,A,N,,,#NAME?,#NAME?,Blank Screens,7/2/22,,
,GAM-2940-5E,D,A,N,,,#NAME?,#NAME?,Blank Screens,7/2/22,,
,GAM-2950-1E  ,D,A,P,GAM-2950,Rhythm Factory 1,#NAME?,#NAME?,,,,
,GAM-2950-2E  ,D,A,P,,,#NAME?,#NAME?,,,,
,GAM-2950-3E  ,D,A,P,,,#NAME?,#NAME?,,,,
,GAM-2950-5E  ,D,A,P,,,#NAME?,#NAME?,,,,
,GAM-2960-1E  ,D,A,P,GAM-2960,Rhythm Factory 2,#NAME?,#NAME?,,,,
,GAM-2960-2E  ,D,A,P,,,#NAME?,#NAME?,,,,
,GAM-2960-3E  ,D,A,P,,,#NAME?,#NAME?,,,,
,GAM-2960-5E  ,D,A,P,,,#NAME?,#NAME?,,,,
,GAM-2970-1E  ,D,A,P,GAM-2970,Rhythm Factory 3,#NAME?,#NAME?,,,,
,GAM-2970-2E  ,D,A,P,,,#NAME?,#NAME?,,,,
,GAM-2970-3E  ,D,A,P,,,#NAME?,#NAME?,,,,
,GAM-2970-5E  ,D,A,P,,,#NAME?,#NAME?,,,,
,GAM-2980-1E  ,D,A,P,GAM-2980,Rhythm Factory 4,#NAME?,#NAME?,,,,
,GAM-2980-2E  ,D,A,P,,,#NAME?,#NAME?,,,,
,GAM-2980-3E  ,D,A,P,,,#NAME?,#NAME?,,,,
,GAM-2980-5E  ,D,A,P,,,#NAME?,#NAME?,,,,
,GAM-2990-1E,D,A,P,GAM-2990,Rhythm Finder 1,#NAME?,#NAME?,,,,
,GAM-2990-2E,D,A,P,,,#NAME?,#NAME?,,,,
,GAM-2990-3E,D,A,P,,,#NAME?,#NAME?,,,,
,GAM-2990-5E,D,A,P,,,#NAME?,#NAME?,,,,
,GAM-3000-1E,D,A,P,GAM-3000,Rhythm Math 1,#NAME?,#NAME?,,,,
,GAM-3000-2E,D,A,P,,,#NAME?,#NAME?,,,,
,GAM-3000-3E,D,A,P,,,#NAME?,#NAME?,,,,
,GAM-3000-5E,D,A,P,,,#NAME?,#NAME?,,,,
,GAM-3010-1E,N,N,,GAM-3010,Rhythm Math 5,#NAME?,#NAME?,,,,
,GAM-3010-2E,N,N,,,,#NAME?,#NAME?,,,,
,GAM-3010-3E,N,N,,,,#NAME?,#NAME?,,,,
,GAM-3010-5E,N,N,,,,#NAME?,#NAME?,,,,
,GAM-3020-1E  ,D,A,P,GAM-3020,Rhythm Pix 1,#NAME?,#NAME?,,,,
,GAM-3020-2E  ,D,A,P,,,#NAME?,#NAME?,,,,
,GAM-3020-3E  ,D,A,P,,,#NAME?,#NAME?,,,,
,GAM-3020-5E  ,D,A,P,,,#NAME?,#NAME?,,,,
,GAM-3030-1E  ,D,A,P,GAM-3030,Rhythm Pix 2,#NAME?,#NAME?,,,,
,GAM-3030-2E  ,D,A,P,,,#NAME?,#NAME?,,,,
,GAM-3030-3E  ,D,A,P,,,#NAME?,#NAME?,,,,
,GAM-3030-5E  ,D,A,P,,,#NAME?,#NAME?,,,,
,GAM-3040-1E  ,D,A,P,GAM-3040,Rhythm Pix 3,#NAME?,#NAME?,,,,
,GAM-3040-2E  ,D,A,P,,,#NAME?,#NAME?,,,,
,GAM-3040-3E  ,D,A,P,,,#NAME?,#NAME?,,,,
,GAM-3040-5E  ,D,A,P,,,#NAME?,#NAME?,,,,
,GAM-3050-1E  ,D,A,P,GAM-3050,Rhythm Pix 4,#NAME?,#NAME?,,,,
,GAM-3050-2E  ,D,A,P,,,#NAME?,#NAME?,,,,
,GAM-3050-3E  ,D,A,P,,,#NAME?,#NAME?,,,,
,GAM-3050-5E  ,D,A,P,,,#NAME?,#NAME?,,,,
,GAM-3060-1E  ,D,A,P,GAM-3060,Rhythm Pop 1,#NAME?,#NAME?,,,,
,GAM-3060-2E  ,D,A,P,,,#NAME?,#NAME?,,,,
,GAM-3060-3E  ,D,A,P,,,#NAME?,#NAME?,,,,
,GAM-3060-5E  ,D,A,P,,,#NAME?,#NAME?,,,,
,GAM-3070-1E  ,D,A,P,GAM-3070,Rhythm Pop 1A,#NAME?,#NAME?,,,,
,GAM-3070-2E  ,D,A,P,,,#NAME?,#NAME?,,,,
,GAM-3070-3E  ,D,A,P,,,#NAME?,#NAME?,,,,
,GAM-3070-5E  ,D,A,P,,,#NAME?,#NAME?,,,,
,GAM-3080-1E  ,D,A,P,GAM-3080,Rhythm Pop 2,#NAME?,#NAME?,,,,
,GAM-3080-2E  ,D,A,P,,,#NAME?,#NAME?,,,,
,GAM-3080-3E  ,D,A,P,,,#NAME?,#NAME?,,,,
,GAM-3080-5E  ,D,A,P,,,#NAME?,#NAME?,,,,
,GAM-3090-1E  ,D,A,P,GAM-3090,Rhythm Pop 3,#NAME?,#NAME?,,,,
,GAM-3090-2E  ,D,A,P,,,#NAME?,#NAME?,,,,
,GAM-3090-3E  ,D,A,P,,,#NAME?,#NAME?,,,,
,GAM-3090-5E  ,D,A,P,,,#NAME?,#NAME?,,,,
,GAM-3100-1E  ,D,A,P,GAM-3100,Rhythm Pop 4,#NAME?,#NAME?,,,,
,GAM-3100-2E  ,D,A,P,,,#NAME?,#NAME?,,,,
,GAM-3100-3E  ,D,A,P,,,#NAME?,#NAME?,,,,
,GAM-3100-5E  ,D,A,P,,,#NAME?,#NAME?,,,,
,GAM-3110-1E  ,D,A,P,GAM-3110,Rhythm Pop 5,#NAME?,#NAME?,,,,
,GAM-3110-2E  ,D,A,P,,,#NAME?,#NAME?,,,,
,GAM-3110-3E  ,D,A,P,,,#NAME?,#NAME?,,,,
,GAM-3110-5E  ,D,A,P,,,#NAME?,#NAME?,,,,
,GAM-3120-1E,D,A,P,GAM-3120,Rhythm Rally 1,#NAME?,#NAME?,,,,
,GAM-3120-2E,D,A,P,,,#NAME?,#NAME?,,,,
,GAM-3120-3E,D,A,P,,,#NAME?,#NAME?,,,,
,GAM-3120-5E,D,A,P,,,#NAME?,#NAME?,,,,
,GAM-3130-1A,D,A,P,GAM-3130,Rhythm Rally 1A,#NAME?,#NAME?,Notation is missing and audio is not working on Rhythm Rally 1A,,,
,GAM-3130-2A,D,A,P,,,#NAME?,#NAME?,,,,
,GAM-3130-3A,D,A,P,,,#NAME?,#NAME?,,,,
,GAM-3140-1E,D,A,P,GAM-3140,Rhythm Rally 2,#NAME?,#NAME?,,,,
,GAM-3140-2E,D,A,P,,,#NAME?,#NAME?,,,,
,GAM-3140-13,D,A,P,,,#NAME?,#NAME?,,,,
,GAM-3140-5E,D,A,P,,,#NAME?,#NAME?,,,,
,GAM-3150-1E,D,A,P,GAM-3150,Rhythm Regatta 1,#NAME?,#NAME?,,,,
,GAM-3150-2E,D,A,P,,,#NAME?,#NAME?,,,,
,GAM-3150-3E,D,A,P,,,#NAME?,#NAME?,,,,
,GAM-3150-5E,D,A,P,,,#NAME?,#NAME?,,,,
,GAM-3160-1E,D,A,P,GAM-3160,Rhythm Regatta 2,#NAME?,#NAME?,,,,
,GAM-3160-2E,D,A,P,,,#NAME?,#NAME?,,,,
,GAM-3160-3E,D,A,P,,,#NAME?,#NAME?,,,,
,GAM-3160-5E,D,A,P,,,#NAME?,#NAME?,,,,
,GAM-3170-1E,D,A,P,GAM-3170,Rhythm Regatta 3,#NAME?,#NAME?,,,,
,GAM-3170-2E,D,A,P,,,#NAME?,#NAME?,,,,
,GAM-3170-3E,D,A,P,,,#NAME?,#NAME?,,,,
,GAM-3170-5E,D,A,P,,,#NAME?,#NAME?,,,,
,GAM-3180-1E,D,A,P,GAM-3180,Rhythm Regatta 4,#NAME?,#NAME?,,,,
,GAM-3180-2E,D,A,P,,,#NAME?,#NAME?,,,,
,GAM-3180-3E,D,A,P,,,#NAME?,#NAME?,,,,
,GAM-3180-5E,D,A,P,,,#NAME?,#NAME?,,,,
,GAM-3190-1E,D,A,P,GAM-3190,Rhythm Regatta 5,#NAME?,#NAME?,,,,
,GAM-3190-2E,D,A,P,,,#NAME?,#NAME?,,,,
,GAM-3190-3E,D,A,P,,,#NAME?,#NAME?,,,,
,GAM-3190-5E,D,A,P,,,#NAME?,#NAME?,,,,
,GAM-3200-1E,N,N,,GAM-3200,Rhythm Riff 1,#NAME?,#NAME?,,,,
,GAM-3200-2E,N,N,,,,#NAME?,#NAME?,,,,
,GAM-3200-3E,N,N,,,,#NAME?,#NAME?,,,,
,GAM-3200-5E,N,N,,,,#NAME?,#NAME?,,,,
,GAM-3210-1E  ,D,A,P,GAM-3210,Rhythm Rockets 1,#NAME?,#NAME?,,,,
,GAM-3210-2E  ,D,A,P,,,#NAME?,#NAME?,,,,
,GAM-3210-3E  ,D,A,P,,,#NAME?,#NAME?,,,,
,GAM-3210-5E  ,D,A,P,,,#NAME?,#NAME?,,,,
,GAM-3220-1E  ,D,A,P,GAM-3220,Rhythm Rockets 2,#NAME?,#NAME?,,,,
,GAM-3220-2E  ,D,A,P,,,#NAME?,#NAME?,,,,
,GAM-3220-3E  ,D,A,P,,,#NAME?,#NAME?,,,,
,GAM-3220-5E  ,D,A,P,,,#NAME?,#NAME?,,,,
,GAM-3230-1E  ,D,A,P,GAM-3230,Rhythm Rockets 3,#NAME?,#NAME?,,,,
,GAM-3230-2E  ,D,A,P,,,#NAME?,#NAME?,Game counter,5/11/22,,
,GAM-3230-3E  ,D,A,P,,,#NAME?,#NAME?,does not,5/11/22,,
,GAM-3230-5E  ,D,A,P,,,#NAME?,#NAME?,decrease,5/11/22,,
,GAM-3240-1E  ,D,A,P,GAM-3240,Rhythm Rockets 4,#NAME?,#NAME?,,,,
,GAM-3240-2E  ,D,A,P,,,#NAME?,#NAME?,,,,
,GAM-3240-3E  ,D,A,P,,,#NAME?,#NAME?,,,,
,GAM-3240-5E  ,D,A,P,,,#NAME?,#NAME?,,,,
,GAM-3250-1E  ,D,A,P,GAM-3250,Rhythm Rockets 5,#NAME?,#NAME?,,,,
,GAM-3250-2E  ,D,A,P,,,#NAME?,#NAME?,,,,
,GAM-3250-3E  ,D,A,P,,,#NAME?,#NAME?,,,,
,GAM-3250-5E  ,D,A,P,,,#NAME?,#NAME?,,,,
,GAM-3260-1E,D,A,P,GAM-3260,Rhythm Writer 1,#NAME?,#NAME?,Sabrina Shivley problem with bar lines 11-2-21,,,
,GAM-3260-2E,D,A,,,,#NAME?,#NAME?,Placement of the bar,,11/2/2021,
,GAM-3260-3E,D,A,,,,#NAME?,#NAME?,lines is too sensitive.,,11/2/2021,
,GAM-3260-5E,D,A,,,,#NAME?,#NAME?,Incorrect scores due,,11/2/2021,
,GAM-3270-1E,D,A,,GAM-3270,Rhythm Writer 2,#NAME?,#NAME?,to lines not snapping,,11/2/2021,
,GAM-3270-2E,D,A,,,,#NAME?,#NAME?,in place rather than,,11/2/2021,
,GAM-3270-3E,D,A,,,,#NAME?,#NAME?,mistake with music,,11/2/2021,
,GAM-3270-5E,D,A,,,,#NAME?,#NAME?,,,11/2/2021,
,GAM-3280-1E,D,A,,GAM-3280,Rhythm Writer 3,#NAME?,#NAME?,Placement of the bar,,11/2/2021,
,GAM-3280-2E,D,A,,,,#NAME?,#NAME?,lines is too sensitive.,,11/2/2021,
,GAM-3280-3E,D,A,,,,#NAME?,#NAME?,Incorrect scores due,,11/2/2021,
,GAM-3280-5E,D,A,,,,#NAME?,#NAME?,to lines not snapping,,11/2/2021,
,GAM-3290-1E,D,A,,GAM-3290,Rhythm Writer 4,#NAME?,#NAME?,in place rather than,,11/2/2021,
,GAM-3290-2E,D,A,,,,#NAME?,#NAME?,mistake with music,,11/2/2021,
,GAM-3290-3E,D,A,,,,#NAME?,#NAME?,,,11/2/2021,
,GAM-3290-5E,D,A,,,,#NAME?,#NAME?,,,11/2/2021,
,GAM-3300-1E,D,A,,GAM-3300,Rhythm Writer 5,#NAME?,#NAME?,Placement of the bar,,11/2/2021,
,GAM-3300-2E,D,A,,,,#NAME?,#NAME?,lines is too sensitive.,,11/2/2021,
,GAM-3300-3E,D,A,,,,#NAME?,#NAME?,Incorrect scores due,,11/2/2021,
,GAM-3300-5E,D,A,,,,#NAME?,#NAME?,to lines not snapping,,11/2/2021,
,GAM-3310-1E,D,A,,GAM-3310,Rhythm Writer 6,#NAME?,#NAME?,in place rather than,,11/2/2021,
,GAM-3310-2E,D,A,,,,#NAME?,#NAME?,mistake with music,,11/2/2021,
,GAM-3310-3E,D,A,,,,#NAME?,#NAME?,,,11/2/2021,
,GAM-3310-5E,D,A,,,,#NAME?,#NAME?,,,11/2/2021,
,GAM-3320-1E,D,A,N,GAM-3320,Scale Family Picnic 1,#NAME?,#NAME?,Blank Screens,7/5/22,,
,GAM-3320-2E,D,A,N,,,#NAME?,#NAME?,Blank Screens,7/5/22,,
,GAM-3320-3E,D,A,N,,,#NAME?,#NAME?,Blank Screens,7/5/22,,
,GAM-3320-5E,D,A,N,,,#NAME?,#NAME?,Blank Screens,7/5/22,,
,GAM-3330-1E,D,A,N,GAM-3330,Scale Family Picnic 2,#NAME?,#NAME?,Blank Screens,7/5/22,,
,GAM-3330-2E,D,A,N,,,#NAME?,#NAME?,Blank Screens,7/5/22,,
,GAM-3330-3E,D,A,N,,,#NAME?,#NAME?,Blank Screens,7/5/22,,
,GAM-3330-5E,D,A,N,,,#NAME?,#NAME?,Blank Screens,7/5/22,,
,GAM-3340-1E,D,A,N,GAM-3340,Scale Family Picnic 3,#NAME?,#NAME?,Blank Screens,7/5/22,,
,GAM-3340-2E,D,A,N,,,#NAME?,#NAME?,Blank Screens,7/5/22,,
,GAM-3340-3E,D,A,N,,,#NAME?,#NAME?,Blank Screens,7/5/22,,
,GAM-3340-5E,D,A,N,,,#NAME?,#NAME?,Blank Screens,7/5/22,,
,GAM-3350-1E,D,A,N,GAM-3350,Scale Family Picnic 4,#NAME?,#NAME?,Blank Screens,7/5/22,,
,GAM-3350-2E,D,A,N,,,#NAME?,#NAME?,Blank Screens,7/5/22,,
,GAM-3350-3E,D,A,N,,,#NAME?,#NAME?,Blank Screens,7/5/22,,
,GAM-3350-5E,D,A,N,,,#NAME?,#NAME?,Blank Screens,7/5/22,,
,GAM-3360-1E  ,D,A,P,GAM-3360,Smiley & Friends-Rhythm 1,#NAME?,#NAME?,Erratic movements and overly sensitive,,,
,GAM-3360-2E  ,D,A,P,,,#NAME?,#NAME?,,,,
,GAM-3360-3E  ,D,A,P,,,#NAME?,#NAME?,,,,
,GAM-3360-5E  ,N,A,N,,,#NAME?,#NAME?,,,,
,GAM-3370-1E,D,A,P,GAM-3370,Smiley and Friends 1,#NAME?,#NAME?,,,,
,GAM-3370-2E,D,A,P,,,#NAME?,#NAME?,,,,
,GAM-3370-3E,D,A,P,,,#NAME?,#NAME?,,,,
,GAM-3380-1E,D,A,P,GAM-3380,Smiley and Friends 2,#NAME?,#NAME?,,,,
,GAM-3380-2E,D,A,P,,,#NAME?,#NAME?,,,,
,GAM-3380-3E,D,A,P,,,#NAME?,#NAME?,,,,
,GAM-3390-1E,D,A,P,GAM-3390,Snowball Stems 1,#NAME?,#NAME?,,,,
,GAM-3390-2E,D,A,P,,,#NAME?,#NAME?,,,,
,GAM-3390-3E,D,A,P,,,#NAME?,#NAME?,,,,
,GAM-3390-4E,D,A,P,,,#NAME?,#NAME?,,,,
,GAM-3400-2E  ,D,A,P,GAM-3400,Song Birds 1,#NAME?,#NAME?,,,,
,GAM-3400-3E  ,D,A,P,,,#NAME?,#NAME?,,,,
,GAM-3400-4E  ,D,A,P,,,#NAME?,#NAME?,,,,
,GAM-3400-5E  ,D,A,P,,,#NAME?,#NAME?,,,,
,GAM-3420-2E  ,D,A,P,GAM-3420,Song Birds 2,#NAME?,#NAME?,,,,
,GAM-3420-3E  ,D,A,P,,,#NAME?,#NAME?,,,,
,GAM-3420-4E  ,D,A,P,,,#NAME?,#NAME?,,,,
,GAM-3420-5E  ,D,A,P,,,#NAME?,#NAME?,,,,
,GAM-3440-2E  ,D,A,P,GAM-3440,Song Birds 3,#NAME?,#NAME?,,,,
,GAM-3440-3E  ,D,A,P,,,#NAME?,#NAME?,,,,
,GAM-3440-4E  ,N,A,N,,,#NAME?,#NAME?,,,,
,GAM-3440-5E  ,D,A,P,,,#NAME?,#NAME?,,,,
,GAM-3460-2E  ,D,A,P,GAM-3460,Song Birds 4,#NAME?,#NAME?,,,,
,GAM-3460-3E  ,D,A,P,,,#NAME?,#NAME?,,,,
,GAM-3460-4E  ,D,A,P,,,#NAME?,#NAME?,,,,
,GAM-3460-5E  ,D,A,P,,,#NAME?,#NAME?,,,,
,GAM-3480-1E,D,A,P,GAM-3480,Songbirds High and Low,#NAME?,#NAME?,,,,
,GAM-3480-2E,D,A,P,,,#NAME?,#NAME?,,,,
,GAM-3480-3E,D,A,P,,,#NAME?,#NAME?,,,,
,GAM-3480-5E,D,A,P,,,,,,,,
,GAM-3490-1E,D,A,N,GAM-3490,Songbirds Major & minor,#NAME?,#NAME?,Blank Screens,7/2/22,,
,GAM-3490-2E,D,A,N,,,#NAME?,#NAME?,Blank Screens,7/2/22,,
,GAM-3490-3E,D,A,N,,,#NAME?,#NAME?,Blank Screens,7/2/22,,
,GAM-3490-5E,D,A,N,,,#NAME?,#NAME?,Blank Screens,7/2/22,,
,GAM-3500-2E  ,D,A,P,GAM-3500,Staff Birds 1,#NAME?,#NAME?,,,,
,GAM-3500-3E  ,D,A,P,,,#NAME?,#NAME?,,,,
,GAM-3520-2E  ,D,A,P,GAM-3520,Staff Birds 2,#NAME?,#NAME?,,,,
,GAM-3520-3E  ,D,A,P,,,#NAME?,#NAME?,,,,
,GAM-3520-5E  ,D,A,P,,,#NAME?,#NAME?,,,,
,GAM-3540-2E  ,D,A,P,GAM-3540,Staff Birds 3,#NAME?,#NAME?,,,,
,GAM-3540-3E  ,D,A,P,,,#NAME?,#NAME?,,,,
,GAM-3560-2E  ,D,A,P,GAM-3560,Staff Birds 4,#NAME?,#NAME?,,,,
,GAM-3560-3E  ,D,A,P,,,#NAME?,#NAME?,,,,
,GAM-3580-2E  ,D,A,P,GAM-3580,Staff Birds 5,#NAME?,#NAME?,,,,
,GAM-3580-3E  ,D,A,P,,,#NAME?,#NAME?,,,,
,GAM-3600-2E  ,D,A,P,GAM-3600,Staff Birds 6,#NAME?,#NAME?,,,,
,GAM-3600-3E  ,D,A,P,,,#NAME?,#NAME?,,,,
,GAM-3620-2E  ,D,A,P,GAM-3620,Staff Birds 7,#NAME?,#NAME?,,,,
,GAM-3620-3E  ,D,A,P,,,#NAME?,#NAME?,,,,
,GAM-3620-5E  ,D,A,P,,,#NAME?,#NAME?,,,,
,GAM-3640-2E  ,D,A,P,GAM-3640,Staff Birds 8,#NAME?,#NAME?,,,,
,GAM-3640-3E  ,D,A,P,,,#NAME?,#NAME?,,,,
,GAM-3640-5E  ,D,A,P,,,#NAME?,#NAME?,,,,
,GAM-3660-1E  ,D,A,P,GAM-3660,Steady As She Goes,#NAME?,#NAME?,,,,
,GAM-3660-2E  ,D,A,P,,,#NAME?,#NAME?,,,,
,GAM-3660-3E  ,D,A,P,,,#NAME?,#NAME?,,,,
,GAM-3660-5E  ,D,A,P,,,#NAME?,#NAME?,,,,
,GAM-3670-1E,D,A,P,GAM-3670,Step Right Up 1,#NAME?,#NAME?,,,,
,GAM-3670-2E,D,A,P,,,#NAME?,#NAME?,,,,
,GAM-3670-3E,D,A,P,,,#NAME?,#NAME?,,,,
,GAM-3670-5E,D,A,P,,,#NAME?,#NAME?,,,,
,GAM-3680-1E,D,A,P,GAM-3680,Step Right Up 2,#NAME?,#NAME?,,,,
,GAM-3680-2E,D,A,P,,,#NAME?,#NAME?,,,,
,GAM-3680-3E,D,A,P,,,#NAME?,#NAME?,,,,
,GAM-3680-5E,D,A,P,,,#NAME?,#NAME?,,,,
,GAM-3690-1E,D,A,P,GAM-3690,Step Right Up 3,#NAME?,#NAME?,,,,
,GAM-3690-2E,D,A,P,,,#NAME?,#NAME?,,,,
,GAM-3690-23,D,A,P,,,#NAME?,#NAME?,,,,
,GAM-3690-5E,D,A,P,,,#NAME?,#NAME?,,,,
,GAM-3700-1E,D,A,P,GAM-3700,Sticky Stockings 1,#NAME?,#NAME?,,,,
,GAM-3700-2E,D,A,P,,,#NAME?,#NAME?,,,,
,GAM-3700-3E,D,A,P,,,#NAME?,#NAME?,,,,
,GAM-3700-5E,D,A,N,,,#NAME?,#NAME?,Blank Screens,7/2/22,,
,GAM-3710-1E,D,A,P,GAM-3710,Sticky Stockings 2,#NAME?,#NAME?,,,,
,GAM-3710-2E,D,A,P,,,#NAME?,#NAME?,,,,
,GAM-3710-3E,D,A,P,,,#NAME?,#NAME?,,,,
,GAM-3710-5E,D,A,P,,,#NAME?,#NAME?,,,,
,GAM-3720-1E  ,D,A,P,GAM-3720,Storm Chasers 1,#NAME?,#NAME?,,,,
,GAM-3720-2E  ,D,A,P,,,#NAME?,#NAME?,,,,
,GAM-3720-3E  ,D,A,P,,,#NAME?,#NAME?,,,,
,GAM-3720-5E  ,D,A,P,,,#NAME?,#NAME?,,,,
,GAM-3730-1E,D,A,P,GAM-3730,Storm Chasers 2,#NAME?,#NAME?,,,,
,GAM-3730-2E,D,A,P,,,#NAME?,#NAME?,,,,
,GAM-3730-3E,D,A,P,,,#NAME?,#NAME?,,,,
,GAM-3730-5E,D,A,P,,,#NAME?,#NAME?,,,,
,GAM-3740-1E,D,A,P,GAM-3740,Storm Chasers 3,#NAME?,#NAME?,,,,
,GAM-3740-2E,D,A,P,,,#NAME?,#NAME?,,,,
,GAM-3740-3E,D,A,P,,,#NAME?,#NAME?,,,,
,GAM-3740-5E,D,A,P,,,#NAME?,#NAME?,,,,
,GAM-3760-1E,D,A,P,GAM-3760,Super Monkey Intervals 1,#NAME?,#NAME?,Blank Screens,11/10/21,,
,GAM-3760-2E,D,A,P,,,#NAME?,#NAME?,Blank Screens,11/10/21,,
,GAM-3760-3E,D,A,P,,,#NAME?,#NAME?,Blank Screens,11/10/21,,
,GAM-3760-5E,D,A,P,,,#NAME?,#NAME?,Blank Screens,11/10/21,,
,GAM-3780-1E,D,A,P,GAM-3780,Super Monkey Intervals 2,#NAME?,#NAME?,Blank Screens,11/10/21,,
,GAM-3780-2E,D,A,P,,,#NAME?,#NAME?,Blank Screens,11/10/21,,
,GAM-3780-3E,D,A,P,,,#NAME?,#NAME?,Blank Screens,11/10/21,,
,GAM-3780-5E,D,A,P,,,#NAME?,#NAME?,Blank Screens,11/10/21,,
,GAM-3790-1E,D,A,P,GAM-3790,Surfin' Rhythms 1,#NAME?,#NAME?,,,,
,GAM-3790-2E,D,A,P,,,#NAME?,#NAME?,,,,
,GAM-3790-3E,D,A,P,,,#NAME?,#NAME?,,,,
,GAM-3790-5E,D,A,P,,,#NAME?,#NAME?,,,,
,GAM-3800-1E,D,A,P,GAM-3800,Surfin' Rhythms 2,#NAME?,#NAME?,,,,
,GAM-3800-2E,D,A,P,,,#NAME?,#NAME?,,,,
,GAM-3800-3E,D,A,P,,,#NAME?,#NAME?,,,,
,GAM-3800-5E,D,A,P,,,#NAME?,#NAME?,,,,
,GAM-3810-1E,N,N,,GAM-3810,Surfin' Scales 1,#NAME?,#NAME?,,,,
,GAM-3810-2E,N,N,,,,#NAME?,#NAME?,,,,
,GAM-3810-3E,N,N,,,,#NAME?,#NAME?,,,,
,GAM-3810-5E,N,N,,,,#NAME?,#NAME?,,,,
,GAM-3820-1E,N,N,,GAM-3820,Surfin' Scales 2,#NAME?,#NAME?,,,,
,GAM-3820-2E,N,N,,,,#NAME?,#NAME?,,,,
,GAM-3820-3E,N,N,,,,#NAME?,#NAME?,,,,
,GAM-3820-5E,N,N,,,,#NAME?,#NAME?,,,,
,GAM-3830-1E,D ,A,P,GAM-3830,Time Signature Blimp 1,#NAME?,#NAME?,,,,
,GAM-3830-2E,D ,A,P,,,#NAME?,#NAME?,,,,
,GAM-3830-3E,D ,A,P,,,#NAME?,#NAME?,,,,
,GAM-3830-5E,D ,A,P,,,#NAME?,#NAME?,,,,
,GAM-3840-1E,D ,A,P,GAM-3840,Time Signature Blimp 2,#NAME?,#NAME?,,,,
,GAM-3840-2E,D ,A,P,,,#NAME?,#NAME?,,,,
,GAM-3840-3E,D ,A,P,,,#NAME?,#NAME?,,,,
,GAM-3840-5E,D ,A,P,,,#NAME?,#NAME?,,,,
,GAM-3850-1E  ,D,A,P,GAM-3850,Tommy Tiger's 2's & 3's,#NAME?,#NAME?,,,,
,GAM-3850-2E  ,D,A,P,,,#NAME?,#NAME?,,,,
,GAM-3850-3E  ,D,A,P,,,#NAME?,#NAME?,,,,
,GAM-3860-1E,D,A,P,GAM-3860,Triad Launch 1,#NAME?,#NAME?,,,,
,GAM-3860-2E,D,A,P,,,#NAME?,#NAME?,,,,
,GAM-3860-3E,D,A,P,,,#NAME?,#NAME?,,,,
,GAM-3860-5E,D,A,P,,,#NAME?,#NAME?,,,,
,GAM-3870-1E,D,A,P,GAM-3870,Triad Launch 2,#NAME?,#NAME?,,,,
,GAM-3870-2E,D,A,P,,,#NAME?,#NAME?,,,,
,GAM-3870-3E,D,A,P,,,#NAME?,#NAME?,,,,
,GAM-3870-5E,D,A,P,,,#NAME?,#NAME?,,,,
,GAM-3880-1E,N,N,,GAM-3880,Triad Launch 3,#NAME?,#NAME?,,,,
,GAM-3880-2E,N,N,,,,#NAME?,#NAME?,,,,
,GAM-3880-3E,N,N,,,,#NAME?,#NAME?,,,,
,GAM-3880-5E,N,N,,,,#NAME?,#NAME?,,,,
,GAM-3890-1E,N,N,,GAM-3890,Triad Launch 4,#NAME?,#NAME?,,,,
,GAM-3890-2E,N,N,,,,#NAME?,#NAME?,,,,
,GAM-3890-3E,N,N,,,,#NAME?,#NAME?,,,,
,GAM-3890-5E,N,N,,,,#NAME?,#NAME?,,,,
,GAM-3900-1E,N,N,,GAM-3900,Tropical Triads 1,#NAME?,#NAME?,,,,
,GAM-3900-2E,N,N,,,,#NAME?,#NAME?,,,,
,GAM-3900-3E,N,N,,,,#NAME?,#NAME?,,,,
,GAM-3900-5E,N,N,,,,#NAME?,#NAME?,,,,
,GAM-3910-1E,N,N,,GAM-3910,Tropical Triads 2,#NAME?,#NAME?,,,,
,GAM-3910-2E,N,N,,,,#NAME?,#NAME?,,,,
,GAM-3910-3E,N,N,,,,#NAME?,#NAME?,,,,
,GAM-3910-5E,N,N,,,,#NAME?,#NAME?,,,,
,GAM-3920-1E  ,D,A,P,GAM-3920,Tumble Triads 1,#NAME?,#NAME?,,,,
,GAM-3920-2E  ,D,A,P,,,#NAME?,#NAME?,,,,
,GAM-3920-3E  ,D,A,P,,,#NAME?,#NAME?,,,,
,GAM-3920-5E,D,A,P,,,#NAME?,#NAME?,,,,
,GAM-3930-1E  ,D,A,P,GAM-3930,Tumble Triads 2,#NAME?,#NAME?,,,,
,GAM-3930-2E  ,D,A,P,,,#NAME?,#NAME?,,,,
,GAM-3930-3E  ,D,A,P,,,#NAME?,#NAME?,,,,
,GAM-3930-5E  ,D,A,P,,,#NAME?,#NAME?,,,,
,GAM-3940-1E  ,D,A,P,GAM-3940,Tumble Triads 3,#NAME?,#NAME?,,,,
,GAM-3940-2E  ,D,A,P,,,#NAME?,#NAME?,,,,
,GAM-3940-3E  ,D,A,P,,,#NAME?,#NAME?,,,,
,GAM-3940-5E  ,D,A,P,,,#NAME?,#NAME?,,,,
,GAM-3950-1E,D,N,N,GAM-3950,Tumble Triads 4,#NAME?,#NAME?,,,,
,GAM-3950-2E,D,N,N,,,#NAME?,#NAME?,,,,
,GAM-3950-3E,D,N,N,,,#NAME?,#NAME?,,,,
,GAM-3950-5E,D,N,N,,,#NAME?,#NAME?,,,,
,GAM-3960-1E,D,N,N,GAM-3960,Tumbleweeds 1,#NAME?,#NAME?,,,,
,GAM-3960-2E,D,N,N,,,#NAME?,#NAME?,,,,
,GAM-3960-3E,D,N,N,,,#NAME?,#NAME?,,,,
,GAM-3960-5E,D,N,N,,,#NAME?,#NAME?,,,,
,GAM-3970-2E,N,N,,GAM-3970,Undersea Intervals 1,#NAME?,#NAME?,,,,
,GAM-3970-3E,N,N,,,,#NAME?,#NAME?,,,,
,GAM-3980-2E,N,N,,GAM-3980,Undersea Intervals 2,#NAME?,#NAME?,,,,
,GAM-3980-3E,N,N,,,,#NAME?,#NAME?,,,,
,GAM-3990-1E,D,A,P,GAM-3990,Underwater Clef Hanger,#NAME?,#NAME?,,,,
,GAM-3990-2E,D,A,P,,,#NAME?,#NAME?,,,,
,GAM-3990-3E,D,A,P,,,#NAME?,#NAME?,,,,
,GAM-3990-5E,D,A,N,,,#NAME?,#NAME?,Blank Screens,2/3/22,,
,GAM-4000-1E,N,N,,GAM-4000,Underwater Clef Hanger 1 S,#NAME?,#NAME?,,,,
,GAM-4000-2E,N,N,,,,#NAME?,#NAME?,,,,
,GAM-4000-3E,N,N,,,,#NAME?,#NAME?,,,,
,GAM-4000-5E,N,N,,,,#NAME?,#NAME?,,,,
,GAM-4010-1E,D,A,P,GAM-4010,Will Work for Peanuts 1,#NAME?,#NAME?,,,,
,GAM-4010-2E,D,A,P,,,#NAME?,#NAME?,,,,
,GAM-4010-3E,D,A,P,,,#NAME?,#NAME?,,,,
,GAM-4010-5E,D,A,P,,,#NAME?,#NAME?,,,,
,GAM-4020-1E,D,A,P,GAM-4020,Will Work for Peanuts 2,#NAME?,#NAME?,,,,
,GAM-4020-2E,D,A,P,,,#NAME?,#NAME?,,,,
,GAM-4020-3E,D,A,P,,,#NAME?,#NAME?,,,,
,GAM-4020-5E,D,A,P,,,#NAME?,#NAME?,,,,
,GAM-5000-1E,D,A,N,GAM-5000,CLARINET FINGERINGS 1,#NAME?,#NAME?,Blank Screens,7/2/22,,
,GAM-5100-1E,N,N,,GAM-5100,PIANO,,,,,,
,GAM-5200-1E,D,A,N,GAM-5200,SAXOPHONE FINGERINGS 1,#NAME?,#NAME?,Blank Screens,7/2/22,,
,GAM-5300-1E,D,A,N,GAM-5300,TRUMPET FINGERINGS 1,#NAME?,#NAME?,Blank Screens,7/2/22,,
,,,,,,,,,,,,
,,,,,,,,,,,,
,,,88%,,1250,DELIVERED,,,,,,
,,,12%,,170,NOT DELIVERED,,,,,,
,,,,,1420,TOTAL,,,,,,
,,,,,,,,,,,,
,,,73%,,1031,PLAYABLE,,,,,,
,,,,,,,,,,,,
,,,,,,,,,,,,
,,DELIVERED,,,D ,Games delivered (paid for),,,,,,
,,,ACTIVE,,A ,Game activated in Live Admin panel,,,,,,
,,,,PLAYS,P ,Game loads in playing panel and game may be played,,,,,,
,,,,,N ,Conditon is NO,,,,,,
,,,,,,,,,,,,
,,N,N,,,Game not delivered (not paid),,,,,,
,,N,A,N,,Game stage not delivered (on paid game),,,,,,
,,D,N,N,,PAID but not loaded,,,,,,
,,D,A,N,,Game delivered but not playable,,,,,,
,,D,A,P,,Game fully playable,,,,,,
,,,,,,,,,,,,
,,,,,,,,,,,,
,,,,,,,,,,,,
,"Any game marked ""D"" has been paid for to Bryan Warren and Bryan has delivered to Blayzer. ",,,,,,,,,,,
," If Blayzer does not have it, then the file must be re-sent. ",,,,,,,,,,,
," Any game marked ""N"" in the PLAYS column means that it does not load in the live system",,,,,,,,,,,
,This spreadsheet will be updated as I am notified of changes.  I will confirm changes,,,,,,,,,,,
,and notify both Blayzer and Bryan Warren,,,,,,,,,,,