,,
,,Graphic Source
Catch the Coconut 1,,
,GAM-0400-1E,
,GAM-0400-2E,
,GAM-0400-3E,
,GAM-0400-5E,
,,
Climbing Higher 2,,https://iconscout.com/lottie/ladder-and-ball-loader-4909615
,GAM-0550-1E,
,GAM-0550-2E,
,GAM-0550-3E,
,GAM-0550-5E,
,,
Downhill Rhythms 2,,https://iconscout.com/illustration/ski-resort-holiday-3864535
,GAM-0600-1E,
,GAM-0600-2E,
,GAM-0600-3E,
,GAM-0600-5E,
,,
Falling Chords 1,,https://iconscout.com/lottie/falling-maple-leaves-6886659
,GAM-0650-1E,
,GAM-0650-2E,
,GAM-0650-3E,
,GAM-0650-5E,
,,
It's All Relative 1,,https://iconscout.com/lottie/running-forward-flip-3959181
,GAM-1460-1E,
,GAM-1460-2E,
,GAM-1460-3E,
,GAM-1460-5E,
,,
LetterFly 1,,Dropbox / WIP
,GAM-1640-1E,
,GAM-1640-2E,
,GAM-1640-3E,
,GAM-1640-5E,
,,
Melody Mayhem 1,,Hire someone to recreate from scratch
,GAM-1870-1E,
,GAM-1870-2E,
,GAM-1870-3E,
,GGAM-1870-5E,
,,
Meteor Match 1,,Dropbox & https://iconscout.com/lottie/meteor-5704303
,GAM-2020-1E,
,GAM-2020-2E,
,GAM-2020-3E,
,,
Music Darts 1,,https://iconscout.com/lottie/darts-5263189
,GAM-2140-1E,https://iconscout.com/lottie/goal-6590390
,GAM-2140-2E,
,GAM-2140-3E,
,GAM-2140-5E,
,,
Page Turner Letters 3,,https://lottiefiles.com/93834-book-page-flip
,GAM-2700-1E,
,GAM-2700-2E,
,GAM-2700-3E,
,GAM-2700-4E,
,GAM-2700-5E,
,,
Song Birds 2,,
,GAM-3420-2E,
,GAM-3420-3E,
,GAM-3420-4E,
,GAM-3420-5E,
,,
Storm Chasers 1,,
,GAM-3720-1E,
,GAM-3720-2E,
,GAM-3720-3E,
,GAM-3720-5E,
,,
Tumble Triads 1,,
,GAM-3920-1E,
,GAM-3920-2E,
,GAM-3920-3E,
,GAM-3920-5E,
,,
Undersea Intervals 1,,
,GAM-3970-2E,
,GAM-3970-3E,