1,MusicLearningCommunity Content Management Specifications,,,,
2,1,,Phase 1-Must have in 2020 redeployment,,
3,1,,Phase 1-Must have in 2020 redeployment--possible specification change through collaboration,,
4,2,,Phase 2-Place in 2020 first phase if possible,,
5,3,,Phase 3-Delay until after Phase 2 items--may require MLC team action before developer can proceed,,
6,,,,,Last edited 1-29-20 / 6-18-21
7,TERMS & DEFINITIONS,,,,
8,,GAME STRUCTURAL ELEMENTS,,,
9,1,,Game,A discrete set of programmed procedures that teaches a concept in a game form.,
10,1,,,,These are the primary learning elements.
11,1,,,,Games may be preceded or followed by other types of learning elements in any Sequence.
12,1,,,,
13,1,,Learning Element,"Games, videos, text, music, tasks, and other items predefined to be included in lesson assignments.",
14,1,,,,"""Learning Elements"" is used as a generalized term for a variety of presentations that can be made to a student, including games, videos, text, music, and tasks."
15,1,,,,These are used to prepare students for their assignments or to reinforce what has been learned.  They can also be used as a type of reward for completing the assignments.
16,1,,,,"Since games are the principal learning elements around which the others may be related, many references to ""games"" means ""games, inclusive of related learning elements"""
17,1,,,,
18,1,,Game Name,The alpha-numeric identification given to a specific game,
19,1,,,,Names are limited to 40 characters
20,1,,,,Game Concept Description (used for assignment label)
21,1,,,,Associated with each Game Name is a brief description of less than 100 characters
22,1,,,,
23,1,,Game Stages,Each game has at least four and sometimes five stages through which the student advances,
24,1,,,,"""Learn stage"" is a tutorial introducing the musical concept"
25,1,,,,"""Play stage"" is a set of routines for practicing, or ""drill"" of the concept"
26,1,,,,"""Quiz stage"" is a set of routines designed to test mastery of the concept by the student"
28,1,,,,"""Review stage"" is a repeat of the Quiz presented as a separate game for supporting learning retention.  There is always one Review, sometimes two and three."
27,1,,,,"""Challenge stage"" is a set of routines associated with specific games that allows unlimited scoring and permits a student to compete with other students world-wide.  Only certain games are designed in a way to utilize this feature."
29,1,,,,"All stages are available to a student, and are separate games, as marked by the stage parameter"
30,1,,,,
31,1,,Game Number,An unique identifier for each unique game-stage combination,
32,1,,,,"A prefix to the number are the letters ""GAM"", representing the game learning element type"
33,1,,,,"The base of the number consists of 4 digits.  The numbers were created from the alpha master list of existing games, with a spread of 10 between them (e.g 0010, 0020, 0030)"
34,1,,,,"A 1-digit suffix represents the game stage, e.g. Learn (1-Learn, 2-Play, 3-Quiz, 4-Challenge, 5-Review1, 6-Review2, 7-Review3.  Zero (0) is reserved to represent the introductory video associated with the Learn stage of a game.'"
35,1,,,,"Use of a number avoids some difficulty of mis-spelled or ambiguous naming, and provides a built-in sequence for game ordering in a list."
36,1,,,,The game number is combined with the Named Sequence number and Named Sequence Group number to create a Sequence Assignment code.
37,1,,,,
38,1,,Game Description,Each game has a distinct (html) description page,
39,1,,,,A moderately succinct description of what the game teaches and how it does this
40,1,,,,These game descriptions are in the public area of the website and are searcheable
41,1,,,,A visitor finding a game description is led to a specific marketing page.
42,1,,,,
43,1,,Score,A quantitive measure obtained by a student when completing a game--a quantitative measure of achievement,
44,1,,,,Scores are obtained only when game is played to completion
45,1,,,,Scores are recorded in the data base and observable by the student and teacher
46,1,,,,Several scores are retained: date and score when first played; date and score when last played; date and highest score obtained.
47,1,,,,"Scores are presented in the student Assignment Box along side each game and color-highlighted; in green when the target score has been reached, in yellow when a 90% score has been reached, and in red when the score obtained is less than 90%."
48,1,,,,"Scores are kept by level.  When a game stage is repeated in another level, the scores from the first level are replaced by the scores on the next level."
49,1,,,,
50,1,,Target Score,A pre-defined value for each game that if obtained by the student represents mastery of the concept being taught,
51,1,,,,Achievement of a target score is a recorded event.
52,1,,,,When the target score has been reached for all games in an Sequence Assignment Group the next Assignment Group is presented to the student
53,1,,,,"A teacher has the ability to override requirements, so that if an individual student has problems with a certain concept that student may continue--but no reward (badge or certificate) is earned until all is mastered."
54,1,,,,
55,1,,Game Sequence,The order in which games are presented to students to play,
56,1,,,,This order is determined by a combination of elements including:
57,1,,,,"(1) Sequence Code  (eg. ""LIFE"")"
58,1,,,,"(2) Sequence Level (Title, e.g. ""Level 5"")"
59,1,,,,"(3) Sequence Unit 9 (Title, e.g. ""Assignment 13"")"
60,1,,,,"(4) Sequence Assignment Group code (e.g. ""565A"")"
61,1,,,,"Sequencing is primarily an assignment of a succession of concepts, which in turn results in presentation of games that support those concepts.  Said another way, the result is a selection of games to be played, but the mechanism by which this happens is a selection of a series of concepts."
62,1,,,,
63,1,,Named Game Sequence,A game sequence organization which is directly related to a pre-established or published teaching method,
64,1,,,,"Music publishing companies have published series of piano teaching books, i.e. ""Faber"", ""Alfred"", which can have correlated game sequences supporting them,"
65,1,,,,"MLC incorporates its own ""Lifetime Musician Curriculum"" sequence"
66,1,,,,These may be added only by the Content Administrator
67,1,,,,"Once created, a named game sequence is universally available"
68,1,,,,A sequence is unique by Name (Sequence Code) and Level.
69,1,,,,Expectation is that the order of magnitude of number of named game sequences is under 15.
70,1,,,,A template or other mechanism for adding new sequences and editing old must be built into the design.
71,1,,,,
72,1,,Sequence Level,The first sub-division of a Named Sequence,
73,1,,,,"Combined with Name, this creates a unique individual Named Sequence"
74,1,,,,
75,1,,Sequence Unit,The second sub-division of a Named Sequence--sub-division of a Sequence Level,
76,1,,,,"This is additional sub-categorization of a level, to correlate with the external source materials."
77,1,,,,"Also available is a descriptive box which can hold other information, such as page number."
78,1,,,,"A student's initial sequence assignment must be defined at the ""Sequence"", ""Level"", ""Unit"" detail"
79,1,,,,"In the Lifetime Musician Sequence the Unit is an ""Assignment""  "
80,1,,,,Other sequences will in general pattern the organization of Lifetime Musician.
81,1,,,,
82,1,,Lifetime Musician Curriculum,The default named game sequence,
83,1,,,,This is used as the default for game category searches
84,1,,,,This is the default for game assignments
85,1,,,,Is the basis for creation of a custom named game sequence
86,1,,,,
87,1,,Sequence Selection,The abiity of a teacher to assign a named sequence to a student,
88,1,,,,The teacher would select from a list of all sequences.
89,1,,,,For the Ensemble level a mass assignment of one sequence to all students should be possible.
90,1,,,,
91,1,,Sequence Assignments,The ordered set of individual assignments of individual games and groups of games matching a Named Sequence,
92,1,,,,"When a sequence selection is made the entire sequence is assigned to a student, but for practical purposes the student needs to be given only pieces--sets of games--to learn and play for a period of time, before moving on to the next groups of games in the sequence.  These groups are the ""homework assignments""."
93,1,,,,Assignment group codes are used to identify these sequence assignments.
94,1,,,,The individual assignments order is retained.
95,1,,,,"A student's initial sequence assignment must be defined at the ""Sequence"", ""Level"", ""Unit"" detail"
96,1,,,,
97,1,,Sequence Assignment Group Code,A code assignment to a named sequence that splits the sequence into groups for assignment,
98,1,,,,"When a student enters their landing page the assignment that appears is the ""current"" assignment group"
99,1,,,,The code is a number that is assigned--the same number is assigned to each element that is to be in the same group.
100,1,,,,The numbering is such that it permits insertion of a new group in between two previously established Sequence Assignment Groups without having to renumber all subsequent groups.
101,1,,,,
102,1,,Game Category Search,Search for a game or group of games based upon the concepts being taught,
103,1,,,,At minimum this search requires selection criteria to include at least one category
104,1,,,,"Can be performed by teacher, parent, or student"
105,1,,,,Marking additional selection criteria at the category level will narrow the search
106,1,,,,"The selection criteria are ""and'ed"", meaning an sql AND statement, where all selection criteria must be true to retrieve a data base selection."
107,1,,,,"The result of a search can be entered into the Custom Current Assignments box of a student profile, becoming part of the next assignment."
108,1,,,,Currently the games have not been correlated with all of the possible concept categories.  Consequently the initial design must anticipate the later addition of these to the game database and ability to search for them.
109,1,,,,
110,1,,Assignment Group,Ordered set of learning elements focused on music learning games that teach individual concepts,
111,1,,,,Correlated with external methods by a Sequence Name/Level/Unit & Description
112,1,,,,Defined internally with a group number and a group level number
113,1,,,,Every definition has several components:
114,1,,,,     Title:  A general name for the assignment group
115,1,,,,"     Sequence:  The name of the sequence (e.g., ""Alfred Premier"")"
116,1,,,,"     Level:  Generally a specific, such as ""Level 1"", but could be something else"
117,1,,,,"     Unit:  Often a specific unit, e.g. ""Unit 1"", but could be a book, e.g. ""Book 3"""
118,1,,,,     Synopsis:  Free-form text used to describe a summary of the assignment.
119,1,,,,
120,1,,Assignment Pane,The box on the screen visible to a student that includes the current game assignment,
121,1,,,,The current assignments are in the order specified in the Sequence Group Assignment
122,1,,,,The target scores and their level of achievement are listed next to the games
123,1,,,,Assignments are automatically presented.
124,1,,,,Custom assignments may be added to those automatically assigned.
125,1,,,,The main assignment pane is broken into two sub-panes:
126,1,,,,     Sequenced game assignments
127,1,,,,     Custom game assignments from the teacher
128,1,,,,
129,1,,Pre-Assignment Pane,"Before the Assignment Pane a box provides learning activities or supporting media  including video, music, and text",
130,1,,,,"This is also called the ""introduction pane"""
131,1,,,,
132,1,,Post-Assignment Pane,Following the Assignment Pane a box provides learning activities or supporting media to reinforce concepts just learned,
133,1,,,,"This is also called the ""summary pane"""
134,1,,,,
135,1,,,,
136,1,SUBSCRIBER GROUPS,,,
137,1,,Username,Access to the non-public area is granted with a user name and password combination (log on credentials),
138,1,,,,Usernames are unique
139,1,,,,Usernames are created by the user/subscriber upon subscription
140,1,,,,Users may revise usernames
141,1,,,,"Automatic creation concatenates the first three characters of the users lastname, the first two characters of the users firstname and the last 4 digits of the member number."
142,1,,,,
143,1,,Password,Passwords are required to accompany usernames,
144,1,,,,Passwords are not unique
145,1,,,,Passwords are creatd by the user/subscriber upon subscription
146,1,,,,Users may revise passwords
147,1,,,,
148,1,,Member Number,Every subscriber (username) has a unique number of variable length up to six digits.,
149,1,,,,"subsciber/Users become members of ""Music Learning Community"""
150,1,,,,
151,1,,,,
152,1,,Permission Table,The capability associated with each unique member number is controlled by a permissions table,
153,1,,,,User Name/Password use to access the non-public areas
154,1,,,,User Name/Password create - create and revise one's own logon credentials
155,2,,,,Community access - profesional community for music educators
156,1,,,,Game Access - access to student center and playing all games
157,2,,,,Newsletter - periodic newletter sent to e-mail address
158,2,,,,Content Library - music education resources for teachers
159,1,,,,"Subscription management - start, suspend (for set period), cancel subscriptions and update payment information"
160,1,,,,Student Create and Manage - access teacher dashboard and create and manage student users
161,1,,,,Teacher Create and Manage - access to supervisor dashboard and creat and manage teacher users
162,2,,,,Upload Utility - access and use utility that uploads student users to a teacher from a csv file
163,1,,,,Sponsor Code - code which may be used to sponsor a non-profit school general music subscription for Tier 2 (Solo) - 5 students
164,1,,,,
165,1,,Sponsor Code,Every subscriber has a unique number used to sponsor a General Music subscription for a non-profit organization,
166,1,,,,"Structure is the member number with a letter suffix  (Initially the letter ""A"")"
167,1,,,,Additional sponsor codes could be created in the future by adding a different suffix
168,1,,,,The sponsor code of tier 2 (below $19.95 per month) is not active until the subscriber moves to tier 3
169,1,,,,Sponsor codes are ordered by subscriber date and used in that order
170,1,,,,If not assigned by the subscriber within 90 days of subscription the code is put in a pool to be used by others
171,1,,Prelude Subscriber ,(Pricing Tier 1 - Free),
172,1,,,,User Name and password
173,1,,,,Free Trial of one teacher for 19 students for 1 month
174,2,,,,Community communication
175,2,,,,Newsletters
176,2,,,,Content Library
177,2,,,,
178,1,,Solo Subscriber ,(Pricing Tier 2 - $7.95 plus $0.80 per student above 5),
179,1,,,,Tier 1 benefits plus:
180,1,,,,Single Teacher monthly or annual access
181,1,,,,Up to 19 students
182,1,,,,
183,1,,Ensemble Subscriber,(Pricing Tier 3 - $19.95 plus $0.20 per student above 20),
184,1,,,,Tier 2 benefits plus:
185,1,,,,20 students plus additional students in groups of 5 unlimited
186,1,,,,Multiple Teacher w/ Supervisor
187,2,,,,Upload Utility
188,1,,,,Sponsor code
189,1,,,,
190,1,USER GROUPS & FUNCTIONS,,,
191,1,,Developer,Person or organization that has full access to the system.,
192,1,,,,Access to entire system
193,1,,,,
194,1,,Content Admin,MLC staff person that can manage the database content,
195,1,,,,Can perform any function of any other role.
196,1,,,,Access to the Administrative Dashboard
197,1,,,,Create/manage sequences
198,1,,,,Create/manage members (customers)
199,1,,,,Create/manage teachers
200,1,,,,Create/manage students
201,1,,,,Assign discount percentage to subscriber
202,1,,,,Assign sponsor code to subscriber
203,1,,,,Assign promotion code to subscriber
204,1,,,,Other general settings
205,1,,,,Request reports from customer database
206,1,,,,
207,1,,Customer Service,MLC staff person that can handle customer service,
208,1,,,,Create/manage members (customers)
209,1,,,,Create/manage teachers
210,1,,,,Create/manage students
211,1,,,,Assign discount percentage to subscriber
212,1,,,,Assign sponsor code to subscriber
213,1,,,,Assign promotion code to subscriber
214,1,,,,Request reports from customer database
215,1,,,,
216,1,,Member,"Subscriber that can create and manage teachers and students (""Administrator"")",
217,1,,,,Access to Member Dashboard
218,1,,,,This user can act in the role of a Teacher
219,1,,,,Can manage own username and password
220,1,,,,"Can obtain reports on all students, arranged by teacher assigned"
221,1,,,,Has unique Member Number
222,1,,,,
223,1, ,Teacher,Non-subscriber that can access the Teacher Resource Center (created by Member),
224,1,,,,Access to Teacher Resource Center
225,1,,,,Can create and manage students:
226,1,,,,"Manual Student entry by [Lastname, Firstname, Username, Password]  (can be edited)"
227,1,,,,Sequence Assignment-Named (defaults to Lifetime Musician Curriculum)
228,1,,,,Current Automated Assignments (Automated from the Named Sequence)
229,1,,,,Can obtain reports on all students assigned to them.
230,1,,,,Can manage own username and password
231,1,,,,
232,1,,Student,Non-subscriber that can access the student resource page (created by Teacher or Member),
233,1,,,,Access to Student Resource Center
234,1,,,,Must be associated with a teacher
235,1,,,,May not manage own username and password
236,1,,,,May play all games
237,1,,,,Can obtain reports of their scores and progress
238,1,,,,May be assigned to a named sequence
239,1,,,,
240,1,,,,
241,1,USER PROFILES,,,
242,1,,Tier 1 Subscriber,Unique set of elements describing the settings and parameters assigned to an individual role  [My Account],
243,1,,(Prelude),,"Every susbscriber has the basic (Tier 1)  member profile and a ""My Account"" management portal"
244,1,,,,
245,1,,,System-generated elements,
246,1,,,,1- Member ID Number
247,1,,,,"3- Status (Free-Trial, Active, InActive, Closed)--Defined by Signup Authorization"
248,1,,,,4- Free-Trial flag--indicates free-trial completion by product (can be edited by custormer service to provide additional free trial)
249,1,,,,5- Start Date
250,1,,,,6- End Date (Start Date + 30 days)
251,1,,,,"7- Permission codes (PWU,PWC,SLK,STU,NEW,CON,SUB,SMG)  [See User Permission Table]"
252,1,,,,14- Comment box of 254 characters (viewing by Content Administrator and Customer Service only)
253,1,,,,##-Promotion code 
254,1,,,,
255,1,,,Subscriber managed elements,
256,1,,,,8- First Name
257,1,,,,9- Last Name 
258,1,,,,10- E-mail address 
259,1,,,,11- Username
260,1,,,,12- Password
261,1,,,,13- Telephone (optional)
262,1,,,,
263,1,,,Customer service managed elements,
264,1,,,,Comment box of 254 characters (viewing by Content Administrator only)
265,1,,,,## - Promotion code
266,1,,,,
267,1,,Tier 2 Subscriber,Additional set of elements describing the settings and paramenters assigned,
268,1,,(Solo),,
269,1,,,System-generated elements,
270,1,,,,## - Promotion code
271,1,,,,
272,1,,,Subscriber managed elements,
273,1,,,,16- Entity Name (optional)
274,1,,,,17- Member Type:
275,1,,,,   -Parent
276,1,,,,   -Private Music Teacher
277,1,,,,   -Adult Student
278,1,,,,   -Music School
279,1,,,,   -Non-profit School
280,1,,,,   -University
281,1,,,,   -Other
282,1,,,,"18- Subscription term indicator  (A-Annual, M-Monthly)"
283,1,,,,19- Number of students slots
284,1,,,,20- Related financial account reference
285,1,,,,22- Promotion (sponsor) code (optional)
286,1,,,,23- Order # (optional)
287,1,,,,
288,1,,Tier 3 Subscriber,Additional set of elements describing the settings and paramenters assigned,
289,1,,(Ensemble),,
290,1,,,System-generated elements,
291,1,,,,2- Sponsor Code (Available or In-Use status)
292,1,,,,15- Related Sponsor Code
293,1,,,,21- Member ID of subscriber using Sponsor Code
294,1,,,,
295,1,,,,Comment box of 254 characters (viewing by Content Administrator only)
296,1,,,Associate details-only seen when Content Administrator activates,
297,1,,,,Commission percentage rate  (set by Content Administrator)
298,1,,,,Choice of payment method
299,1,,,,  Credit card information
300,1,,,,  Check payment information
301,1,,,,Activity Report
302,1,,,,Sponsor Code
303,2,,,,Upload student information utility
304,2,,,,
305,1,,Administrator,,
306,1,,,Manage Teachers and Students,
307,1,,,,"Set up Teacher [Lastname, Firstname, Username, Password]"
308,1,,,,"Manual Student entry by Teacher [Lastname, Firstname, Username, Password]"
309,1,,,,Manual Student transfer from Teacher to Teacher
310,1,,,,Master Named Sequence assignment
311,2,,,,Entity name to appear on Certificate
312,2,,,,
313,2,,,,
314,2,,,,
315,1,ACCOUNT MANAGEMENT,,,
316,1,,,,
317,1,,Administrator,Account Management,
318,1,,,,Account Management Features:
319,1,,,,  1-Select Payment Method Check or Credit Card
320,1,,,,     a-Check selection causes automatic invoice
321,1,,,,     b-Credit selection causes automatic one-time charge
322,1,,,,     c-Free subscription {controlled by Content Administrator}
323,1,,,,  2-Update Credit Card number and date (when applicable)
324,1,,,,  3-Suspend to future date--which will change the billing cycle. All student information is retained.
325,1,,,,  4-Cancel on future date--which will cause subscription to terminate.  All student information is retained for 36 months.
326,1,,,,"   Upon cancellation a short survey pops up to obtain reason for cancellation:
      Cost
      Content
      Ease of use
      Other"
327,1,,,,  5-Current subscription period dates will be presented (cannot be edited)
328,1,,,,  6-Annual subscription renewal date
329,1,,,,  7-Renewal purchase order number
330,1,,,,  8-Enter number of students- (addition causes automatic invoice creation--no proration)
331,1,,,,  9-Change Username
332,1,,,,  10-Change Password
333,1,,,,  11-Current subscription $ amount
334,2,,,Data Upload,
335,2,,,,Mass Student entry by Teacher/Classroom
336,2,,,,Mass Student Transfer
337,2,,,,
338,1,,Teacher,,
339,1,,,Manage Students,
340,1,,,,"Manual Student entry by Teacher [Lastname, Firstname, Username, Password] (can be edited)"
341,1,,,,Master Named Sequence attach  (check box to attach to all) {Schools by class}
342,1,,,,Specify starting level in Named Sequence for each student {Schools by class}
343,1,,,,Toggle-override game play sequence assignment restriction (allows student to play next assignment before mastering current one--with no assignment completion reward)
344,1,,,,
345,1,,,,
346,1,,,Account Management (not available when there is an administrator),
347,1,,,,  1-Update Credit Card number and date
348,1,,,,     c-Free subscription {controlled by Content Administrator}
349,1,,,,  2-Suspend to future date--which will change the billing cycle. All student information is retained.
350,1,,,,  3-Cancel on future date--which will cause subscription to terminate.  All student information is retained for one year.
351,1,,,,   Upon cancellation a short survey pops up to obtain reason for cancellation:
352,1,,,,      Cost
353,1,,,,      Content
354,1,,,,      Ease of use
355,1,,,,      Other
356,1,,,,  8-Change Username
357,1,,,,  9-Change Password
358,1,,,, 11-Current subscription $ amount
359,3,,,," 10-Participant of Teacher Finder (yes, no)"
360,3,,,,   Instruments they teach (for Teacher Finder)
361,3,,,,  Website address (for Teacher Finder)
362,3,,,,
363,1,,Student,,
364,1,,,,"Status (Active, InActive, Closed)--Defined by Teacher.  Active and Inactive are included in Teacher student number limit, but Closed opens a slot."
365,1,,,,ID Number
366,1,,,,Name & Address
367,1,,,,  First Name
368,1,,,,  Last Name
369,1,,,,  E-mail address (optional for schools)
370,1,,,,Username
371,1,,,,Password
372,1,,,,Teacher Name
373,1,,,,Sequence Assignment-Named (defaults to Lifetime Musician Curriculum)
374,1,,,,"Current Automated Assignments (Automated from the Named Sequence, superceded by Custom Sequence)"
375,1,,,,Toggle-override game play level restriction (allows student to play any level game at recess)
376,1,,,,Score Report
377,1,,,,Optional due date for assignment
378,2,,,,Optional text notification to parent
379,2,,,,Turn On/ Turn Off weekly e-mail
380,2,,,,  Content of e-mail options:
381,2,,,,   Notify assignments due
382,2,,,,   List Panel 2 game assignments
383,2,,,,    
384,2,,,,
385,2,,,,
386,1,OTHER DATABASE ELEMENTS,,,Unfinished
387,1,,Content Admin Dashboard,A center from which the content administration functions can be accessed,
388,1,,,User group permissions management,
389,1,,,,
390,1,,,Relationship Profile set up,
391,1,,,,
392,1,,,Functions,
393,1,,,,
394,1,,,,
395,1,,Promotion Code Table,A table that provides set-up parameters for processes triggered by entering Coupon Codes in the Promotion Code box,
396,1,,,,Elements include:
397,1,,,,   Coupon Number
398,1,,,,"   Coupon Name (short description, e.g. ""MTNA 2013"")"
399,1,,,,   Active Date
400,1,,,,   Expire Date
401,1,,,,"   Type:  Free Trial, Referral Discount"
402,1,,,,
403,1,,,Free Trial,
404,1,,,,Default setting for all (21 days)
405,1,,,,Number of days to add to default setting (e.g. for MTNA conference a code would add 21 days)
406,1,,,,
407,3,,,Referral,Delayed implmentation until Phase V or later}
408,3,,,,
409,3,,,,
410,3,,,,
411,1,,Student History,"All games played and the scores obtained are recorded when a game is fully completed, and kept in the data base",
412,1,,,,Students have a means to request and review their full score report at any time
413,1,,,,This is in addition to the score records that appear alongside Assignments
414,1,,,,Forward scores to another teacher
415,1,,,,
416,1,,Games,"All games, with their accompanying parameters must be held in the data base.",
417,,,,,
418,,,,,
419,,,,,
420,,,,,
421,1,,Reports,,
422,,,,,
423,,,,,
424,2,,Teacher Materials,,
425,,,,,
426,,,,,
427,2,,Communications,,
428,,,,,
429,,,,,
430,,,,,
431,2,,FAQ,,
432,,,,,
433,,,,,
434,,,Other,,
435,,,,,
436,,,,,
437,,,,,
438,,,,,
439,,,,,
440,,BRAND CONCEPTS,,,
441,,,,,
442,1,,Brand,Our brand is MusicLearningCommunity.com,
443,1,,,,This is the established flagship of the group and aimed directly at the music learning market
444,3,,,,Membership in MLC provides access to all websites
445,,,,,
446,,,,,
447,1,,Logo/mascot,Our logo is Terry Treble,
448,1,,,,This character is on almost all advertising material
449,1,,,,An animated Terry Treble introduces elements on the websites
450,3,,,,Terry Treble logo products are sold on the Terry Treble website
451,3,,,,Terry Treble is a contributor to the Blog.
452,1,,,,"Terry Treble has a short theme song, ""Music is fun. Soon you will see.  Come play music with me."""
453,1,,,,
454,1,,Slogan,"Our slogan is ""Come Play""",
455,1,,,,This is used throughout the websites and often in print materials
456,1,,,,ComePlayMusic website is the primary focus of online marketing
457,1,,,,
458,1,,Distinctive Language,A number of phrases are used repeatedly or in strategic places,
459,1,,,,"""Think like a kid again"" --addressing adult users of the games"
460,1,,,,"""Lifetime Musician Curriculum"" --the default proprietary curriculum sequence used in all websites"
461,1,,,,"""Playground for Lifetime Musicians in training"""
462,1,,,,"""Come Play Today"""
463,1,,,,"""The premier source of music education technology information"" (MLC)"
464,1,,,,"""The premier source for music education technology and provider of breakthrough websites carefully designed for professional music teachers and students.  Games and other fun learning activities tie to solid curriculum, fully supported by automated features."""
465,1,,,,
466,1,,Colors,Pastel colors predominate with a multi-color rainbow order graded banner,
467,1,,,,Primary light yellow and blue were previously used and might be considered for emphasis
468,1,,,,Orange highlight
469,,,,,
470,,,,Convention attire,
471,,,,,Option 1
472,,,,,   Silver longsleeve shirts with Terry Treble logo
473,,,,,   Gray slacks
474,,,,,   Yellow bowties?
475,,,,,Option 2
476,,,,,   White dress shirts with Terry Treble logo on pocket
477,,,,,   Navy slacks
478,,,,,   Orange w/black stripe regular ties (Paul Frederick TW2453 Regular satin tie-orange)
479,,,,,
480,,,,,
481,,MARKETING ELEMENTS,,,
482,,,,,
483,,,Blog,A blog is maintained on the MusicLearningCommunity.com website and visitors are guided there from the other sites.,
484,,,,,Only members may comment.
485,,,,,
486,,,Conventions,,
487,,,,Target Conventions,
488,,,,,MTNA-Music Teachers National Association annual conference for private music teachers.  Target for MLC (late March)
489,,,,,"NCKP-National Conference of Keyboard Pedagogy semi-annual conference for piano pedagogy.  
Target for MLC (July odd years)"
490,,,,,State Music Educators annual conferences for school music teachers.  Target for MLC
491,,,,,   FMEA-Florida  January 10-12
492,,,,,   OMEA-Ohio February 7-9
493,,,,,   TMEA-Texas February 13-16
494,,,,,
495,,,,,Possible home school conferences
496,,,,,
497,,,,Advertising banners,
498,,,,,"Plan to create a new banner with new colors and place in second, attached booth"
499,,,,,Promote new features
500,,,,,
501,,,,Printed material,
502,,,,,Handout material with coupon number used for free trial
503,,,,,
504,,,,,
505,,,Print Advertising,Miminal print advertising is required,
506,,,,,
507,,,,Business Cards,
508,,,,,One business card design for MusicLearningCommunity which lists the other websites
509,,,,,One phone number
510,,,,,One address
511,,,,,
512,,,,Convention Flyers,
513,,,,,"General flyer emphasizing MusicLearningCommunity.com, but including information about all websites"
514,,,,,Specific MusicLearningCommunity flyer for school presentations
515,,,,,ComePlayMusic specific information
516,,,,,
517,,,,MTNA Magazine,
518,,,,,1/8 page ad layout
519,,,,,1/4 page ad layout
520,,,,,
521,,,,Keyboard Pedagogy Magazine,
522,,,,,1/4 page ad layout
523,,,,,
524,,,,Music for Young Children newsletter,
525,,,,,1/2 page ad layout
526,,,,,
527,,,,TMEA (Texas Music Educators),
528,,,,,1/8 page ad layout-white on black
529,,,,,
530,,,Mobile Devices,Responsive design is a requirement to meet the demands of the mobile market,
531,,,,,
532,,COMPETITION,,,Unfinished
533,,,,,
534,,,TIME,The primary competion consists of any other activity that occupies a student's time on and off the internet,
535,,,,,
536,,,WEBSITES,There are only two websites targeting the same markets with music learning games,
537,,,,,
538,,,,TonicTutor.com,
539,,,,,This is from an Canadian company.
540,,,,,"The games are well done, they have a large number of them.  The pedagogy is okay. "
541,,,,,The teacher management is very complicated.
542,,,,,The site is subscription based.
543,,,,,
544,,,,ThetaMusic.com,
545,,,,,This is from a Japanese company which appears to have studied MLC and included similar features.
546,,,,,Unknown if there is a curriculum management system within.
547,,,,,The site is subscription based.
548,,,,,
549,,,,,
550,,,,Musictechteacher.com,
551,,,,,"This is from an American company, from a public school music teacher who has created these for her own students and shares them with everyone (from her website)"
552,,,,,These inculde flash games and printable worksheets.
553,,,,,The site is free.
554,,,,,
555,,,,,
556,,,MOBILE APPS,(Unknown name),
557,,,,,This company is offering mobile apps that are music games.  These are well done and engaging.
558,,,,,Scoring available to teachers is missing.
559,,,,,Only a relatively few games have been produced.
560,,,,,"The business model is economically questionable, but the developer owns his own software company,"
561,,,,,which constrains development costs
562,,,,,One has to pay for each game one-time at download.
563,,,,,
564,,,,Many music-type apps are available on the iPad,
565,,,,,"These generally deal with only a few concepts, but some are very good. (e.g. Rolf's Rhythm)"
566,,,,,"Obviously these lack a coordinated, systematic curriculum for learning."
567,,,,,
568,,,,,
569,,,,,
570,CONCEPT CATEGORIES,,,Tier 1,+Tier 2   MUSIC FAMILY LEARNING ELEMENTS
571,,1,Basic Elements,BASE,
572,,,,Active,
573,,,,Inactive,
574,,,,Level Range,"[0,1,2,3,4,5,6,7] e.g 1-3"
575,,,,Aural,
576,,,,Visual,
577,,,,Free,
578,,,,+TYPE,
579,,,,GB,Game-Beginner
580,,,,GO,Game-Older
581,,,,V,Video
582,,,,A,Music or Other Audio
583,,,,P,Graphic
584,,,,T,Text
585,X,,Added 8-27-12,D,Award
586,,,,K,Task
587,,,,+Method,
588,,,,,Identify
589,,,,,Name
590,,,,,Play
591,, ,,,Same or different
592,,,,,Arrange
593,,,,,Match
594,,,,,Dictation
595,,,,MIDI,
596,,,,Timed,
597,,,,+Instrument,
598,,,,,Piano
599,X,,Added 8-27-12,,Voice
600,,,,,Clarinet
601,,,,,Saxophone
602,,,,,Trumpet
603,,,,,
604,,2,Stage,STAGE,
605,,,,Null,
606,,,,Learn Stage,
607,,,,Play Stage,
608,,,,Quiz Stage,
609,,,,Challenge Stage,
610,,,,Review 1,
611,,,,Review 2,
612,,,,Review 3,
613,,,,,
614,,3,Rhythm,RHYTM,
615,,,,Null,
616,,,,+Pre-Reading,
617,,,,,Steady Beat vs. Unsteady Beat
618,,,,,Long & Short
619,,,,+Note & Rest Values,
620,,,,,Whole note
621,,,,,Whole rest
622,,,,,Half note
623,,,,,Half note-dotted
624,,,,,Half rest
625,,,,,Quarter note
626,,,,,Quarter note-dotted
627,,,,,Quarter rest
628,,,,,Quarter rest-dotted
629,,,,,Eighth note
630,,,,,Eighth note-dotted
631,,,,,Eighth rest
632,,,,,Sixteenth note
633,,,,,Sixteenth rest
634,,,,,Ties
635,,,,,
636,,,,Syncopation,
637,,,,,
638,,,,Rythmic Dictation,
639,,,,,
640,,,,+Pattern Identification,
641,,,,,Triplets
642,,,,,Eighth note pair
643,,,,,"Dotted Quarter, 8th note"
644,,,,,Quarter note tied to 8th
645,,,,,4 16th notes
646,,,,,Eighth and 2 16ths
647,,,,,2 16ths and 8th
648,,,,,Dotted 8th and 16th
649,,,,,
650,,4,Meter,METER,
651,,,,Null,
652,,,,2/4 Meter,
653,,,,3/4 Meter,
654,,,,4/4 Meter,
655,,,,5/4 Meter,
656,,,,6/4 Meter,
657,,,,3/8 Meter,
658,,,,6/8 Meter,
659,,,,9/8 Meter,
660,,,,,
661,,5,Staff & Pitch,STAFF,
662,,,,Null,
663,,,,+Treble,
664,,,,,Treble Staff
665,,,,,Ledger Lines Above Treble Staff 
666,,,,,Middle C Pentascale
667,,,,,Treble G Pentascale
668,,,,,Treble Spaces
669,,,,,Treble Lines
670,,,,,Treble Sharps
671,,,,,Treble Flats
672,,,,,
673,,,,+Bass,
674,,,,,Bass Staff
675,,,,,Middle C Pentascale
676,,,,,Treble G Pentascale
677,,,,,Ledger Lines Below Bass Staff
678,,,,,Bass Lines
679,,,,,Bass Spaces
680,,,,,Bass Sharps
681,,,,,Bass Flats
682,,,,,
683,,,,+Grand,
684,,,,,Ledger Lines Between Staves
685,,,,,Lines and spaces
686,,,,,Ledger lines above and below staff
687,,,,,Sharps and flats
688,,,,,With key signatures
689,,,,,
690,,,,,
691,,6,Melody,MELOD,
692,,,,Null,
693,,,,+Pre-Reading,
694,,,,,High vs. Low
695,,,,,"Do, Re, Mi"
696,,,,,Tunes
697,,,,,Two Note Patterns
698,,,,,Up vs. Down
699,,,,,Up vs. Down vs. Same
700,,,,,
701,,,,+Pattern Playing,
702,,,,,"Grand Staff, Treble G, Middle C, Bass F"
703,,,,,"Grand Staff, Treble C, Middle C, Bass C"
704,,,,,"Grand Staff, Treble G, Middle G, Bass G"
705,,,,,"Grand Staff, the 5 C's"
706,,,,,"Grand Staff, All Guide Notes"
707,,,,,"Grand Staff, White Keys"
708,,,,,"Grand Staff, Black Keys"
709,,,,,"Grand Staff, White Keys, Black Keys"
710,,,,,"Grand Staff, White Keys, Black Keys, Key Signatures"
711,,,,,"Steps, Repeats, Treble Staff"
712,,,,,"Steps, Repeats, Bass Staff"
713,,,,,Major Pentascales
714,,,,,Minor Pentascales
715,,,,,
716,,,,Error Detection,
717,,,,,
718,,,,+Melodic Dictation,
719,,,,,Arrange Melody
720,,,,,"Melodic Dictation, Pentascale"
721,,,,,
722,,,,+Pattern Identification,
723,,,,,Pentascale Major
724,,,,,Pentascale Minor
725,,,,,Major
726,,,,,Natural Minor
727,,,,,Harmonic Minor
728,,,,,Melodic Minor
729,,,,,
730,,7,Scale,SCALE,
731,,,,Null,
732,,,,+Pentascale Major,
733,,,,,C Major
734,,,,,G Major
735,,,,,D Major
736,,,,,A Major
737,,,,,E Major
738,,,,,B Major
739,,,,,F# Major
740,,,,,C# Major
741,,,,,F Major
742,,,,,Bb Major
743,,,,,Eb Major
744,,,,,Ab Major
745,,,,,Db Major
746,,,,,Gb Major
747,,,,,Cb Major
748,,,,,
749,,,,+Pentascale Minor,
750,,,,,a Minor
751,,,,,e Minor
752,,,,,b Minor
753,,,,,f# Minor
754,,,,,c# Minor
755,,,,,g# Minor
756,,,,,d# Minor
757,,,,,a# Minor
758,,,,,d Minor
759,,,,,g Minor
760,,,,,c Minor
761,,,,,f Minor
762,,,,,bb Minor
763,,,,,eb Minor
764,,,,,ab Minor
765,,,,,
766,,,,+Major Scales,
767,,,,,C Major
768,,,,,G Major
769,,,,,D Major
770,,,,,A Major
771,,,,,E Major
772,,,,,B Major
773,,,,,F# Major
774,,,,,C# Major
775,,,,,F Major
776,,,,,Bb Major
777,,,,,Eb Major
778,,,,,Ab Major
779,,,,,Db Major
780,,,,,Gb Major
781,,,,,Cb Major
782,,,,,
783,,,,+Natural Minor Scale,
784,,,,,a Minor
785,,,,,e Minor
786,,,,,b Minor
787,,,,,f# Minor
788,,,,,c# Minor
789,,,,,g# Minor
790,,,,,d# Minor
791,,,,,a# Minor
792,,,,,d Minor
793,,,,,g Minor
794,,,,,c Minor
795,,,,,f Minor
796,,,,,bb Minor
797,,,,,eb Minor
798,,,,,ab Minor
799,,,,,
800,,,,+Harmonic Minor Scales,
801,,,,,a Minor
802,,,,,e Minor
803,,,,,b Minor
804,,,,,f# Minor
805,,,,,c# Minor
806,,,,,g# Minor
807,,,,,d# Minor
808,,,,,a# Minor
809,,,,,d Minor
810,,,,,g Minor
811,,,,,c Minor
812,,,,,f Minor
813,,,,,bb Minor
814,,,,,eb Minor
815,,,,,ab Minor
816,,,,,
817,,,,+Melodic Minor Scales,
818,,,,,a Minor
819,,,,,e Minor
820,,,,,b Minor
821,,,,,f# Minor
822,,,,,c# Minor
823,,,,,g# Minor
824,,,,,d# Minor
825,,,,,a# Minor
826,,,,,d Minor
827,,,,,g Minor
828,,,,,c Minor
829,,,,,f Minor
830,,,,,bb Minor
831,,,,,eb Minor
832,,,,,ab Minor
833,,,,,
834,,,,Chromatic Scale,
835,,,,Whole Tone Scale,
836,,,,,
837,,8,Key Signatures,KYSIG,
838,,,,Null,
839,,,,+Major,
840,,,,,"Major, C, F, G"
841,,,,,"Major, D, A, E"
842,,,,,"Major, Bb, Eb, Ab"
843,,,,,"Major, Db, Gb, F#"
844,,,,,"Major, C, G, D, A, E, F, Bb"
845,,,,,"Major, All Sharp Keys"
846,,,,,"Major, All Flat Keys"
847,,,,+Minor,
848,,,,,"Minor, All Sharp Keys"
849,,,,,"Minor, All Flat Keys"
850,,,,,"Relative Minor, A, E, D, B"
851,,9,Intervals,INTVL,
852,,,,Null,
853,,,,+Pre-reading,
854,,,,,Steps
855,,,,,Skips
856,,,,P1,
857,,,,M2,
858,,,,M3,
859,,,,P4,
860,,,,P5,
861,,,,M6,
862,,,,M7,
863,,,,P8,
864,,,,m2,
865,,,,m3,
866,,,,m6,
867,,,,m7,
868,,,,,
869,,,,Tritone,
870,,,,,
871,,10,Keyboard Elements,KEYBD,
872,,,,Null,
873,,,,+Pre-Reading,
874,,,,,"Low, Middle, High"
875,,,,,"Two Black Keys, Vs, 3 Black Keys"
876,,,,+Piano key names,
877,,,,,"C, D, E"
878,,,,,"F, G, A, B"
879,,,,,"A, B, C, D, E, F, G"
880,,,,,"F#, G#, A#, C#, D#"
881,,,,,"Gb, Ab, Bb, Db, Eb"
882,,,,,"F#, Gb, G#, Ab, A#, Bb, C#, Db, D#, Eb"
883,,,,,"E#, Fb, B#, Cb"
884,,11,Chords,CHORD,
885,,,,Null,
886,,,,+Major Chord,
887,,,,,C
888,,,,,G
889,,,,,D
890,,,,,A
891,,,,,E
892,,,,,B
893,,,,,F#
894,,,,,C#
895,,,,,F
896,,,,,Bb
897,,,,,Eb
898,,,,,Ab
899,,,,,Db
900,,,,,Gb
901,,,,,Cb
902,,,,+Minor Chord,
903,,,,,a
904,,,,,e
905,,,,,b
906,,,,,f#
907,,,,,c#
908,,,,,g#
909,,,,,d#
910,,,,,a#
911,,,,,d
912,,,,,g
913,,,,,c
914,,,,,f
915,,,,,bb
916,,,,,eb
917,,,,,ab
918,,,,,
919,,,,+Diminished Chord,
920,,,,,a
921,,,,,e
922,,,,,b
923,,,,,f#
924,,,,,c#
925,,,,,g#
926,,,,,d#
927,,,,,a#
928,,,,,d
929,,,,,g
930,,,,,c
931,,,,,f
932,,,,,bb
933,,,,,eb
934,,,,,ab
935,,,,,
936,,,,+Augmented Chord,
937,,,,,C
938,,,,,G
939,,,,,D
940,,,,,A
941,,,,,E
942,,,,,B
943,,,,,F#
944,,,,,C#
945,,,,,F
946,,,,,Bb
947,,,,,Eb
948,,,,,Ab
949,,,,,Db
950,,,,,Gb
951,,,,,Cb
952,,,,,
953,,,,Dominant 7th,
954,,,,Diminished 7th,
955,,,,Major 7th,
956,,,,Half diminished 7th,
957,,,,Other 7th,
958,,,,,
959,,12,Harmonic Progression,HARM,
960,,,,Null,
961,,,,I,
962,,,,ii,
963,,,,ii dim,
964,,,,iii,
965,,,,IV,
966,,,,iv,
967,,,,V,
968,,,,V7,
969,,,,vi,
970,,,,vii,
971,,,,,
972,,13,Music Terms,TERM,
973,,,,Null,
974,,,,+Dynamics,
975,,,,,Loud vs Soft
976,,,,,Forte vs Piano
977,,,,+Symbols,
978,,,,,Left vs Right
979,,,,,Finger Numbers
980,,,,,Treble (G) Clef
981,,,,,Bass (F) Clef
982,,,,,4/4 Time
983,,,,,3/4 Time
984,,,,,Staff
985,,,,,Piano
986,,,,,Forte
987,,,,,Mezzo forte
988,,,,,Mezzo piano
989,,,,,Repeat sign
990,,,,,Quarter rest
991,,,,,Half rest
992,,,,,Whole rest
993,,,,,End bar line
994,,,,,Quarter note
995,,,,,Half note
996,,,,,Dotted Quarter Note
997,,,,,Whole note
998,,,,,Bar line
999,,,,,Crescendo
1000,,,,,Diminuendo (decrescendo)
1001,,,,,Ritard
1002,,,,,Pianissimo
1003,,,,,Fortissimo
1004,,,,,Sharp
1005,,,,,Flat
1006,,,,,Tonic chord
1007,,,,,Dominant chord
1008,,,,,Repeat signs
1009,,,,,Natural sign
1010,,,,,Key signature
1011,,,,,Melodic interval
1012,,,,,Harmonic interval
1013,,,,,Block chord
1014,,,,,Broken chord
1015,,,,,Fermata
1016,,,,,Accent
1017,,,,,Staccato
1018,,,,,Octave
1019,,,,,Coda
1020,,,,,To Coda sign
1021,,,,,6/8 time
1022,,,,,Common time (4/4)
1023,,,,,Cut time (2/2)
1024,,,,,Metronome marking
1025,,,,,Tenuto
1026,,,,,First ending
1027,,,,,Double sharp
1028,,,,,Double flat
1029,,,,,Sforzando
1030,,,,,9/8 time
1031,,,,,Tie
1032,,,,,Slur
1033,,,,,Phrase mark
1034,,,,,Grace note
1035,,,,,
1036,,,,+Italian Terms,
1037,,,,,Ritardando (ritard)
1038,,,,,Adagio
1039,,,,,Moderato
1040,,,,,Allegro
1041,,,,,Andante
1042,,,,,Poco a poco
1043,,,,,A tempo
1044,,,,,Molto
1045,,,,,accelerando
1046,,,,,
1047,,,,,
1048,,14,Tonal Memory & Playback,MEMO,
1049,,,,Null,
1050,,,,+Pre-Reading,
1051,,,,,2-note
1052,,,,,3-note
1053,,,,,4-note
1054,,,,,5-note
1055,,,,,
1056,,,,+Staff,
1057,,,,,2-note
1058,,,,,3-note
1059,,,,,4-note
1060,,,,,5-note
1061,,,,,Octave
1062,,,,,
1063,,,,+Keyboard,
1064,,,,,2-note
1065,,,,,3-note
1066,,,,,4-note
1067,,,,,5-note
1068,,,,,Octave
1069,,,,,
1070,,,,,
1071,PROCESSES,,,,
1072,,,,,
1073,1,GAME CREATION & PUBLISHING,,,
1074,1,,Access,Content Administrator,
1075,1,,,,
1076,1,,Process Description,Adding a new game.,
1077,1,,,,Most of this game creation process takes place external to the website and then the finished game is added to the system.  This specification deals with the addtion to the system of a game not currently present.
1078,1,,,,"The game is established, then added to the LMC Sequence, then added to all other sequences."
1079,1,,,,"Supporting media elements such as videos, music, and text are included in the general defintion of game."
1080,1,,,,
1081,1,,Steps to Establish Game,,
1082,1,,1,Naming the game in the data base,
1083,1,,2,Adding the game to the website from the development environment,
1084,1,,3,"Connecting the game to the name, and establishing the game number",
1085,1,,4,Defining the target score,
1086,1,,5,Catagorizing the game (BASE-STATUS = Inactive),
1087,1,,6,Saving the game,
1088,1,,,,
1089,1,,Steps to Sequence to LMC,,
1090,1,,1,"Using the standard functionality, the Lifetime Musician Curriculum Sequence is brought up for edit",
1091,1,,2,"Using the search function, the Inactive new game is selected",
1092,1,,3,The new game is then dragged and dropped to the determined Sequence Assignment group of LMC,
1093,1,,4,"The group number is noted, and then:",
1094,1,,5,The game is edited to add the LMC Group Number to the game.,
1095,1,,,,
1096,2,,Steps to add to all Named Sequences,,"{This is being delayed until Phase V or later}  
Instead of an automatic process, a report will be used to identify where the LMC Group number of the new game appears in each existing sequence.  Using this report as a guide the new game wil be manually added to each sequence."
1097,2,,1,Access the special function for adding to Named Sequences,
1098,2,,2,Select the game to be added to all of the Named Sequences,
1099,2,,3,Execute the process,
1100,2,,,a,The process will recognize the LMC Sequence Group number of the new game
1101,2,,,b,Successively every existing Named Sequence (other than LMC) will be reviewed
1102,2,,,c,For each Named Sequence a search will proceed to find the first Assignment Group that has a game assigned with the LMC Sequence Group number being queried.
1103,2,,,d,"Upon finding the group containing the game with the matching LMC Assignment Group number, the new game will automatically be entered into the same Assignment Group code"
1104,2,,,e,"If the LMC Sequence Group number is not found in any Named Sequence, the new game will not be added to that sequence."
1105,2,,,f,Custom Named Sequences are not included in the automated process
1106,2,,,,
1107,1,,Edit,Any Named Sequence can be edited and games moved to different Sequence Assignment Groups,
1108,1,,Copy,Any Game Categorization may be copied,
1109,1,,Delete,"If a game is deleted, it is deleted from all Named Game Sequences.",
1110,1,,Activation,"Call up the game for edit and change its BASE-STATUS to ""Active""",
1111,1,,,,
1112,3,GAME CATEGORIZATION,,,
1113,3,,Access,Content Administrator,
1114,3,,,,
1115,3,,Process Description,Identifying the unique characteristic of a game by parameterizing the various aspects.,
1116,3,,,,Every concept category has an entry
1117,3,,,,Tier one parameters are pre-defined
1118,3,,,,Tier two parameters are tags (but will be externally pre-defined)
1119,3,,,,
1120,3,,Steps,,
1121,3,,1,Mark a selection for every Concept Category:,
1122,3,,,a,Null if the concept is not specifically addressed by the game content
1123,3,,,b,One or more Tier 1 concept parameters
1124,3,,,c,"One or more Tier 2 concept parameters, when available, for each Tier 1 chosen"
1125,3,,2,Mark status as active or inactive.,
1126,3,,,,"The inactive status permits defining groups of games prior to actually making them available to users (by marking ""Active"")"
1127,3,,3,Save the game categorization,
1128,3,,,,
1129,3,,Edit,An existing game categorization may be edited.,
1130,3,,Copy,A copy function that permits copying another game categorization and then editing it under a new name.,
1131,3,,Delete,A game categorization may be deleted,
1132,3,,Activation,"Activation of a game is controlled by the Concept Category ""Basic Elements""",
1133,3,,,,
1134,3,,,,
1135,1,GAME SEQUENCING,,,
1136,1,,Access,Content Administrator,
1137,1,,,,
1138,1,,Process Description,Creation of a Named Sequence that presents games in an order matching an external source,
1139,1,,,,This process provides the basis for automatically presenting to a student game assignments in a prescribed order associated with an external or custom teaching method (Named Sequence).  The order will be Level-Unit-Group Code
1140,1,,,,
1141,1,,Steps,,
1142,1,,1,Access the Game Sequencing function,
1143,1,,,,This brings up a screen with empty fields and parameter lists for selection
1144,1,,,,
1145,1,,2,Name the sequence,
1146,1,,,,"This will normally be the name of the external source, e.g. ""Alfred Premier"", ""FSMTA Curriculum"""
1147,1,,,,
1148,1,,3,Name the Level,
1149,1,,,,"This will normally correspond to a grouping name of the external source, e.g. ""Primary"""
1150,1,,,,Name and Level together identify a unique named sequence.
1151,1,,,,
1152,1,,4,Name the Unit,
1153,1,,,,"This will normally correspond to some sub-grouping within the grouping of the exernal source, e.g. ""Note Naming"", ""Pages 6-15"""
1154,1,,,,There are two parts; the Unit name and a descriptive box.
1155,1,,,,
1156,1,,5,Assign a group code,
1157,1,,,,"This code, a decimal number, identifies the group of concepts aligned with the Level-Unit combination.  A group code can either split or group elements of a named sequence."
1158,1,,,,
1159,3,,6,Assign concept category parameters to the Sequence-Level-Unit-Group Code combination,
1160,3,,,,"As each concept category is chosen, the user is presented with the hierarchy of parameters for that category, and one or more parameters may be selected."
1161,3,,,,As parameters are selected the results appear in a Sequence Group Box (in another area of the screen)
1162,3,,,,"A search of the games that match these parameters will bring back the ""sequence assignment"" to be presented to the student."
1163,3,,,,"The sequence assignment search takes place dynamically as the sequencing process takes place. That is, on ""Enter"" the list of games associated with the concept category parameters chosen is presented.  This enables the Content Administrator to verify immediately the results of the parameters chosen."
1164,3,,,,"The parameter selection area may be closed in order to see more clearly the group boxes, sequentially presented in a vertical listing, with associated game assignments to the right."
1165,3,,,,
1166,3,,7,"From the results of the game search, select those games to be named in the open Sequence Assignment Group",
1167,3,,,,This selection should be a drag and drop process or a CSV upload process
1168,3,,,,"All games presented in the search box should have an indicator as to whether they already have been defined in the open Named Sequence.  However, the same game may be used in more than one group in the same sequence."
1169,3,,,,"The selected Game may be placed in the Pre-Assignment area, the Assignment area, or the Post-Assigment area"
1170,3,,,,The order of the games in the Sequence Assignment Group may be edited and is retained.
1171,3,,,,
1172,1,,8,Repeat steps (3 )- (7) until all sections of the external source has been sequenced.,
1173,1,,,,
1174,1,,9,Save the game sequence,
1175,1,,,,
1176,1,,Edit,An existing game sequence may be edited,
1177,1,,Copy,A copy function is available that permits copying another game sequence and then editing it under a new name.,
1178,1,,Delete,A game sequence may be deleted,
1179,1,,,,"If a custom sequence is deleted and there are students to whom that sequence is assigned, a warning message appears indicating that fact, and the delete does not proceed without acknowledgement by the user."
1180,1,,,,"If a custom sequence is deleted and there are students to whom that sequence is assigned, the assignment will default to the Lifetime Musician Curriculum."
1181,1,,,,
1182,1,,Activation,A game sequence has a setting for active or inactive,
1183,1,,,,
1184,,,,,
1185,3,CUSTOM GAME SEQUENCING,,,{This will be delayed until Phase III or later}
1186,3,,Access,"Teachers, School Administrators, and Content Administrator",
1187,3,,,,"A Teacher is the intended user, but this is also available to School Administrators.  The Content Administrator may edit--as a Help Desk function."
1188,3,,,,"If a School Administrator creates the custom sequence, it is automatically available for use by any Teacher under that School Administrator's control."
1189,3,,,,"If a Teacher, under a School Administrator creates the custom sequence it is only available to that Teacher.  But the copy feature could be used to copy that sequence to a new name under the School Administrator, making the sequence available to all Teachers under that School Administator's control."
1190,3,,,,
1191,3,,Process Description,Creation of a Named Sequence that presents games in an order matching an external source of the Teacher's choosing,
1192,3,,,,This sequence will be available for use only by the specific Teacher--assigned only to the students of that Teacher.
1193,3,,,,
1194,3,,Steps,,
1195,3,,1,Access the custom sequencing routine,
1196,3,,,,"The user will be presented with the Lifetime Musician Curriculum, with its detailed Concept Categories and Concept Parameters"
1197,3,,2,Create a custom sequence name,
1198,3,,3,De-select any elements of the presented sequence that are not desired.,
1199,3,,4,Alter any group codes to change the order of the elements of the presented sequence,
1200,3,,5,Save,
1201,3,,,,
1202,3,,Edit,An existing Custom Game Sequence may be edited,
1203,3,,Copy,A copy function that permits copying another Named Game Sequence and then editing it under a new name.,
1204,3,,Delete,A game sequence may be deleted,
1205,3,,,,"If a custom sequence is deleted and there are students to whom that sequence is assigned, a warning message appears indicating that fact, and the delete does not proceed without acknowledgement by the user."
1206,3,,,,"If a custom sequence is deleted and there are students to whom that sequence is assigned, upon deletion of the custom sequence the assignment for the student will default to the Named Sequence for that student, and, in the absence of a Named Sequence, will further default to the Lifetime Musician Curriculum."
1207,3,,,,
1208,3,,Activation,A game sequence has a setting for active or inactive,
1209,3,,,,
1210,1,ASSIGNMENT PROGRESSION,,,
1211,1,,Access,"Operated by the Student, with some editing intervention available to Teachers",
1212,1,,,,
1213,1,,Process Description,"Assignments for students are presented in order of a Named Sequence, in discrete Assignment Groups",
1214,1,,,,
1215,1,,Steps,,
1216,1,,1,When a Named Sequence is created the Sequence Assignment Groups are defined,
1217,1,,,,Each Sequence Assignment Group has a Sequence Assignment Group Number
1218,1,,2,"Target Scores are established for each Game, and defined in the system when a Game is added",
1219,1,,3,"When a student profile is defined, a Named Sequence is assigned.",
1220,1,,,,This determines what series of Assignments are going to be presented to the Student
1221,1,,,,The first Sequence Assignment Group (of game names) appears in the Assignment Pane when the Student accesses the games to play
1222,1,,,,"Before any games have been played the target scores appear alongside each game, with no special markings"
1223,1,,,,There are several score columns:
1224,1,,,a,Target Score
1225,1,,,b,Number of times the game has been played (initially blank)
1226,1,,,c,Best score (initially blank) and date
1227,1,,,d,Last score (initially blank) and date
1228,1,,4,The Assignmentis comprised of three panes and three sub-panes,
1229,1,,,,The Pre-Assignment pane appears first--if it has content--otherwise the pane is hidden
1230,1,,,,"Next the Assignment pane appears, with the primary game content"
1231,1,,,,"     If a Custom Assignment has been given, it appears in the second sub-pane"
1232,1,,,,The Post-Assignment pane is last--if it has content--othewise the pane is hidden
1233,1,,,,
1234,1,,5,The Student plays the assigned games to completion,
1235,1,,,,"For each game played to completion the score is recorded and compared to the Target Score, and the scores are color coded in the Assignment Pane (as otherwhere described)"
1236,1,,6,When all of the games are played and all of the Target Scores reached the next Assignment Group is presented,
1237,1,,,,At this point all of the game scores in the first Assignment Group were marked green
1238,1,,,,When the last game in the Assignment Group has been successfully completed the Student is notified
1239,1,,7,"At any time in the game-playing process the Student may press a ""SKIP"" button which will present the next Assignments",
1240,1,,,,The SKIP process permits the student to play ahead even though all current assignments are not completed
1241,1,,,,"When the Student next logs in to the games, the first incomplete Assignment Group will again be presented, with the current score status."
1242,1,,,,"Until all games in an assigment have been completed, the SKIP process will have to be used to advance"
1243,3,,8,Custom assignments made by Teachers will remain in the Assignment Pane when completed by the Student,
1244,3,,,,Upon successful completion by a Student the custom game assignment will turn green and the Student will be notified
1245,3,,,,The Custom Assignment will remain until deleted by the Teacher.
1246,3,,,,The Custom game scores will be recorded in the data base and available for other reporting.
1247,3,,,,
1248,3,,Edit,The Teacher may edit the Custom Game Assignment and may assign any Named Sequence,
1249,3,,,,The named sequence assignment may be replaced with another
1250,3,,,,All individual lesson group assignments are visible to the teacher and the teacher may mark an individual game as complete.
1251,3,,Copy,There is no copy feature applicable to Assignment Progression,
1252,3,,Delete,The Teacher may delete the Custom Assignments,
1253,3,,Activation,Activation of the Assignment Progression is automatic upon definition of a Named Sequence in a Student Profile,
1254,3,,,,
1255,1,Category Search,,,
1256,1,,Access,"Available to any role, but primarily used by Teachers and Content Administrator",
1257,1,,,,
1258,1,,Process Description,A user search function to search for games by searching for those that match a selection of categories and parameters,
1259,1,,,,The process is designed to minimize the possibilities that a user will search for a non-existent combination
1260,1,,,,"The ""Game Search by Category"" functionality is accessed and a screen layout is presented to the user"
1261,1,,,,"The selection of Categories, Tier 1 parameters and Tier 2 parameters in combination will result in retrieval of a set of games (and supporting media) matching that combination."
1262,1,,,,From the retrieved set the user may select the one desired and play it.
1263,1,,,,
1264,1,,And vs Or,"The logic of the search needs to be made simple so that the user can combine ""and"" and ""or"" selection criteria",
1265,1,,,,"The default situation is ""And"", where the game retrieved must match all of the selected conditions, i.e. if both Major and Minor Chords are selected the retrieved games must include both Major and Minor."
1266,1,,,,"If a user wanted to find games that included Major ""Or"" Minor, then some change in the search parameters must be made."
1267,1,,,,"In many cases simple selection of only the Tier 1 parameters will be sufficient to find a set of games that meet the need for the ""Or"" condition, but Chords is a good counter-example, since Major and Minor are Tier 1 parameters and the resultant set will be comparatively very large"
1268,1,,,,
1269,1,,,,
1270,1,Screen Navigation Features,,,Unfinished
1271,1,,ACCESS,,Available to any role unless specifically constrained in a permissions table or within a function
1272,1,,,,
1273,1,,NEXT ASSIGNMENT,Button for student to advance to the next Assignment after completion of current one,
1274,1,,,,
1275,1,,SKIP,Button for student to skip to next Assignment even though current Assignment is not completed,
1276,1,,,,Can skip successively to end
1277,1,,,,Upon next log-on the first uncompleted Assignment pane will again appear
1278,1,,,,
1279,1,,GO BACK,Button for student to go back to previous Assignment successively,
1280,1,,,,
1281,1,,GAME TABS,A set of tabs enables quick selection of an embellished list of all games in the category on the tab label,
1282,1,,,,
1283,1,,GAME LIST,A listing of all games and supporting media,
1284,1,,,,
1285,1,,FREE GAMES,Games that are available to the general public to be played without requiring membership,
1286,1,,,,
1287,1,,HELP,Strategically placed contextual help.,
1288,1,,,,
1289,2,,HIGH SCOREBOARD,When a challenge game is being played a button appears that makes the High Scoreboard for that game appear,
1290,2,,,,The the students obtaining the top 30 scores on that game are displayed on the scoreboard
1291,2,,,,Only first names and cities are displayed
1292,2,,,,On the student's landing page there is access to see a list of all Challenge games.  Selecting a game will display the High Scoreboard for that game
1293,2,,,,
1294,1,,GAME SEARCH,Ability for a student to search for a game by name,
1295,1,,,,"This is part of the overall access to games by ""All"" list, by major category, by individual game."
1296,1,,,,
1297,1,,,,
1298,1,,,,
1299,2,Awards,,,
1300,2,,Purpose,,"It is desirable to reward students as they progress.   Such rewards can be of many forms, but for this system they are referred to as ""Awards"" and constitute whatever can be given electronically to a student to recognize their achievement.  When possible the awards should be visible by peers."
1301,2,,,,"Additional ""physical"" awards will be available via purchase from TerryTreble.com"
1302,2,,,,
1303,2,,,Award Sequencing,
1304,2,,,,Awards are game elements that can be sequenced just as games and other supporting media
1305,2,,,,
1306,2,,,,
1307,2,,{Proposed} Recognition Board,Each Teacher or Family is provided with a screen upon which individual student awards may be viewed by their peers.,
1308,2,,,,Student name with ribbon graphics and number of ribbons earned for gold and blue
1309,2,,,,(Instead of ribbons these might be bowties like Terry Treble wears)
1310,2,,,,
1311,2,,,,
1312,2,,Student Award Board,Each student has a screen upon which their awards are displayed.,
1313,2,,,,(Possible) Ribbon can be dragged and dropped by the student to the Student Award Board--position is highlighted.
1314,2,,,,
1315,2,,Awards,,
1316,2,,,Gold Ribbon--for student achieving perfect scores on all quiz games in the Assignment,
1317,2,,,,Automatically awarded
1318,2,,,,Displays on the Assignment Screen
1319,2,,,,Displays in master Score Report
1320,2,,,,Displays on Student Award Board
1321,2,,,,{Proposed} Displays on the Recognition Board
1322,2,,,,
1323,2,,,Blue Ribbon--for student achieving all target scores or higher on all quiz games in the Assignment,
1324,2,,,,Automatically awarded
1325,2,,,,Displays on the Assignment Screen
1326,2,,,,Displays in master Score Report
1327,2,,,,Displays on Student Award Board
1328,2,,,,{Proposed} Displays on the Recognition Board
1329,2,,,,
1330,2,,,Certificate--for completion of Named Sequence,
1331,2,,,,"Certificate with student's name automatically entered becomes available for printout upon completion of a Named Sequence.  Contains Name of sequence, Student's name, Teacher's name, Date"
1332,2,,,,Displays on Student Award Board
1333,2,,,,Student selects Print option to obtain
1334,2,,,,
1335,2,,,Terry Treble All Star List--upon completion of a Named Sequence,
1336,2,,,,Appears for one-month automatically
1337,2,,,,Displays permanently on Student Award Board (a Terry Treble graphic)
1338,2,,,,{Proposed} Displays on the Recognition Board
1339,2,,,,Automatically receives a coupon (code) that can be used for an additional 10% discount on TerryTreble items
1340,2,,,, 
1341,2,,,,
1342,2,,Challenge Scores,Whenever a Challenge level game is played the top scores world-wide are displayed on a screen available to all students.,
1343,2,,,,"If a student is listed on this scoreboard, a globe graphic appears on their Student Award Board (e.g. a globe with a crown on it)"
1344,2,,,,Also appears on the Teacher Recognition Board
1345,2,,,,"If a student reaches a score that is one of the top 100 in the world, a globe graphic appears on their Student Award Board (e.g. a globe with a 100 under it)"
1346,2,,,,
1347,,,,,
1348,,,Award Ideas:,,
1349,,,,,
1350,,,,,
1351,1,Activation and Closing,,, 
1352,1,,Trial Membership,Four-week free trial (one month free),
1353,1,,,,Member signs up but without credit card information
1354,1,,,,A member number is assigned
1355,1,,,,At end of trial period the subscription terminates unless credit card info is provided.
1356,1,,,,The free trial ends at 11:59 pm on the last day of the trial period.
1357,1,,,,A free trial period can be increased with a proper coupon entry upon sign-up
1358,1,,,,
1359,1,,Active Membership,Member has access to the system between the beginning and end dates of a subscription.,
1360,1,,,,
1361,1,,,,
1362,1,,Temporary Suspension,Member has decided to temporarily stop monthly access.,
1363,1,,,,This would often be used by a Teacher that does not teach during the summer.
1364,1,,,,The member will continue to have access to the member profile
1365,1,,,,Billing automatically begins on the re-start date selected by the Teacher
1366,1,,,,
1367,1,,Closing,Member has decided to terminate membership.,
1368,1,,,,If an active annual member does not renew prior to the end of the subscription period a reminder notice will be sent by the system.
1369,1,,,,"A request to close an account stops monthly billing and generates a ""please come back"" e-mail."
1370,1,,,,The member will continue to have access to the member profile for one year to enable them to resubscribe.
1371,1,,,,
1372,1,,,,
1373,2,Schools Special Features,,,
1374,2,,,,
1375,2,,Mass Activation Upload,Utility to permit upload for school use of teacher and student information from flat files (csv).,
1376,2,,,,The expectation is that a school IT department will generate student lists and place them in the required format for upload.  The expectation is that this will be a csv (flatfile) placed on the network where the School Administrator may find and access it. There will be a separate list for each Teacher/Classroom.
1377,2,,,,   Student Last Name
1378,2,,,,   Student First Name
1379,2,,,,   E-mail address (optional)
1380,2,,,,The school will need to have been set up as a member and the School Administrator will need to have already entered the Teachers/Classrooms names.
1381,2,,,,"When the School Administrator wishes to upload students, the upload utility is accessed and a selection is made to which Teacher/Classroom the students are to be loaded."
1382,2,,,,"A browse feature, or file naming feature, allows the School Administrator to pick which file has the required student name content."
1383,2,,,,The upload process will:
1384,2,,,1,   Upload the Student Last Name to the Student Profile
1385,2,,,2,   Upload the Student First Name to the Student Profile
1386,2,,,3,   Upload the E-mail address (if found) to the Student Profile
1387,2,,,4,   A user name will be created and uploaded to the Student Profile
1388,2,,,5,   A password will be chosen from a standard list and uploaded to the Student Profile
1389,2,,,,"If the username creation process results in duplicates (e.g., there are two John Smiths) then the duplicates are resolved by the system automatically adding a letter suffix to the first name before concatenating  (e.g., SmithJohn17502, SmithJohnA17502, SmithJohnB17502)."
1390,2,,,,Following upload individual student profiles may be edited.
1391,2,,,,There needs to be a toggle option to allow upload of pre-established usernames and passwords instead of automatic creation.
1392,2,,,,
1393,2,,,,
1394,2,,,USERNAMES automation,
1395,2,,,,"User names are automatically created by concatenating: the student's lastname, the student's firstname, and the school member number.  For example, for school 17502 and student John Smith the resultant user name would be SmithJohn17502."
1396,2,,,,"If the username creation process results in duplicates (e.g., there are two John Smiths) then the duplicates are resolved by the system automatically adding a letter suffix to the first name before concatenating  (e.g., SmithJohn17502, SmithJohnA17502, SmithJohnB17502)."
1397,2,,,,
1398,2,,,PASSWORDS automation,
1399,2,,,,"A list of short musical terms is used as the source for automated assignment of passwords.  As student names are entered by the process assignments of passwords are made by successively using the standard passwords until the last is reached, then continuing from the beginning until the student roster is exhausted."
1400,2,,,,
1401,2,,,Standard Password List for mass assignment:,
1402,2,,,,air
1403,2,,,,band
1404,2,,,,bar
1405,2,,,,bass
1406,2,,,,baton
1407,2,,,,bell
1408,2,,,,bench
1409,2,,,,black
1410,2,,,,book
1411,2,,,,bow
1412,2,,,,clap
1413,2,,,,class
1414,2,,,,clef
1415,2,,,,coda
1416,2,,,,dot
1417,2,,,,down
1418,2,,,,drum
1419,2,,,,duet
1420,2,,,,fine
1421,2,,,,flat
1422,2,,,,flute
1423,2,,,,forte
1424,2,,,,fret
1425,2,,,,grand
1426,2,,,,half
1427,2,,,,hand
1428,2,,,,hear
1429,2,,,,high
1430,2,,,,jazz
1431,2,,,,key
1432,2,,,,learn
1433,2,,,,left
1434,2,,,,line
1435,2,,,,loud
1436,2,,,,low
1437,2,,,,major
1438,2,,,,meter
1439,2,,,,midi
1440,2,,,,mie
1441,2,,,,minor
1442,2,,,,music
1443,2,,,,note
1444,2,,,,oboe
1445,2,,,,page
1446,2,,,,part
1447,2,,,,pedal
1448,2,,,,piano
1449,2,,,,pitch
1450,2,,,,play
1451,2,,,,quiz
1452,2,,,,range
1453,2,,,,rest
1454,2,,,,rock
1455,2,,,,same
1456,2,,,,sax
1457,2,,,,scale
1458,2,,,,score
1459,2,,,,sharp
1460,2,,,,sing
1461,2,,,,skip
1462,2,,,,snare
1463,2,,,,soft
1464,2,,,,solo
1465,2,,,,song
1466,2,,,,sound
1467,2,,,,space
1468,2,,,,staff
1469,2,,,,step
1470,2,,,,time
1471,2,,,,tone
1472,2,,,,triad
1473,2,,,,trio
1474,2,,,,tuba
1475,2,,,,tune
1476,2,,,,viola
1477,2,,,,white
1478,2,,,,
1479,2,,Mass Student Transfer w/Scores,Utility to permit mass transfer of students to new teachers and retain score records,
1480,2,,,,"If score records are not to be retained, a delete and mass upload combination may be more efficient."
1481,2,,,,The Student Transfer File report is run to produce a master list of students to be transferred.
1482,2,,,,For each student the Teacher/Classroom is added (in the last column) to which the student is to be transferred.
1483,2,,,,"When the School Administrator wishes to upload the transfers, the upload utility is accessed."
1484,2,,,,"A browse feature, or file naming feature, allows the School Administrator to pick which file has the required student name content."
1485,2,,,,"The resultant upload process will replace in the student profile the existing Teacher/Classroom with the new Teacher/Classroom, and all individual score records will correspondingly be related to the new Teacher-Student combinations."
1486,2,,,,
1487,2,,Delete Students,Utility to delete all student profiles at end of year,
1488,2,,,,"In order to re-use the mass upload, all current records will first need to be deleted using the mass delete feature.  If student records are reloaded, the same usernames will be re-created, but the passwords may be different."
1489,2,,,,"When the School Administrator wishes to delete students, the mass delete utility is accessed."
1490,2,,,,Selection criteria is provided to enable delete of subsets of students
1491,2,,,,    Student ID
1492,2,,,,    Teacher/Classroom
1493,2,,,,    Named Sequence
1494,2,,,,    All Students
1495,2,,,,The resultant delete process will delete all student score records and all student profiles based upon the selection criteria.
1496,2,,,,
1497,2,,,,
1498,1,,Reports,,
1499,1,,,Profile Output File,
1500,1,,,,"A School Administrator or Teacher will be able to print out a list of all students, grouped by class, or all students (in alphabetical order by last name) in a printed or csv format."
1501,1,,,,The report/file content will include the entire student profile.
1502,1,,,,Adequate selection criteria is provided so that subsets of students may be obtained:
1503,1,,,,   Teacher/Classroom
1504,1,,,,   Student ID
1505,1,,,,   Named Sequence
1506,1,,,,
1507,1,,,Class Roster,
1508,1,,,,"A School Administrator or Teacher will be able to print out a list of all students, grouped by class, or all students (in alphabetical order by last name) in a printed or csv format."
1509,1,,,,The report content is useful for letting students know their logon information:
1510,1,,,,   Student ID
1511,1,,,,   Student Lastname
1512,1,,,,   Student Firstname
1513,1,,,,   Teacher/Classroom
1514,1,,,,   Username
1515,1,,,,   Password
1516,1,,,,
1517,2,,,Student Transfer File,
1518,2,,,,"A School Administrator or Teacher will be able to print out a list of all students, grouped by class, or all students in printed or csv format"
1519,2,,,,The report/file content will include the information needed as a basis for making mass student transfers:
1520,2,,,,   Student ID
1521,2,,,,   Student Lastname
1522,2,,,,   Student Firstname
1523,2,,,,   Teacher/Classroom
1524,2,,,,Adequate selection criteria is provided so that subsets of students may be obtained:
1525,2,,,,   All
1526,2,,,,   Teacher/Classroom
1527,2,,,,   Student ID
1528,2,,,,   Named Sequence
1529,2,,,,
1530,1,Schools Narrative,,,All of these functions can be done within framework of Ensemble subscription
1531,1,,,,
1532,1,,Administrative Structure,,
1533,1,,,User Roles,
1534,1,,,,"User Roles.  There are three user levels: Administrator, Teacher/Classroom, and Student.  These correspond to distinct roles within the system, having different access to the learning system and website functions.  "
1535,1,,,School Membership,
1536,1,,,,"School Membership.  Membership by the school in MusicLearningCommunity.com is a requirement.  This subscription is free.  Upon creating the membership the type of membership (School) is selected, and the Administrator is named.  If the Administrator personally is a member, that membership is not used for the school.  Billing is related to member number and grouping.  All payments are made to MusicLearningCommunity.com, LLC."
1537,1,,,Member Grouping,
1538,1,,,,"Grouping.  It is also possible to group schools together within a district for volume pricing, since school subscriptions are based upon the number of students who will be accessing the system.  This grouping may be done at any time.  For example, one school might become a member and then, based upon seeing the successful results from that program other schools in the district might want subscriptions.  At that point multiple schools may be grouped together to get the best pricing for all.  There is no pricing benefit by grouping unless the minimum total of 1350 student slots are reserved."
1539,1,,,District Membership,
1540,1,,,, 
1541,1,,,School Administrator,
1542,1,,,,"School Administrator.  This is the person who will administer the system for the school.  If multiple schools are involved, there must be an administrator named for each school, although the same person could be assigned to each of these roles. Often the School Administrator is the music teacher. The School Administrator adds Teacher/Classrooms to the system and connects students with Teacher/Classrooms.  This role also supervises the automated upload of students.  The School Administrator can set up a Teacher username and password so that he or she can act in the Teacher role as well.  "
1543,1,,,Teacher/Classroom,
1544,1,,,,"Teacher/Classroom.  There is no limit to the number of Teacher/Classrooms that can be set up.  The subscription limits are on the number of student usernames.  The role can be named with an individual teacher name, a class name, or combination.  For example, SmithJMWF might mean John Smiths class Monday, Wednesday, Friday; or 4JSmith might represent John Smith Fourth Grade.  Generally the system documentation will refer to Teacher for this role.  "
1545,1,,,,"The Teacher may define student usernames and passwords, monitor student score reports, and make both automated and custom assignments.  A Teacher only sees the students that he or she has defined, or those that have been automatically uploaded to his or her Teacher/Classroom role."
1546,1,,,,"There are two primary options on how the learning system can be used; (1) Lab with generic usernames, (2) Individual students.  In the first scenario the annual subscription limited to 50 students is most frequently used.  This provides 50 user slots for use.  The Teacher defines generic usernames and passwords for these slots, such as CPMX01, CPMX02, UserJJK1, UserJJK2, UserJJK50, for example, and then simple passwords such as tune, music, etc.  (Note that the username must be unique among the worldwide users of ComePlayMusic).  The learning system is then used in a lab situation, each student signing in with one of the 50 users.  Although scores are obtained upon completing a game, the individual student score-keeping function is really not being used for student progress tracking, as multiple students are using the same logon credentials."
1547,1,,,,"In the second scenario the individual student is set up with his or her own unique username and password.  Their game scores are retained, automatic awards are given for completion of assignments, and they can compete in the world-wide competition with Challenge-level games.  And the students can play their game assignments at home or wherever they have internet access."
1548,1,,,Student,
1549,1,,,,"Student.  The student role can log in to the system using the unique username and password assigned to them.  They can then automatically be presented with their assignment, following a pre-established curriculum, play the games, and see their scores.  They have access to an Recognition Board where they can see the awards earned.  Depending upon the schools choices, the student can access the system only from the school lab or from most devices having internet access from school or home."
1550,1,,,,
1551,1,,Pricing & Billing,,
1552,1,,,Pricing,
1553,1,,,,"Pricing.  A school subscription is based upon the number of student slots being reserved for student access and is an annual subscription for the school year with no charge for the summer months.  Pricing is per school unless there is a district member, the schools are grouped using that member number, and the minimum total students of 1350 is reached.  In that case all schools have the same lowest price for the total number of student slots reserved."
1554,1,,,Adding & Deleting Student Slots,
1555,1,,,,"Adding & Deleting Student Slots.  This function may be performed by the School Administrator.  More student slots may be reserved at any time, but there is no proration based upon the date added.  If the number of student slots is reduced, there is no rebate during the billing cycle.  The automatic renewal will use the number of reserved student slots in effect at the end of the billing cycle as the basis for the renewal bill.  Administrators should be cautioned that adding reserved student slots has an immediate financial impact."
1556,1,,,Billing,
1557,1,,,,"Billing.  At the time the beginning subscription is initiated online, the number of student slots to reserve is requested.  That number is used in the pricing schedule and an invoice is automatically generated and e-mailed to the school contact.  "
1558,1,,,,"Once the invoice has been generated the account is in a pending status until receipt of payment.  However, during this period the website is fully accessible by the member administrator, teachers, and students.  Payment in full is expected within 30 days of the invoice."
1559,1,,,Renewal Billing,
1560,1,,,,"Renewal Billing. The School Administrator needs to enter the billing cycle renewal date in the account management profile for the system to use to coordinate billing dates with the school year processes.  It is assumed that the school will wish to continue with its subscription.  The renewal date entered by the Administrator is only month and dayno year is required.  This date is picked up each year and an invoice automatically created and sent 30 days prior to that date, based upon the profile that exists as of the renewal date, that is the number of students, addresses, contacts, purchase order number, etc."
1561,1,,,,Upon receiving a renewal invoice if the school does not wish to continue the subscription the Administrator need only go to the account management profile and select the suspend or cancel option.
1562,1,,,Purchase Orders,
1563,1,,,,"Purchase Orders.  MusicLearningCommunity.com LLC does not require purchase orders, as all functions can be performed fully on-line.  There is a field in the member account management profile for the School Administrator to enter a purchase order number if needed by the school.  This number will be picked up in the automated billing process and will display on the invoice."
1564,1,,,,"If a purchase order is sent to MusicLearningCommunity.com, an e-mail response will be sent to the contact with instructions for accessing the website to set up the member profile and start the subscription process.  Invoices will then be generated in the normal manner."
1565,1,,,,
1566,1,,,,
1567,3,Communication,,Unfinished,"FROM, TO, WHAT, HOW, WHEN, FREQUENCY"
1568,3,,Content Administrator to Teachers,,
1569,3,,,,
1570,3,,,,
1571,3,,Content Administrator to School Administrators,,
1572,3,,,,
1573,3,,,,
1574,3,,School Administrators to Teachers,,
1575,3,,,,
1576,3,,,,
1577,2,,Teachers to Students,,
1578,2,,,E-mail,
1579,2,,,Optional text with assignments,
1580,2,,,,
1581,2,,"Students to
Teachers",,
1582,2,,,Internal messaging,
1583,2,,,,
1584,2,,,,
1585,2,,Content Administrator to Teachers,,
1586,2,,,,
1587,2,,,,
1588,3,,Content Administrator to Parents & Families,,
1589,3,,,,
1590,3,,,,
1591,2,,Content Administrator to Students,,
1592,2,,,,
1593,2,,,,
1594,1,Reports/ PrintOuts,,,Unfinished
1595,1,,,,
1596,1,,,Named Sequence Games,
1597,3,,,Custom Sequence Games,
1598,1,,,Named Sequence Assignments Report,
1599,3,,,New Games to Named Sequence Confirmation,
1600,3,,,,Reports for any selected Lifetime Musician game where that game appears in every other Named Sequence.
1601,1,,,Student Score Report,
1602,1,,,Concept Search Printout,
1603,2,,,School Reports (See Schools Special Features),
1604,3,,,Report of Referrals,
1605,2,,,Starts/Stops--by member-type,
1606,1,,,Total membership--by member type,
1607,2,,,Game usage statistics,
1608,,,,,
1609,,,,,
1610,3,Teacher Finder,,,
1611,3,,,Search routine for a website visitor to find a partipating MusicLearningCommunity teacher,
1612,3,,,,Any teacher will by default be included in the search results unless opting out on their member (Teacher) profile.
1613,3,,,,Search would be by geographical area and would return the teacher's e-mail address and city
1614,3,,,,
1615,1,SUBSCRIPTION BILLING,,,
1616,1,,Monthly,Automated monthly recurring charges,
1617,1,,,,No billing statement is sent
1618,1,,,,
1619,1,,Initial Annual,Automated initial set up of annual subscription,
1620,1,,,,No billing statement is sent upon initial annual subscription
1621,1,,,,
1622,1,,Annual Renewal,Automated renewal of annual subscription--(credit card),
1623,1,,,,A reminder notice is sent automatically 30 days before a subscribers end of billing cycle date (Year/Month)
1624,1,,,,A confirmation notice is sent automatically 15 days before a subscribers end of billing cycle date
1625,1,,,,Subscription automatically renews
1626,1,,,,"Trigger could be reaching month-end, or month-begin on system calendar."
1627,1,,,,
1628,1,,,,
1629,1,,Annual Renewal,Automated renewal of annual subscription--Schools and non-credit card,
1630,1,,,,A billing statement needs to be created--essentially a report from the member/subscriber profile
1631,1,,,,This bill is generated automatically 30 days before subscribers end of billing cycle date (Year/Month)
1632,1,,,,"Trigger could be reaching month-end, or month-begin on system calendar."
1633,1,,,,
1634,1,,,,
1635,1,Student Lessons Narrative,,,
1636,1,,Lessons,Student Lessons,
1637,1,,,,"Student Lessons are presented as sequential organized groups of learning elements, where each group is an Assignment.  The sequence in which these Assignments are presented is directly correlated to an external piano method, state curriculum, or other specifically Named Sequence of teaching musical concepts."
1638,1,,,Automatic Presentation,
1639,1,,,,"Automatic Presentation.  Once the specific sequence has been given to an individual student (in the student management area), when the student logs in to his or her Student Lessons the next Assignment in the sequence is automatically presented.  A student is expected to complete all of the elements of an Assignment before moving to the next one, which will be automatically presented."
1640,1,,,Sequence Naming,
1641,1,,,,Sequence Naming.  To tie the external sequence to the internal assignment group an organizational naming convention is used.  The external sequence is identified with a Sequence Name.  Then it is broken down into Sequence Levels (often corresponding to a single method book).  Finally these levels are broken down in sections called Sequence Units.  The concepts taught in a single Sequence/Level/Unit are then presented to the student as one or more Assignment Groups (Assignment).
1642,1,,,Assignment Groups,
1643,1,,,,"Assignment Groups.  An Assignment group consists of an ordered set of learning elements (including video, text, music, awards, and games), focused on music learning games that teach the individual concepts.  Each Assignment group, when originally defined by the Content Administrator, includes some additional internal information used to help manage the learning system. Such internal information includes group number and group level."
1644,1,,,Panes,
1645,1,,,,"Panes.  This Assignment set or group is presented in three sequential parts; an introduction or preview pane, a main assignment pane (the games), and a summary pane.  The main assignment pane is actually split into three sub-panes, where the first holds the automatic non-MIDI game assignments, the second holds automatic MIDI game assignments, and the third holds any additional games specifically assigned by the teacher."
1646,1,,,Pane Appearing,
1647,1,,,,"Pane Appearing.  The introduction pane appears first and the other panes are not available until this first pane is completed.  Then the main pane appears.  When the first two panes are completed the last pane appears.  The summary pane may include awards, challenge games, or other learning elements, including audio files.  A quiz review, which is the presentation of a previously mastered games quiz stage to verify that a student has retained his or her mastery of the concept, may appear in the main assignment pane."
1648,1,,,Game Stages,
1649,1,,,,"Game Stages.  When learning games are presented the learn, play, and quiz stages of each game are all included.  A student is permitted to skip to the quiz stage, and if a target score is reached at that stage, the learn and play stages are considered to have been completed.  The challenge stage of the game will appear in the third pane."
1650,1,,,Remediation,
1651,1,,,,"Remediation.  If a student has played only the quiz stage and has not reached the target score after 5 tries, then the student is automatically presented with the learn stage game.  If the student plays the learn, play, and quiz stages and has not reached the target score after 5 tries, a notice is automatically sent to the teacher or family administrator of that fact."
1652,1,,,,
1653,1,,,Edit Game Completion,
1654,1,,,,"At any time a teacher has the ability to look at an individual student assignment and mark that individual games are completed, regardless of student score.  When a teacher performs this override the student becomes entitled to execute whatever is in the summary pane, and receives any awards there."
1655,1,,,,"The teacher needs the ability to manage a student with some degree of detail, without requiring the teacher to do so."
1656,1,,,,
1657,1,,Student Recess,,
1658,1,,,Game Playing Post-Assignment,
1659,1,,,,"Game Playing.  Outside of his or her lessons, (student recess) a student is permitted access to all games, with the exception of the quiz stage games, in his or her current level.  They are also provided an easy way to return to any games previously played in their completed lessons.  "
1660,1,,,Internal Group Level,
1661,1,,,,Internal Group Level.  Every student lesson assignment includes in its definition an internal group level (a number 0-7).  This internal group level is set by the Content Administrator when the assignment group is defined.  (It is based upon general pedagogy and expertise.)
1662,1,,,Game Level Range,
1663,1,,,,"Game Level Range.  Every game is defined to include an internal level range parameter. For example, a game might have an internal level range of 1-3.  This means that the game might be used in more than one group level, specifically 1, 2, or 3.  This level range relates to the Sequence Level, but, since external methodologies have a variety of nomenclature, the definition of this level range aids in standardization within the learning system."
1664,1,,,Level Comparison,
1665,1,,,,"Level Comparison.  So the system can make a comparison between the internal group level of the students current assignment, or just completed, and the internal level range of any game."
1666,1,,,Current Level Limit,
1667,1,,,,"Limited to Current Level.  A student is not permitted to play games where the games defined internal level range does not include the internal group level currently assigned to him or her.  For example, if a students current Assignment is in primary level (internal group level = 0), he or she will not be permitted to select and play on their own any games defined to have a level range with the minimum higher than primary level, such as 1-2."
1668,1,,,,This level limitation may be overridden by the teacher in the student's profile
1669,1,,Lesson Skipping,,
1670,1,,,Lesson Skipping,
1671,1,,,,"Lesson Skipping.  A student is allowed to return to previous lesson Assignments by skipping backwards sequentially and repeating any part, or all parts, of an Assignment group.  A student is also allowed to skip forward to the next Assignments, sequentially, even though the current lesson assignment is incomplete.  This skipping is allowed, even if the next lesson assignment has a higher internal level."
1672,1,,,Level Persistence,
1673,1,,,,"Level Persistence.  However, when a student logs in to the system again, he or she is presented with the first lesson in their assigned sequence that has not been completed.  Additionally, even if the student has skipped to a lesson that has a higher internal level than the assigned lesson that is incomplete, the student is considered to still be at the level of the incomplete assignment, and therefore at recess cannot play any games above that level."
1674,1,,,Controlled Flexibiltiy,
1675,1,,,,"Controlled Flexibility.  So students have some flexibility to move forward with Assignments, and they can play a variety of games, but there is still significant incentive to complete assignments so that they get the awards, can play challenge games, and can play higher level games during recess."
1676,1,,,,
1677,1,,Student Assessment,Assessment Sequences,
1678,1,,,,Assessment Sequences.  Specific named sequences are provided to teachers to assign to new students for the purpose of assessing their degree of mastery of music concepts.  These sequences are related to internal level ranges and constitute only the quiz games for those levels.  These are organized in such a way that the scoring results from the students completion indicates at what level they should begin Assignments.  
1679,1,,,Beginning Level Assignment,
1680,1,,,,"Beginning Level Assignment.  The individual teacher or family administrator may assign a starting position above or below, but the assessment (or pre-test) is a good indicator."
1681,1,,,,
1682,1,,,,"[Probably the way this will be implemented is to present to the teacher or family administrator a report of the scores from the completion of the assessment sequence in the same manner as any other assigned sequence.  Certain totals (yet to be defined) will be presented (to eliminate the need for the teacher to manually perform the calculations).  A separate evaluation algorithm will be presented to the teacher or family administrator, which they can use to arrive at a predicted starting level.  Since we have no actual results from such an algorithm to date we do not want to build in that automation at this time.  In the future we may be able to provide a fully-automated level-assigning pre-test.]"
1683,1,,,,
1684,1,,,,
1685,1,,,,
#REF!,,,,,