,,,,,,,,,,,,,,,,,,,,,,,,,,,,,,,,
,,,,,"A-Active, X-Inactive",,,,,,,,,,,,,,,,,,,,,,,,,,,
,,,,,,K -Keyboard in game,,,,,,,,,,,,,,,,,,,,,,,,,,
,,,,,,,T,-Timed,,,,,,,,,,,,,,,,,,,,,,,,
,,,SEQUENCE POSITIONS,,,,,S -Solfege text,,,,,,,,,,,,,,,,,,,,,,,,
,,4/1/2020,LIFE,SOLF,,,,,,,,E-ENGLISH,,,,,,MusicLearningCommunity.com ,,,,,,,,Stages Target Scores,,,,,,4/1/2020
,New Game Name 2021,GAME,Lifetime Musician,"Solfege
Fixed Do",x,,,,Levels,,,Language,,,Skill Area,,,Skill Category,Skills / Concepts Description,Skill Detail (1),Skill Detail (2),Skill Detail (3),Skill Detail (4),Skill Detail (5),,"- 1
Learn","- 2
Play","- 3
Quiz","- 4
Challenge","- 5
Review",New Game Name 2021,GAME
,,NUMBER,"Level . Assign #
r = review","Level . Assign #
r = review",A,K,T,S,1,2,3,"1
E","2
F","3
S",Type,,"Aural
Visual
                                                                                                                                                                                                                                                                Visual",(Text),(Text),(Text),(Text),(Text),(Text),(Text),,,,,,,,NUMBER
,,,,,,,,,,,,,,,,,,,,,,,,,,,,,,,,
,60 Second Club 1,GAM-0010,"2.18,20r - 3.1",X,A,K,T, ,2,3,,E,,,PITCH,,Visual,Pattern Playing,Rapidly read & play grand staff white notes on the on-screen keyboard-timed,Grand Staff,White Keys,,,,,3000,3000,3000,3400,3400,60 Second Club 1,GAM-0010
,60 Second Club 1 S,GAM-0020,X,"2.18,20r - 3.1",A,K,T,,2,3,,E,,,PITCH,,Visual,Pattern Playing,Rapidly read & play grand staff white notes on the on-screen keyboard-timed,Grand Staff,White Keys,,,,,,3000,3000,3400,3000,60 Second Club 1 S,GAM-0020
,60 Second Club 2,GAM-0030,"3.4,6r -4.5",X,A,K,T, ,3,4,,E,,,PITCH,,Visual,Pattern Playing,Rapidly read & play grand staff # and b notes on the on-screen keyboard-timed,Grand Staff,Black Keys,,,,,3000,3000,3000,3400,3400,60 Second Club 2,GAM-0030
,60 Second Club 2 S,GAM-0040,X,"3.4,6r -4.5",A,K,T,,3,4,,E,,,PITCH,,Visual,Pattern Playing,Rapidly read & play grand staff # and b notes on the on-screen keyboard-timed,Grand Staff,Black Keys,,,,,,3000,3000,3400,3000,60 Second Club 2 S,GAM-0040
,60 Second Club 3,GAM-0050,"3.9,16r - 4.7,14r","3.9,16r - 4.7,14r",A,K,T, ,3,4,,E,,,PITCH,,Visual,Pattern Playing,Rapidly read & play all grand staff notes--white and black--on the onscreen keyboard-timed,Grand Staff,White Keys,Black Keys,,,,1000,1500,2000,3400,3400,60 Second Club 3,GAM-0050
,60 Second Club 4,GAM-0060,"4.18,19r - 5.4,9r","4.18,19r - 5.4,9r",A,K,T, ,4,5,,E,,,PITCH,,Visual,Pattern Playing,Rapidly read & play all grand staff notes-with key signatures--on the onscreen keyboard-timed,Grand Staff,White Keys,Black Keys,Key Signatures,,,1000,1500,2000,9000,2000,60 Second Club 4,GAM-0060
,Alpha Order Down,GAM-0070,P.4,P.4,A,,, ,P,,,E,,,SYMBL,,Visual,Symbols,Name missing letters in the descending music alphabet,Note letters,,,,,,850,1050,1100,-,-,Alpha Order Down,GAM-0070
,Alpha Order Up,GAM-0080,P.4,P.4,A,,, ,P,,,E,,,SYMBL,,Visual,Symbols,Name missing letters in the ascending music alphabet,Note letters,,,,,,850,1050,1350,-,-,Alpha Order Up,GAM-0080
,Alpha Steps & Skips 1,GAM-0090,"P.9,13r","P.9,13r",A,,, ,P,,,E,,,INTVL,,Visual,Pre-reading,Name the letters of the musical alphabet that make steps up & down,Steps,,,,,,1050,1350,1650,-,1650,Alpha Steps & Skips 1,GAM-0090
,Alpha Steps & Skips 2,GAM-0100,P.14,P.14,A,,, ,P,,,E,,,INTVL,,Visual,Pre-reading,Name the letters of the musical alphabet that make skips up & down,Skips,,,,,,1050,1350,1650,-,-,Alpha Steps & Skips 2,GAM-0100
,Alpha Steps & Skips 3,GAM-0110,P.17 - 1.1,P.17 - 1.1,A,,, ,P,1,,E,,,INTVL,,Visual,Pre-reading,Name the letters of the musical alphabet that make steps and skips up & down,Steps,Skips,,,,,1050,1350,1650, - , - ,Alpha Steps & Skips 3,GAM-0110
,Beat the Clock - Intervals 1,GAM-0120,"1.14,18r - 2.11,14r","1.14,18r - 2.11,14r",A,K,T, ,1,2,,E,,,INTVL,,Visual,Minor,"Given the first note, play half steps up & down on the onscreen keyboard",m2,Minor second,,,,,1850,2250,3450,-,3450,Beat the Clock - Intervals 1,GAM-0120
,Beat the Clock - Intervals 2,GAM-0140,"2.12,15r - 3.12","2.12,15r - 3.12",A,K,T, ,2,3,,E,,,INTVL,,Visual,Major & Minor,"Given the first note, play half steps and whole steps on the onscreen keyboard",M2m2,Major second,Minor second,,,,1850,2250,3450,-,3450,Beat the Clock - Intervals 2,GAM-0140
,Beat the Clock - Pentascales 1,GAM-0160,"1.16,19r - 2.12,15r","1.16,19r - 2.12,15r",A,K,T, ,1,2,,E,,,SCALE,,Visual,Pentascale Major,"Play C, G, D and A Major pentascales on the MIDI keyboard",C Major,G Major,D Major,A Major,,,565,720,980,-,980,Beat the Clock - Pentascales 1,GAM-0160
,Beat the Clock - Pentascales 2,GAM-0170,"2.17,19r","2.17,19r",A,K,T, ,2,,,E,,,SCALE,,Visual,Pentascale Major,"Play C, G, D, A, F and E  Major pentascales on the MIDI keyboard",C Major,G Major,D Major,F Major,E Major,,565,720,735,-,735,Beat the Clock - Pentascales 2,GAM-0170
,Beat the Clock - Triads 1,GAM-0180,"1.17,20r - 2.8,13r","1.17,20r - 2.8,13r",A,K,T, ,1,2,,E,,,CHORD,,Visual,Major Chord,"Play triads on the onscreen keyboard: C, G and F Major",Triads,C Major,G Major,F Major,,,3400,4350,5300,-,5300,Beat the Clock - Triads 1,GAM-0180
,Beat the Clock - Triads 2,GAM-0200,"2.9,13r","2.9,13r",A,K,T, ,2,,,E,,,CHORD,,Visual,Major Chord,"Play triads on the onscreen keyboard: D, E and A Major",Triads,D Major,A Major,E Major,,,3400,4350,5300,-,5300,Beat the Clock - Triads 2,GAM-0200
,Beat the Clock - Triads 3,GAM-0220,"2.16,20r - 3.1 - 4.2,8r","2.16,20r - 3.1 - 4.2,8r",A,K,T, ,2,3,4,E,,,CHORD,,Visual,Minor Chord,"Play triads on the onscreen keyboard: c, g and f minor",Triads,c minor,g minor,f minor,,,2850,3450,5250,-,5250,Beat the Clock - Triads 3,GAM-0220
,Beat the Clock - Triads 4,GAM-0240,"2.17 - 3.2,5r - 4.3,9r","2.17 - 3.2,5r - 4.3,9r",A,K,T, ,2,3,4,E,,,CHORD,,Visual,Minor Chord,"Play triads on the onscreen keyboard: d, e and a minor",Triads,d minor,e minor,a minor,,,2850,3450,5250,-,5250,Beat the Clock - Triads 4,GAM-0240
,Beat the Clock - Triads 5,GAM-0260,"3.17,20 - 4.4","3.17,20 - 4.4",A,K,T, ,3,4,,E,,,CHORD,,Visual,Major Chord,Play C-G-F-D-A-E-B Major triads on the on-screen keyboard,Triads,B Major,C Major,D Major,E Major,,400,700,750, - , - ,Beat the Clock - Triads 5,GAM-0260
,Bumble Keys 1,GAM-0270,"1.17,19r - 2.1",X,A,K,, ,1,2,,E,,,PITCH,,Visual,Clef,Read and play the notes of the treble staff on the onscreen keyboard,Treble Clef,,,,,,2800,3800,4400,8800,4400,Bumble Keys 1,GAM-0270
,Bumble Keys 1 S,GAM-0280,X,"1.17,19r - 2.1",A,K,,S,1,2,,E,,,PITCH,,Visual,Clef,Read and play the notes of the treble staff on the onscreen keyboard,Treble Clef,,,,,,3000,4000,3000,4000,4000,Bumble Keys 1 S,GAM-0280
,Bumble Keys 2,GAM-0300,"1.18,19r - 2.8,10",X,A,K,, ,1,2,,E,,,PITCH,,Visual,Clef,Read and play the notes of the bass staff on the onscreen keyboard,Bass Clef,,,,,,3000,4000,3000,4000,4000,Bumble Keys 2,GAM-0300
,Bumble Keys 2 S,GAM-0310,X,"1.18,19r - 2.8,10",A,K,,S,1,2,,E,,,PITCH,,Visual,Clef,Read and play the notes of the bass staff on the onscreen keyboard,Bass Clef,,,,,,3000,4000,3000,4000,4000,Bumble Keys 2 S,GAM-0310
,Bumble Keys 3,GAM-0330,"2.6,9r","2.6,9r",A,K,, ,,2,,E,,,PITCH,,Visual,Clef,Read and play treble clef sharps & flats on the onscreen keyboard,Treble Clef,Sharps,Flats,,,,2800,3800,3000,3800,3800,Bumble Keys 3,GAM-0330
,Bumble Keys 4,GAM-0340,"2.7,10r","2.7,10r",A,K,, ,,2,,E,,,PITCH,,Visual,Clef,Read and play bass clef sharps & flats on the onscreen keyboard,Bass Clef,Sharps,Flats,,,,2800,3800,3000,3800,3800,Bumble Keys 4,GAM-0340
,Bumble Keys 5,GAM-0350,"3.12,15r - 4.4,17r - 5.12","3.12,15r - 4.4,17r - 5.12",A,K,, ,3,4,5,E,,,PITCH,,Visual,Pattern Playing,Read and play ledger lines between the staves on onscreen keyboard,Grand Staff,White Keys,Between staves,,,,1800,2350,2400,3000,3000,Bumble Keys 5,GAM-0350
,Cannon Intervals 1,GAM-0360,"2.11,15r","2.11,15r",A,,, ,2,,,E,,,INTVL,,Visual,Major & Minor,Identify half steps and whole steps on the keyboard and the staff,Half steps,Whole steps,,,,,1100,1450,2300,-,2300,Cannon Intervals 1,GAM-0360
,Cannon Intervals 2,GAM-0370,"3.3,8r","3.3,8r",A,,, ,3,,,E,,,INTVL,,Visual,Major,"Identify 5ths, 6ths, 7ths & octaves on the keyboard and the staff",Fifths,Sixths,Sevenths,Octaves,,,1850,1850,2300,-,2300,Cannon Intervals 2,GAM-0370
,Cannon Intervals 3,GAM-0380,"4.14 - 5.4,11r","4.14 - 5.4,11r",A,,, ,4,5,,E,,,INTVL,,Visual,Major & Minor,Identify minor 2nds & Major 2nds on the keyboard and the staff,minor seconds,Major seconds,,,,,1100,1450,2300,-,2300,Cannon Intervals 3,GAM-0380
,Cannon Intervals 4,GAM-0390,"4.13 - 5.4,11r","4.13 - 5.4,11r",A,,, ,4,5,,E,,,INTVL,,Visual,Major & Minor,Identify minor 3rds & Major 3rds on the keyboard and the staff,Major seconds,Major thirds,,,,,1850,1850,2300,-,2300,Cannon Intervals 4,GAM-0390
,Catch the Coconut 1,GAM-0400,"1.6,10r","1.6,10r",A,,, ,1,,,E,,,INTVL,,Aural,Major,Hear and identify intervals 2nds & 5ths ,Major seconds,Major fifths,,,,,12,16,16,-,16,Catch the Coconut 1,GAM-0400
,Catch the Coconut 2,GAM-0410,"1.11,15r","1.11,15r",A,,, ,1,,,E,,,INTVL,,Aural,Major,Hear and identify 2nds & 3rds ,Major seconds,Major thirds,,,,,12,1500,1600,-,1600,Catch the Coconut 2,GAM-0410
,Catch the Coconut 3,GAM-0420,"1.16,20r - 2.6","1.16,20r - 2.6",A,,, ,1,2,,E,,,INTVL,,Aural,Major,"Hear and identify 2nds, 3rds & 5ths ",Major seconds,Major thirds,Major fifths,,,,130,180,200,-,200,Catch the Coconut 3,GAM-0420
,Catch the Coconut 4,GAM-0430,"1.17,19r - 2.4","1.17,19r - 2.4",A,,, ,1,2,,E,,,INTVL,,Aural,Perfect,Hear and identify 4ths & 5ths ,Perfect fourth,Perfect fifth,,,,,100,150,185,-,185,Catch the Coconut 4,GAM-0430
,Circle of Fifths 1,GAM-0440,"5.6,10r","5.6,10r",A,,, ,5,,,E,,,SCALE,,Visual,Chromatic Scale,Learn the sharp circle and the flat circle separately,Circle of fifths,Sharps,Flats,,,,100,1000,1000,-,1000,Circle of Fifths 1,GAM-0440
,Circle of Fifths 2,GAM-0450,"5.7,13r","5.7,13r",A,,, ,5,,,E,,,SCALE,,Visual,Chromatic Scale,Learn the entire circle of 5ths,Circle of fifths,,,,,,1200,1200,1200,-,1200,Circle of Fifths 2,GAM-0450
,Climbing 7ths 1,GAM-0470,"5.4,14r","5.4,14r",A,K,, ,5,,,E,,,CHORD,,Visual,7th Chord,"Play M7, Dom7, dim7 chords on the MIDI keybd",Dominant seventh,Diminished seventh,Major seventh,,,,4600,5750,5850, - ,5850,Climbing 7ths 1,GAM-0470
,Climbing 7ths 2,GAM-0490,"5.18,19r","5.18,19r",A,K,, ,5,,,E,,,CHORD,,Visual,7th Chord,"Play m7, half-dim7, Dom7 chords on the MIDI keybd",Dominant seventh,,minor seventh,half-dimiished seventh,,,4600,5750,5850, - ,5850,Climbing 7ths 2,GAM-0490
,Climbing High,GAM-0500,"1.12,15r","1.12,15r",A,,,S,1,2,,E,,,INTVL,,Aural,Pentascale Major,"Hear and play back 2nds, 3rds, 4ths, 5ths - same root - Major pentascale",Major second,Major third,Perfect fourth,Perfect fifth,,,1400,3600,3000,-,3000,Climbing High,GAM-0500
,Climbing High 2,GAM-0520,"2.16,19r - 3.11,15r","2.16,19r - 3.11,15r",A,,, ,2,3,,E,,,INTVL,,Aural,Pentascale Minor,"Minor pentascales--hear and play back 2nds, 3rds, 4ths, 5ths - same root",Minor second,Minor third,Perfect fourth,Perfect fifth,,,1400,2800,4000,-,4000,Climbing High 2,GAM-0520
,Climbing Higher 1,GAM-0540,"3.2,8r","3.2,8r",A,,, ,3,,,E,,,INTVL,,Aural,Major Scales,Hear and play back 2nds thru octaves-same root-Major scale,,,,,,,2400,4000,4000,-,4000,Climbing Higher 1,GAM-0540
,Climbing Higher 2,GAM-0550,"4.3,7r","4.3,7r",A,,, ,4,,,E,,,INTVL,,Aural,Natural Minor Scale,Hear and play back 2nds thru octaves-same root-natural minor scale,,,,,,,2700,3800,4600,-,4600,Climbing Higher 2,GAM-0550
,Climbing Higher 3,GAM-0560,"4.11,15r","4.11,15r",A,,, ,4,,,E,,,INTVL,,Aural,Harmonic Minor Scales,Hear and play back 2nds thru octaves-same root-harmonic minor scale,,,,,,,2700,3800,4600,-,4600,Climbing Higher 3,GAM-0560
,Cosmic Key Signatures 1,GAM-0570,"2.17,20r - 3.3,5r","2.17,20r - 3.3,5r",A,,, ,2,3,,E,,,SCALE,,Visual,Major Scales,"Identify C, G and F Major key signatures",C Major,G Major,F Major,,,,12,120,200,-,200,Cosmic Key Signatures 1,GAM-0570
,Cosmic Key Signatures 2,GAM-0580,"3.12,15r","3.12,15r",A,,, ,3,,,E,,,SCALE,,Visual,Major Scales,"Identify D, A and E Major key signatures",D Major,A Major,E Major,,,,12,120,200,-,200,Cosmic Key Signatures 2,GAM-0580
,Downhill Rhythms 1,GAM-0590,"3.18 - 4.6,12r","3.18 - 4.6,12r",A,,, ,3,4,,E,,,RHYTM,,Aural,Pattern Identification,See two rhythms.  Which one is played?  Triplets,Triplets,,,,,,1100,1400,1800,-,1800,Downhill Rhythms 1,GAM-0590
,Downhill Rhythms 2,GAM-0600,"4.8,17r","4.8,17r",A,,, ,4,,,E,,,RHYTM,,Aural,Pattern Identification,Which rhythm do you hear?  16th-note patterns,4 16th notes,,,,,,1100,1400,1800,-,1800,Downhill Rhythms 2,GAM-0600
,Downhill Rhythms 3,GAM-0610,"3.9,13r - 4.12","3.9,13r - 4.12",A,,, ,3,4,,E,,,RHYTM,,Aural,Pattern Identification,"Which rhythm do you hear?  Dotted quarter-eighth, single eighth notes & rests",Dotted Quarter,8th note,Rests,,,,1000,1400,1850,-,1850,Downhill Rhythms 3,GAM-0610
,Downhill Rhythms 4,GAM-0620,"3.14,19r","3.14,19r",A,,, ,3,,,E,,,RHYTM,,Aural,METER,Which rhythm do you hear?  Patterns in 3-8 meter,3/8 Meter,,,,,,1100,1400,1900,-,1900,Downhill Rhythms 4,GAM-0620
,Downhill Rhythms 5,GAM-0630,"3.16,20r - 4.1","3.16,20r - 4.1",A,,, ,3,4,,E,,,RHYTM,,Aural,METER,Which rhythm do you hear?  Patterns in 6-8 meter,6/8 Meter,,,,,,1050,1400,1800,-,1800,Downhill Rhythms 5,GAM-0630
,Evergreen Scales 3,GAM-0640,"4.2,5r - 5.1","4.2,5r - 5.1",A,,, ,4,5,,E,,,SCALE,,Aural,Major-Minor,"Aurally identify scales as Major, natural minor & harmonic minor",,,,,,,2500,2200,2500,-,2500,Evergreen Scales 3,GAM-0640
,Falling Chords 1,GAM-0650,"3.3,5r","3.3,5r",A,,, ,3,,,E,,,CHORD,,Visual,Chord Type,Visually identify tonic and dominant chords in C and G Major,Tonic,dominant,C Major,D Major,,,1300,1800,1800,-,1800,Falling Chords 1,GAM-0650
,Falling Chords 2,GAM-0660,"3.6,10r","3.6,10r",A,,, ,3,,,E,,,CHORD,,Visual,Chord Type,"Visually identify I, IV and V chords in C and G Major",Tonic,dominant,,,,,1300,1800,1800,-,1800,Falling Chords 2,GAM-0660
,Falling Chords 3,GAM-0670,"3.16 - 4.6,13r","3.16 - 4.6,13r",A,,, ,3,4,,E,,,CHORD,,Visual,Chord Type,"Visually identify tonic, subdominant & dominant chords in C, G, D & F Major",Tonic,dominant,subdominant,C Major,D Major,,1300,1800,2300,-,2300,Falling Chords 3,GAM-0670
,Falling Chords 4,GAM-0680,"4.18 - 5.2,5r - 6.1","4.18 - 5.2,5r - 6.1",A,,, ,4,5,6,E,,,CHORD,,Visual,Chord Type,"Visually identify tonic, subdominant & dominant chords in G, D, A & E Major",Tonic,dominant,subdominant,,,,1300,1800,1800,-,1800,Falling Chords 4,GAM-0680
,Falling Chords 5,GAM-0690,"5.12,17r","5.12,17r",A,,, ,5,,,E,,,CHORD,,Visual,Chord Type,"Visually identify tonic, subdominant & dominant chords in F, Bb, Eb & Ab Major",Tonic,dominant,subdominant,Bb Major,Ab Major,,1000,1050,1350,-,1350,Falling Chords 5,GAM-0690
,Falling Symbols 1,GAM-0700,"P.3,5r","P.3,5r",A,,, ,P,,,E,,,SYMBL,,Visual,Symbols,"Match music symbols (see the ""Learn"" level of the game)",Various,,,,,,1800,1700,1800,-,1800,Falling Symbols 1,GAM-0700
,Falling Symbols 2,GAM-0710,"P.7,15r - 1.7,10r","P.7,15r - 1.7,10r",A,,, ,P,1,,E,,,SYMBL,,Visual,Symbols,"Identify music symbols (see the ""Learn"" level of the game)",Various,,,,,,1350,1850,2350,-,2350,Falling Symbols 2,GAM-0710
,Falling Symbols 3,GAM-0720,"1.16,20r - 2.3,17r","1.16,20r - 2.3,17r",A,,, ,1,2,,E,,,SYMBL,,Visual,Symbols,"Identify Level 1 & 2 music symbols (see the ""Learn"" level of the game)",Various,,,,,,1800,1850,2350,-,2350,Falling Symbols 3,GAM-0720
,Falling Symbols 4,GAM-0730,"3.9,15r - 4.7,10r","3.9,15r - 4.7,10r",A,,, ,3,4,,E,,,SYMBL,,Visual,Symbols,Identify music terms & symbols.  See the Learn level of the game,Various,,,,,,1800,1850,2350,-,2350,Falling Symbols 4,GAM-0730
,Falling Symbols 5,GAM-0740,"4.11,15r - 5.3,10r","4.11,15r - 5.3,10r",A,,, ,4,5,,E,,,SYMBL,,Visual,Symbols,Identify music terms & symbols.  All terms are displayed at the beginning of the Learn level of the game,Various,,,,,,1800,1850,2350,-,2350,Falling Symbols 5,GAM-0740
,Faster-Slower-Same 1,GAM-0750,P.1,P.1,A,,, ,P,,,E,,,RHYTM,,Aural,Pre-Reading,Does the music become faster or slower? ,"Fast, Slow",,,,,,85,110,1200,-,-,Faster-Slower-Same 1,GAM-0750
,Faster-Slower-Same 2,GAM-0760,"P.8,10r","P.8,10r",A,,, ,P,,,E,,,RHYTM,,Aural,Pre-Reading,"Does the music become faster, slower or the same? ","Fast, Slow",,,,,,85,110,1200,-,1200,Faster-Slower-Same 2,GAM-0760
,Faster-Slower-Same 3,GAM-0770,1.7,1.7,A,,, ,1,,,E,,,RHYTM,,Aural,Tempo,Identify and demonstrate understanding of terms “ritardando” and “accelerando” in musical examples,Ritardando,accelerando,,,,,85,110,1200,-,-,Faster-Slower-Same 3,GAM-0770
,Finger Finder,GAM-0780,"P.2,5r","P.2,5r",A,,, ,P,,,E,,,SYMBL,,Visual,Symbols,Finger Numbers for the Right and Left hands ,Finger Numbers,,,,,,350,2100,2300,-,2300,Finger Finder,GAM-0780
,Float a Note 1,GAM-0790,"2.2,8r",X,A,,, ,2,,,E,,,PITCH,,Visual,Clef,Name Treble Staff lines and spaces ,Treble Clef,,,,,,1700,1800,3000,-,3000,Float a Note 1,GAM-0790
,Float a Note 1 S,GAM-0800,X,"2.2,8r",A,,,S,2,,,E,,,PITCH,,Visual,Clef,Name Treble Staff lines and spaces ,Treble Clef,,,,,,1700,1800,3000,-,3000,Float a Note 1 S,GAM-0800
,Float a Note 2,GAM-0810,"2.3,5r",X,A,,, ,2,,,E,,,PITCH,,Visual,Clef,Name Bass Staff lines and spaces ,Bass Clef,,,,,,1700,1800,3000,-,3000,Float a Note 2,GAM-0810
,Float a Note 2 S,GAM-0820,X,"2.3,5r",A,,,S,2,,,E,,,PITCH,,Visual,Clef,Name Bass Staff lines and spaces ,Bass Clef,,,,,,1700,1800,3000,-,3000,Float a Note 2 S,GAM-0820
,FloatANote Pentascales 1,GAM-0830,"1.3,5r","1.3,5r",A,,, ,1,,,E,,,SCALE,,Visual,Pentascale Major,Identify the notes of the C Major pentascale - Middle CDEFG,C Major,Treble,,,,,900,1350,1850,-,1850,FloatANote Pentascales 1,GAM-0830
,FloatANote Pentascales 2,GAM-0840,"1.4,6r","1.4,6r",A,,, ,1,,,E,,,SCALE,,Visual,Pentascale Major,Identify the notes of the C Major pentascale - Bass CDEFG,C Major,Bass,,,,,900,1350,1850,-,1850,FloatANote Pentascales 2,GAM-0840
,FloatANote Pentascales 3,GAM-0850,"1.9,12r","1.9,12r",A,,, ,1,,,E,,,SCALE,,Visual,Pentascale Major,Identify the notes of the G Major pentascale - Treble GABCD,G Major,Treble,,,,,900,1350,1850,-,1850,FloatANote Pentascales 3,GAM-0850
,FloatANote Pentascales 4,GAM-0860,"1.13,15r","1.13,15r",A,,, ,1,,,E,,,SCALE,,Visual,Pentascale Major,Identify the notes of the bass G Major pentascale - bass GABCD,G Major,Bass,,,,,900,1350,1850,-,1850,FloatANote Pentascales 4,GAM-0860
,FloatANote Pentascales 5,GAM-0870,"1.17,20r","1.17,20r",A,,, ,1,,,E,,,SCALE,,Visual,Pentascale Major,Identify the notes of the G Major pentascale - Middle GABCD,G Major,Treble,,,,,900,1350,1850,-,1850,FloatANote Pentascales 5,GAM-0870
,Floating Inversions 1,GAM-0880,"4.12,15r - 5.1 -6.1","4.12,15r - 5.1 -6.1",A,,, ,4,5,,E,,,CHORD,,Visual,Major Chord,Name the Major triad in root position and 1st inversion,Major Triads,First inversion,,,,,1350,1800,2300,-,2300,Floating Inversions 1,GAM-0880
,Floating Inversions 2,GAM-0890,"4.13,19r - 5.3","4.13,19r - 5.3",A,,, ,4,5,,E,,,CHORD,,Visual,Major Chord,Name the Major triad in root position and 2nd inversion,Major Triads,Second inversion,,,,,1350,1800,2300,-,2300,Floating Inversions 2,GAM-0890
,Floating Inversions 3,GAM-0900,"5.8,13r","5.8,13r",A,,, ,5,,,E,,,CHORD,,Visual,Major Chord,Name the root of a triad in root position and 1st and 2nd inversions,Major Triads,First inversion,Second inversion,,,,1700,1800,2300,-,2300,Floating Inversions 3,GAM-0900
,Floating Triads 1,GAM-0910,"3.6,8r","3.6,8r",A,,, ,3,,,E,,,CHORD,,Visual,Major Chord,See and name Major triads starting on white keys,Major Triads,White Keys,,,,,1400,1800,2850,-,2850,Floating Triads 1,GAM-0910
,Floating Triads 2,GAM-0920,"3.17 - 4.4,9r","3.17 - 4.4,9r",A,,, ,3,4,,E,,,CHORD,,Visual,Chord Type,See and name Major and minor triads starting on white keys,Major Triads,minor triads,,,,,1800,2750,2800,-,2800,Floating Triads 2,GAM-0920
,Grand Staff Alphabet 1,GAM-0930,"2.6,10r - 3.4",X,A,,T, ,2,3,,E,,,PITCH,,Visual,Grand Staff,Name Grand Staff Lines and Spaces,,,,,,,2000,2800,3000,3300,3300,Grand Staff Alphabet 1,GAM-0930
,Grand Staff Alphabet 1 S,GAM-0940,X,"2.6,10r - 3.4",A,,T,S,2,3,,E,,,PITCH,,Visual,Grand Staff,Name Grand Staff Lines and Spaces,,,,,,,2000,2800,3000,3300,3300,Grand Staff Alphabet 1 S,GAM-0940
,Grand Staff Alphabet 2,GAM-0950,"2.17r - 3.7,11r - 4.4,5r","2.17r - 3.7,11r - 4.4,5r",A,,, ,2,3,4,E,,,PITCH,,Visual,Grand Staff,Read and name C-D-E and C-B-A on ledger lines between the staves,,,,,,,2000,2500,3000,4500,4500,Grand Staff Alphabet 2,GAM-0950
,Grand Staff Guide Notes 1,GAM-0960,"P.16,20r - 1.1","P.16,20r - 1.1",A,K,, ,P,1,,E,,,PITCH,,Visual,Pattern Identification,"Identify Treble G, Middle C, Bass F on the staff",Grand Staff,Treble G,Middle C,Bass F,,,1300,1850,2200,-,2200,Grand Staff Guide Notes 1,GAM-0960
,Grand Staff Guide Notes 2,GAM-0980,"1.8,12r","1.8,12r",A,K,, ,1,,,E,,,PITCH,,Visual,Pattern Playing,"Read and Play Treble C, Middle C, Bass C ",Grand Staff,Treble C,Middle C,Bass C,,,1300,1850,2200,-,2200,Grand Staff Guide Notes 2,GAM-0980
,Grand Staff Guide Notes 3,GAM-1000,"1.11,15r","1.11,15r",A,K,, ,1,,,E,,,PITCH,,Visual,Pattern Playing,"Read & play Treble G, Middle G, Bass G on the onscreen keyboard",Grand Staff,Treble G,Middle G,Bass G,,,1300,1850,2200,-,2200,Grand Staff Guide Notes 3,GAM-1000
,Grand Staff Guide Notes 4,GAM-1010,"2.11,17r - 3.3 - 4.1","2.11,17r - 3.3 - 4.1",A,K,, ,2,3,4,E,,,PITCH,,Visual,Pattern Playing,Read & play the five C's on the onscreen keyboard,Grand Staff,5 C's,,,,,1800,1850,1900,-,1900,Grand Staff Guide Notes 4,GAM-1010
,Grand Staff Guide Notes 5,GAM-1020,"2.2,5r","2.2,5r",A,K,, ,2,,,E,,,PITCH,,Visual,Pattern Identification,Identify and play all 7 grand staff guide notes on the onscreen keyboard,Grand Staff,Guide Notes,,,,,1850,1850,2300,-,2300,Grand Staff Guide Notes 5,GAM-1020
,Grand Staff Guide Notes 5A,GAM-1030,2.6,2.6,A,K,, ,2,,,E,,,PITCH,,Visual,Pattern Identification,"Identify and play all 7 grand staff guide notes, including low F and high G on the onscreen keyboard",Grand Staff,Guide Notes,,,,,1850,1850,2300,-,-,Grand Staff Guide Notes 5A,GAM-1030
,Grand Staff Hoops 1,GAM-1040,2.19 - 3.4,2.19 - 3.4,A,K,, ,2,3,,E,,,PITCH,,Visual,Pattern Playing,Read & play grand staff white keys on a keyboard,Grand Staff,White Keys,,,,,2250,2800,3350,-,3350,Grand Staff Hoops 1,GAM-1040
,Grand Staff Hoops 4,GAM-1050,"3.18 - 4.6,10r - 5.4","3.18 - 4.6,10r - 5.4",A,K,, ,3,4,5,E,,,PITCH,,Visual,Pattern Playing,Read & play grand staff notes with key signatures,Grand Staf,White Keys,Black Keys,Key Signatures,,,2250,2800,3350,-,3350,Grand Staff Hoops 4,GAM-1050
,Grand Staff Pattern Reading 1,GAM-1060,"1.11,15r","1.11,15r",,K,, ,1,,,E,,,PITCH,,Visual,Pattern Identification,"Read from 3 Guide Notes: Bass F, Middle C, Treble G ",Guide Notes,Bass F,Middle C,Treble G,,,360,360,550,-,550,Grand Staff Pattern Reading 1,GAM-1060
,Grand Staff Pattern Reading 2,GAM-1070,"1.13,15r","1.13,15r",,K,, ,1,,,E,,,PITCH,,Visual,Pattern Identification,"Read from 3 Guide Notes: Bass C, Middle C, Treble C ",Guide Notes,Bass C,Middle C,Treble C,,,300,300,450,-,450,Grand Staff Pattern Reading 2,GAM-1070
,Grand Staff Pattern Reading 4,GAM-1080,"2.2,5r","2.2,5r",,K,, ,2,,,E,,,PITCH,,Visual,Pattern Identification,Sightread from all 7 guide notes,Grand Staff,Guide Notes,,,,,300,300,450,-,450,Grand Staff Pattern Reading 4,GAM-1080
,Hand Prints,GAM-1100,"P.2,5r","P.2,5r",,,, ,P,,,E,,,SYMBL,,Visual,Symbols,Identify Left and Right hand,Left vs Right,,,,,,1050,1400,1850,-,1850,Hand Prints,GAM-1100
,Harmonic Minor Memory 1,GAM-1110,"4.11,16r - 5.1 - 6.1","4.11,16r - 5.1 - 6.1",,K,, ,4,5,6,E,,,SCALE,,Visual,Harmonic Minor Scales,"Hear, then play back random patterns in the A harmonic minor scale-on the staff",a Minor,,,,,,900,800,1000,-,1000,Harmonic Minor Memory 1,GAM-1110
,Harmony Pix 1,GAM-1120,"3.3,5r","3.3,5r",,,, ,3,,,E,,,CHORD,,Aural,Harmonic,Hear a 4-chord progression of I and V7 chords. Same or different from what is seen?,I,IV,V7,,,,100,1300,1500,-,1500,Harmony Pix 1,GAM-1120
,Harmony Pix 2,GAM-1130,"3.14,17r - 4.1","3.14,17r - 4.1",,,, ,3,4,,E,,,CHORD,,Aural,Harmonic,"Hear a 4-chord progression of I, IV & V7 chords. Same or different from what is seen?",I,IV,V7,,,,100,120,1200,-,1200,Harmony Pix 2,GAM-1130
,Harmony Puzzle 1,GAM-1140,"3.7,10r","3.7,10r",,,, ,3,,,E,,,CHORD,,Aural,Harmonic,Hear 4 chord progressions. Match each progression to the correct chord symbols. I & V7,I,V7,,,,,100,300,400,-,400,Harmony Puzzle 1,GAM-1140
,Harmony Puzzle 2,GAM-1150,"4.3,5r - 5.13,15r","4.3,5r - 5.13,15r",,,, ,4,5,,E,,,CHORD,,Aural,Harmonic,"Hear 4 chord progressions. Match to correct chord symbols. I-V7-I,  i-V7-i,  I-IV-I,  i-iv-i",I,IV,V7,,,,100,300,400,-,400,Harmony Puzzle 2,GAM-1150
,Hearing Harmonic Intervals1,GAM-1160,"3.9,13r - 4.3,15r","3.9,13r - 4.3,15r",,,, ,3,4,,E,,,INTVL,,Aural,Harmonic,"Hear a pattern of 3 harmonic intervals and identify the intervals: 2nds, 3rds, 4ths, 5ths",Seconds,Thirds,Fourths,Fifths,,,800,1100,1500,-,1500,Hearing Harmonic Intervals1,GAM-1160
,Hearing Triads 1 ,GAM-1170,"3.6,9r - 4.4","3.6,9r - 4.4",,,, ,3,4,,E,,,CHORD,,Aural,Triads,Hear a 4-chord pattern of Major and minor triads and define the quality of each chord.,Major Triads,minor triads,,,,,1000,1350,1800,-,1800,Hearing Triads 1 ,GAM-1170
,Hearing Triads 2,GAM-1180,"5.12,15r","5.12,15r",,,, ,5,,,E,,,CHORD,,Aural,Triads,Aurally identifying Major and Augmented triads,Major Triads,Augmented Triads,,,,,1000,1200,1300,-,1300,Hearing Triads 2,GAM-1180
,Hearing Triads 3,GAM-1190,"5.14,16r","5.14,16r",,,, ,5,,,E,,,CHORD,,Aural,Triads,Aurally identifying minor and diminished triads,minor triads,Diminished triads,,,,,1000,1200,1300,-,1300,Hearing Triads 3,GAM-1190
,Hot Air Rhythms 1,GAM-1200,2.19 - 3.2,2.19 - 3.2,,,, ,2,3,,E,,,RHYTM,,Aural,Pattern Identification,"See two rhythms--which one was played--Quarter, eighth pairs, quarter tied to eighth",Quarter notes,Eigth notes,Tied Eights,,,,1300,1350,2000,-,2000,Hot Air Rhythms 1,GAM-1200
,Hot Air Rhythms 2,GAM-1210,"3.6,10r","3.6,10r",,,, ,3,,,E,,,RHYTM,,Aural,Pattern Identification,"See 2 rhythms, choose which one you hear.  Quarter notes, dotted quarter-eighth notes ",Quarter notes,Eigth notes,Dotted quarter notes,,,,1300,1350,2000,-,2000,Hot Air Rhythms 2,GAM-1210
,Interval Aces 1,GAM-1220,"2.12,15r - 3.18","2.12,15r - 3.18",,,, ,2,3,,E,,,INTVL,,Aural,Pattern Identification,Identify aural intervals:  half step and whole step,half steps,whole steps,,,,,1100,1850,1800,-,1800,Interval Aces 1,GAM-1220
,Interval Aces 2 ,GAM-1230,4.13,4.13,,,, ,4,,,E,,,INTVL,,Aural,Pattern Identification,Identify aural intervals:  minor 3rd & Major 3rd,minor third,Major thirds,,,,,1100,1850,1800,-,-,Interval Aces 2 ,GAM-1230
,Interval Aces 3,GAM-1240,"4.14 - 5.6,9r","4.14 - 5.6,9r",,,, ,4,5,,E,,,INTVL,,Aural,Pattern Identification,Identify aural intervals:  minor 2nd & Major 2nd,minor second,Major seconds,,,,,1100,1850,1800,-,1800,Interval Aces 3,GAM-1240
,Interval Aces 4,GAM-1250,"4.16,18r - 5.6,9r","4.16,18r - 5.6,9r",,,, ,4,5,,E,,,INTVL,,Aural,Pattern Identification,"Identify aural intervals:  minor 3rd, Major 3rd, Perfect 5th",minor third,Major third,Perfect fifth,,,,1350,1850,1800,-,1800,Interval Aces 4,GAM-1250
,Interval Aliens 1,GAM-1260,"4.9,14r","4.9,14r",,,, ,4,,,E,,,INTVL,,Aural,Major & Minor,"Identify aural intervals: half step, 2nd, 3rd, 4th, 5th, octave",2nd,3rd,4th,5th,Octave,,1800,1800,2500,-,2500,Interval Aliens 1,GAM-1260
,Interval Aliens 2,GAM-1270,4.19 - 5.6,4.19 - 5.6,,,, ,4,5,,E,,,INTVL,,Aural,Major & Minor,"Identify aural intervals: 2nd, mi 3rd, M3rd, 4th, 5th, octave",2nd,minor 3rd,Major 3rd,4th,5th,,1350,1800,2200,-,2200,Interval Aliens 2,GAM-1270
,Interval Aliens 3,GAM-1280,"5.7,14r","5.7,14r",,,, ,5,,,E,,,INTVL,,Aural,Major & Minor,"Identify aural intervals: m2, M2, m3, M3, P4, P5",m2,M2,m3,M3,P4,,1350,1800,2200,-,2200,Interval Aliens 3,GAM-1280
,Interval Aliens 4,GAM-1290,"5.8,16r","5.8,16r",,,, ,5,,,E,,,INTVL,,Aural,Major & Minor,"Identify aural intervals: P5, m6, M6, m7, M7, P8",P5,m6,m7,M7,P8,,1350,1800,1850,-,1850,Interval Aliens 4,GAM-1290
,Interval Arcade 1,GAM-1300,"2.7,15r - 3.13,19r - 4.2,8","2.7,15r - 3.13,19r - 4.2,8",,,, ,2,3,4,E,,,INTVL,,Aural,Pattern Identification,"Aurally identify 2nds, 3rds, 4ths & 5ths  - different roots",2nds,3rds,4ths,5ths,,,1550,1650,1600,-,1600,Interval Arcade 1,GAM-1300
,Interval Arcade 2,GAM-1310,"4.7,15r - 5.2,12r","4.7,15r - 5.2,12r",,,, ,4,5,,E,,,INTVL,,Aural,Pattern Identification,"Hear & identify 5ths, 6ths, 7ths and octaves  - different roots",5th,6th,7th,Octave,,,600,1800,2400,-,2400,Interval Arcade 2,GAM-1310
,Interval Pop Aural 1,GAM-1320,"5.2,5","5.2,5",,,, ,5,,,E,,,INTVL,,Aural,Major & Minor,"Aurally identify Perfect Unison, M2, m3, M3, P4, P5",m2,M2,m3,M3,P4,,1000,1300,1400, - ,1400,Interval Pop Aural 1,GAM-1320
,Interval Pop Aural 2,GAM-1330,"5.13,15","5.13,15",,,, ,5,,,E,,,INTVL,,Aural,Major & Minor,"Aurally identify m2, M2, m3, M3, P4, Tritone, P5",P5,Tritone,P4,m2,M2,,1000,1300,1400, - ,1400,Interval Pop Aural 2,GAM-1330
,Interval Pop Aural 3,GAM-1340,"5.17,18r","5.17,18r",,,, ,5,,,E,,,INTVL,,Aural,Major & Minor,"Aurally identify P5, m6, M6, m7, M7, P8",P5,m6,M6,m7,P8,,1000,1350,1400, - ,1400,Interval Pop Aural 3,GAM-1340
,Interval Pop Visual 1,GAM-1350,"4.14,17 - 5.1","4.14,17 - 5.1",,,, ,4,5,,E,,,INTVL,,Visual,Major & Minor,"Visually identify Perfect Unison, M2, m3, M3, P4, P5",P5,m2,M3,P4,m3,,1050,1350,1400, - , - ,Interval Pop Visual 1,GAM-1350
,Interval Pop Visual 2,GAM-1360,"5.7,10","5.7,10",,,, ,5,,,E,,,INTVL,,Visual,Major & Minor,"Visually identify m2, M2, m3, M3, P4, Tritone, P5",m2,M2,m3,P4,Tritone,,1000,1300,1400, - , - ,Interval Pop Visual 2,GAM-1360
,Interval Pop Visual 3,GAM-1370,"5.8,12","5.8,12",,,, ,5,,,E,,,INTVL,,Visual,Major & Minor,"Visually identify P5, m6, M6, m7, M7, P8",P5,m6,M6,m7,P8,,1000,1300,1400, - , - ,Interval Pop Visual 3,GAM-1370
,Interval Rockets 1,GAM-1380,"3.4,6r","3.4,6r",,,, ,3,,,E,,,INTVL,,Visual,Pattern Identification,"Identify 2nds, 3rds, 4ths, 5ths, 6ths, 7ths & 8ve on the staff",Diatonic,,,,,,1250,1800,1800,-,1800,Interval Rockets 1,GAM-1380
,Interval Rockets 2 ,GAM-1390,"1.13,15r - 2.1","1.13,15r - 2.1",,K,, ,1,2,,E,,,INTVL,,Visual,Pattern Identification,Read and play harmonic 2nds through 5ths starting on bass C,Harmonic,,,,,,1350,1800,2400,-,2400,Interval Rockets 2 ,GAM-1390
,Interval Slide 1,GAM-1400,"2.18,20r - 3.1","2.18,20r - 3.1",,,, ,2,3,,E,,,INTVL,,Aural,Pattern Identification,Aurally identify an interval then choose the written version of the interval. CFG 2nds-5ths,C Major,F Major,G Major,,,,1250,1350,2000,-,2000,Interval Slide 1,GAM-1400
,Interval Surprise 1,GAM-1410,"1.12,15r - 2.2","1.12,15r - 2.2",,,, ,1,2,,E,,,INTVL,,Visual,Pattern Identification,"Name Intervals - 2nds, 3rds, 4ths, and 5ths",Treble Clef,Bass Clef,2nds,3rds,4ths,,1400,2600,3500,-,3500,Interval Surprise 1,GAM-1410
,Interval Surprise 2,GAM-1420,"2.11,18r","2.11,18r",,,, ,2,,,E,,,INTVL,,Visual,Pattern Identification,"Visually identify Intervals - half steps, 2nds (whole steps), 3rds, 4ths, and 5ths",Half steps,whole steps,3rds,4ths,5ths,,1800,2400,2300,-,2300,Interval Surprise 2,GAM-1420
,Inversion Diversion 1,GAM-1430,"4.14,20 - 5.2,5","4.14,20 - 5.2,5",,,, ,4,5,,E,,,CHORD,,Visual,Triads,"Identify triads in root position, 1st inversion, 2nd inversion",Inversions,,,,,,1050,1350,1700, - , - ,Inversion Diversion 1,GAM-1430
,Inversion Diversion 2,GAM-1440,"5.12,15","5.12,15",,,, ,5,,,E,,,CHORD,,Visual,Triads,Visually identify inversions using figured bass notation,Inversions,,,,,,1050,1350,1700, - , - ,Inversion Diversion 2,GAM-1440
,Inversion Diversion 3,GAM-1450,"5.17,18r","5.17,18r",,,, ,5,,,E,,,CHORD,,Visual,Triads,Visually identify 7th chord inversions,Inversions,7th,,,,,1000,1350,1700, - ,1700,Inversion Diversion 3,GAM-1450
,It's All Relative 1,GAM-1460,"3.14 - 4.2,10r - 5.3,5","3.14 - 4.2,10r - 5.3,5",,,, ,3,4,5,E,,,SCALE,,Visual,Key Signature,"Identify relative minor key signatures: a, e, d and b minor",minor,,,,,,1300,1850,1800,-,1800,It's All Relative 1,GAM-1460
,Jingle Notes 1,GAM-1470,"1.14,17r - 2.1",X,,,, ,1,2,,E,,,PITCH,,Visual,Pattern Identification,Identify all lines and spaces on the treble staff,Treble Clef,,,,,,2250,2250,3000,4000,4000,Jingle Notes 1,GAM-1470
,Jingle Notes 1 S,GAM-1480,X,"1.14,17r - 2.1",,,,S,1,2,,E,,,PITCH,,Visual,Pattern Identification,Identify all lines and spaces on the treble staff,Treble Clef,,,,,,2250,2250,3000,4000,4000,Jingle Notes 1 S,GAM-1480
,Jingle Notes 2,GAM-1490,"1.16,20r - 2.3,5r",X,,,, ,1,2,,E,,,PITCH,,Visual,Pattern Identification,Identify all lines and spaces on the bass staff.,Bass Clef,,,,,,2250,2250,3000,4000,4000,Jingle Notes 2,GAM-1490
,Jingle Notes 2  S,GAM-1500,X,"1.16,20r - 2.3,5r",,,,S,1,2,,E,,,PITCH,,Visual,Pattern Identification,Identify all lines and spaces on the bass staff.,Bass Clef,,,,,,2250,2250,3000,4000,4000,Jingle Notes 2  S,GAM-1500
,Jingle Notes 3,GAM-1510,"3.8,17r - 4.1,5r - 5.8,15r",X,,,, ,3,4,5,E,,,PITCH,,Visual,Pattern Identification,Identify and name three ledger lines above the treble staff,Treble Clef,Ledger Lines,,,,,2250,2800,3500,4000,4000,Jingle Notes 3,GAM-1510
,Jingle Notes 3 S,GAM-1520,X,"3.8,17r - 4.1,5r - 5.8,15r",,,,S,3,4,5,E,,,PITCH,,Visual,Pattern Identification,Identify and name three ledger lines above the treble staff,Treble Clef,Ledger Lines,,,,,2250,2800,3500,4000,4000,Jingle Notes 3 S,GAM-1520
,Jingle Notes 4,GAM-1530,"3.9,16r - 4.2,19r - 5.9",X,,,, ,3,4,5,E,,,PITCH,,Visual,Pattern Identification,Identify and name three ledger lines below the bass staff,Bass Clef,Ledger Lines,,,,,2250,2800,3300,4000,4000,Jingle Notes 4,GAM-1530
,Jingle Notes 4 S,GAM-1540,X,"3.9,16r - 4.2,19r - 5.9,18r",,,,S,3,4,5,E,,,PITCH,,Visual,Pattern Identification,Identify and name three ledger lines below the bass staff,Bass Clef,Ledger Lines,,,,,2250,2800,3300,4000,4000,Jingle Notes 4 S,GAM-1540
,Key Signature Canoes 1,GAM-1550,"4.9,10r - 5.2,4","4.9,10r - 5.2,4",,,, ,4,5,,E,,,SCALE,,Visual,Key Signature,See a scale pattern and select the key signature that makes it a Major scale - sharps,Major,,,,,,800,1400,2300,-,2300,Key Signature Canoes 1,GAM-1550
,Key Signature Canoes 2,GAM-1560,"4.12,16r - 5.12","4.12,16r - 5.12",,,, ,4,5,,E,,,SCALE,,Visual,Key Signature,See a scale pattern and select the key signature that makes it a Major scale - flats,Major,,,,,,800,1300,1900,-,1900,Key Signature Canoes 2,GAM-1560
,Key Signature Canoes 3,GAM-1570,"5.7,15r","5.7,15r",,,, ,5,,,E,,,SCALE,,Visual,Key Signature,See a scale pattern and select the key signature that makes it a minor scale - sharps,Minor,,,,,,800,1300,1850,-,1850,Key Signature Canoes 3,GAM-1570
,Key Signature Canoes 4,GAM-1580,"5.8,16r","5.8,16r",,,, ,5,,,E,,,SCALE,,Visual,Key Signature,See a scale pattern and select the key signature that makes it a minor scale - flats,Minor,,,,,,800,1300,1850,-,1850,Key Signature Canoes 4,GAM-1580
,Key Signature Keynotes 1,GAM-1590,"5.6,11r","5.6,11r",,,, ,5,,,E,,,SCALE,,Visual,Key Signature,See a keynote and identify its key signature - all sharps,Sharps,,,,,,1300,1800,2500,-,2500,Key Signature Keynotes 1,GAM-1590
,Key Signature Keynotes 2,GAM-1600,"5.14,16r","5.14,16r",,,, ,5,,,E,,,SCALE,,Visual,Key Signature,See a keynote and identify its key signature - all flats,Flats,,,,,,1300,1800,2500,-,2500,Key Signature Keynotes 2,GAM-1600
,Key Signature Warehouse 1,GAM-1610,"3.17,20r - 4.4,6r","3.17,20r - 4.4,6r",,,, ,3,4,,E,,,SCALE,,Visual,Key Signature,Identify key signatures through 4 sharps and 2 flats,Sharps,Flats,,,,,1300,2000,3500,-,3500,Key Signature Warehouse 1,GAM-1610
,Key Signature Warehouse 2,GAM-1620,"4.13,18r - 5.2,5r - 6.1","4.13,18r - 5.2,5r - 6.1",,,, ,4,5,6,E,,,SCALE,,Visual,Key Signature,Identify sharp key signatures ,Sharps,,,,,,1300,1800,2500,-,2500,Key Signature Warehouse 2,GAM-1620
,Key Signature Warehouse 3,GAM-1630,"4.14,19r - 5.13,15r","4.14,19r - 5.13,15r",,,, ,4,5,,E,,,SCALE,,Visual,Key Signature,Identify flat key signatures ,Flats,,,,,,1300,1800,2500,-,2500,Key Signature Warehouse 3,GAM-1630
,LetterFly 1,GAM-1640,"P.7,10r",X,,K,, ,P,,,E,,,KEYBD,,Visual,Piano key names,CDE--Identify and play on the onscreen keyboard,"C, D, E",,,,,,20,180,200,-,200,LetterFly 1,GAM-1640
,LetterFly 1 do-re-mi,GAM-1650,X,"P.7,10r",,K,,S,P,,,E,,,KEYBD,,Visual,Piano key names,CDE--Identify and play on the onscreen keyboard,"C, D, E",,,,,,20,180,200,-,200,LetterFly 1 do-re-mi,GAM-1650
,LetterFly 2,GAM-1660,"P.7,10r",X,,K,, ,P,,,E,,,KEYBD,,Visual,Piano key names,FGAB--Identify and play on the onscreen keyboard,"F, G, A, B",,,,,,300,300,300,-,300,LetterFly 2,GAM-1660
,LetterFly 2 fai-sol-la-ti,GAM-1670,X,"P.7,10r",,K,,S,P,,,E,,,KEYBD,,Visual,Piano key names,FGAB--Identify and play on the onscreen keyboard,"F, G, A, B",,,,,,300,300,300,-,300,LetterFly 2 fai-sol-la-ti,GAM-1670
,LetterFly 3,GAM-1680,"P.9,12r",X,C,K,, ,P,,,E,,,KEYBD,,Visual,Piano key names,White Keys--Identify and play on the onscreen keyboard,White keys,,,,,,30,300,300,-,300,LetterFly 3,GAM-1680
,Letterfly 3 all white keys,GAM-1700,X,"P.9,12r",,K,,S,P,,,E,,,KEYBD,,Visual,Piano key names,White Keys--Identify and play on the onscreen keyboard,White keys,,,,,,30,300,300,-,300,Letterfly 3 all white keys,GAM-1700
,LetterFly 4,GAM-1710,"1.6,16r","1.6,16r",,K,, ,1,,,E,,,KEYBD,,Visual,Piano key names,Black Key Flats--Identify and play on the onscreen keyboard,Black keys,,,,,,250,300,400,-,400,LetterFly 4,GAM-1710
,Letterfly 4 Flat Keys,GAM-1720,,New game,X,K,,S,1,,,E,,,KEYBD,,Visual,Piano key names,Black Key Flats--Identify and play on the onscreen keyboard,Black keys,,,,,,250,300,400,-,400,Letterfly 4 Flat Keys,GAM-1720
,LetterFly 5,GAM-1730,"1.6,14r","1.6,14r",,K,, ,1,,,E,,,KEYBD,,Visual,Piano key names,Play Black Key Sharps on the onscreen keyboard,Black keys,,,,,,250,300,400,-,400,LetterFly 5,GAM-1730
,LetterFly 5 Sharp keys,GAM-1740,,New game,X,K,,S,1,,,E,,,KEYBD,,Visual,Piano key names,Play Black Key Sharps on the onscreen keyboard,Black keys,,,,,,250,300,400,-,400,LetterFly 5 Sharp keys,GAM-1740
,LetterFly 6,GAM-1750,"1.18,20r","1.18,20r",C,K,, ,1,,,E,,,KEYBD,,Visual,Piano key names,Play Black Key Sharps & Flats on the onscreen keyboard,Black keys,,,,,,250,300,400,-,400,LetterFly 6,GAM-1750
,Low Middle High ,GAM-1770,"P.2,5r","P.2,5r",,K,, ,P,,,E,,,KEYBD,,Aural,Pre-Reading,"Identify keys that are low, middle and high on the keyboard",Low,Middle,High,,,,1000,1800,1800,-,1800,Low Middle High ,GAM-1770
,Major Triad Matching Game,GAM-1780,2.5,2.5,,,, ,2,,,E,,,CHORD,,Visual,Major,Matching major triads in a popular game format,Triads,,,,,, - ,none, - ,-,-,Major Triad Matching Game,GAM-1780
,Major/minor Triad Match 1,GAM-1790,3.5,3.5,,,, ,3,,,E,,,CHORD,,Visual,Major & Minor,Matching major and minor triads in a popular game format - untimed,Triads,,,,,, - ,none, - ,-,-,Major/minor Triad Match 1,GAM-1790
,Major/minor Triad Match 2,GAM-1800,3.10,3.10,,,T, ,3,,,E,,,CHORD,,Visual,Major & Minor,Matching major and minor triads in a popular game format - timed,Triads,,,,,, - ,none, - ,-,-,Major/minor Triad Match 2,GAM-1800
,Manny's Short & Long 1,GAM-1810,"P.6,10r","P.6,10r",,,, ,P,,,E,,,RHYTM,,Aural,Pattern Identification,Identify which pattern of short and long notes is the one you hear.,,,,,,,650,850,1100,-,1100,Manny's Short & Long 1,GAM-1810
,Manny's Short & Long 2,GAM-1820,"P.11,15r - 1.4,5r - 2.4,5r","P.11,15r - 1.4,5r - 2.4,5r",,,, ,P,1,2,E,,,RHYTM,,Aural,Pattern Identification,Identify which pattern of short and long notes is the one you hear.,,,,,,,850,1050,1400,-,1400,Manny's Short & Long 2,GAM-1820
,Melody Match 1,GAM-1830,"P.11,15r - 1.4","P.11,15r - 1.4",,,, ,P,1,,E,,,PITCH,,Aural,Pattern Identification,Hear a melody and tell which melody matches the one you heard,,,,,,,500,700,900,-,900,Melody Match 1,GAM-1830
,Melody Match 2,GAM-1840,"1.11,15r - 2.9","1.11,15r - 2.9",,,, ,1,2,,E,,,PITCH,,Aural,Pattern Identification,Hear a melody and tell which melody matches the one you heard,,,,,,,500,700,900,-,900,Melody Match 2,GAM-1840
,Melody Match 3,GAM-1850,"2.11,15r - 3.13","2.11,15r - 3.13",,,, ,2,3,,E,,,PITCH,,Aural,Pattern Identification,"Hear a melody, then tell which of 3 melodies is the match",,,,,,,700,900,1100,-,1100,Melody Match 3,GAM-1850
,Melody Match 4,GAM-1860,"3.17,20r - 4.6","3.17,20r - 4.6",,,, ,3,4,,E,,,PITCH,,Aural,Pattern Identification,"Hear a melody, then tell which of 3 melodies is the match",,,,,,,700,900,1100,-,1100,Melody Match 4,GAM-1860
,Melody Mayhem 1,GAM-1870,"3.16,19r - 4.2","3.16,19r - 4.2",,,, ,3,,,E,,,PITCH,,Aural,Pattern Identification,"See two melodies in 3/4 range of a 5th, 2nds and 3rds & tell which one you hear",3/4,2nds,3rds,,,,850,1350,1500,-,1500,Melody Mayhem 1,GAM-1870
,Melody Mayhem 2,GAM-1880,"4.11,15r","4.11,15r",,,, ,4,,,E,,,PITCH,,Aural,Pattern Identification,"Which melody do you hear? In 3-4 & 4-4, C-F-G pentascales",pentascales,3/4 Meter,4/4 Meter,,,,850,1350,1500,-,1500,Melody Mayhem 2,GAM-1880
,Melody Mayhem 3,GAM-1890,"4.16,20r","4.16,20r",,,, ,4,,,E,,,PITCH,,Aural,Pattern Identification,"Which melody do you hear? In 3-4 & 4-4, eighth-note pairs, C-F-G pentascales",pentascales,3/4 Meter,4/4 Meter,eight note pairs,,,850,1350,1500,-,1500,Melody Mayhem 3,GAM-1890
,Melody Mayhem 4,GAM-1900,"4.18 - 5.7,10r","4.18 - 5.7,10r",,,, ,4,5,,E,,,PITCH,,Aural,Pattern Identification,Which melody do you hear? Major or parallel minor? Triplets and 16ths,Major,minor,triplets,16ths,,,700,900,1150,-,1150,Melody Mayhem 4,GAM-1900
,Melody Mayhem 5,GAM-1910,"5.12,15r","5.12,15r",,,, ,5,,,E,,,PITCH,,Aural,Pattern Identification,"Which melody do you hear? Three melodies, D, A, E & Bb, 6-8 meter",6/8,Bb,,,,,650,900,1100,-,1100,Melody Mayhem 5,GAM-1910
,Melody Mimic 1,GAM-1920,"1.14,19r - 2.12","1.14,19r - 2.12",,K,, ,1,2,,E,,,MEMOP,,Aural,Keyboard,"Hear then playback 4-note patterns in C,G,or F Major 1st 3 notes steps-repeats",3-note,C major,G Major,F Major,,,2200,3050,3850,-,3850,Melody Mimic 1,GAM-1920
,Melody Mimic 2,GAM-1930,"2.16,18r - 3.2,5","2.16,18r - 3.2,5",,K,, ,2,3,,E,,,MEMOP,,Aural,Keyboard,"Hear, then play back 4-note patterns in C, F and G Major, 2nds and 3rds",4-note,C major,G Major,F Major,,,3000,3850,3900,-,3900,Melody Mimic 2,GAM-1930
,Melody Mimic 3,GAM-1940,3.14 - 4.1,3.14 - 4.1,,K,, ,3,4,,E,,,MEMOP,,Aural,Keyboard,"Hear then play back a pattern of 4 notes in C, G or F Major starting on Do, Re or Mi",4-note,C major,G Major,F Major,,,3050,3850,3900,-,3900,Melody Mimic 3,GAM-1940
,Melody Mimic 4,GAM-1950,"4.16,20r","4.16,20r",,K,, ,4,,,E,,,MEMOP,,Aural,Keyboard,"Hear then play back a pattern of 4 notes in C, G or F Major starting on Do, Re or Mi",4-note,C major,G Major,F Major,,,3050,3850,3900,-,3900,Melody Mimic 4,GAM-1950
,Melody Pix 1,GAM-1960,"P.11,15r","P.11,15r",,,, ,P,,,E,,,PITCH,,Aural,Pre-Reading,"Hear and identify melody block patterns of Do-Re-Mi - same tonic
","Do, re, me",,,,,,100,1000,1200,-,1200,Melody Pix 1,GAM-1960
,Melody Pix 2,GAM-1970,"P.18,20r - 1.2,6r","P.18,20r - 1.2,6r",,,, ,P,1,,E,,,PITCH,,Aural,Pre-Reading,Hear and identify patterns of Do-Re-Mi -different tonics; staff & noteheads.,"Do, re, me",,,,,,100,1200,1200,-,1200,Melody Pix 2,GAM-1970
,Melody Pix 3,GAM-1980,"1.9,10r - 2.7","1.9,10r - 2.7",,,, ,1,2,,E,,,PITCH,,Aural,Pattern Identification,Listen to a melodic pattern and tell whether it is the same as or different than the written pattern.,,,,,,,80,105,120,-,120,Melody Pix 3,GAM-1980
,Melody Puzzles 1,GAM-1990,1.19,1.19,,,, ,1,,,E,,,PITCH,,Aural,Pattern Identification,"Hear a melody, see the measures out of order, and put measures in order",,,,,,, - ,none, - ,-,-,Melody Puzzles 1,GAM-1990
,Memory Playback 1,GAM-2000,"1.9,13r","1.9,13r",,K,, ,1,,,E,,,MEMOP,,Aural,Pattern Identification,Hear and play back random patterns of CDE on the MIDI keyboard,,,,,,,7,9,8,-,8,Memory Playback 1,GAM-2000
,Memory Playback 2,GAM-2010,"2.13,16r","2.13,16r",,K,, ,2,,,E,,,MEMOP,,Aural,Pattern Identification,"Hear, then play back random patterns of CDEFG on a MIDI keyboard",,,,,,,7,9,8,-,8,Memory Playback 2,GAM-2010
,Meteor Match 1,GAM-2020,P.4,P.4,,,, ,P,,,E,,,RHYTM,,Visual,Note & Rest Values,"Name notes and rests - Quarter note, half note",Quarter note,Half note,,,,,1200,1200,1200,-,-,Meteor Match 1,GAM-2020
,Meteor Match 1 A,GAM-2030,P.3,P.3,,,, ,P,,,E,,,RHYTM,,Visual,Note & Rest Values,"Name notes and rests - Quarter note, quarter rest",Quarter note,Quarter rest,,,,,1200,1200,1200,-,-,Meteor Match 1 A,GAM-2030
,Meteor Match 2,GAM-2040,"P.6,10r","P.6,10r",,,, ,P,,,E,,,RHYTM,,Visual,Note & Rest Values,"Name notes and rests - Quarter and half note, quarter rest ",Quarter note,Quarter rest,Half note,,,,1200,1200,1600,-,1600,Meteor Match 2,GAM-2040
,Meteor Match 3,GAM-2050,"P.12,15r - 1.7","P.12,15r - 1.7",,,, ,P,1,,E,,,RHYTM,,Visual,Note & Rest Values,"Name notes and rests  Quarter, half, dotted half and whole notes ",Quarter note,Half note,Half note-dotted,Whole note,,,1200,1200,1600,-,1600,Meteor Match 3,GAM-2050
,Meteor Match 4,GAM-2060,"1.8,10r","1.8,10r",,,, ,1,,,E,,,RHYTM,,Visual,Note & Rest Values,Name rhythm symbols - Quarter and half notes; quarter and half rests ,Quarter note,Half note,Quarter rest,Half rest,,,1200,1200,1600,-,1600,Meteor Match 4,GAM-2060
,Meter Match 1,GAM-2070,"3.9,13r","3.9,13r",,,, ,3,,,E,,,RHYTM,,Visual,METER,Aurally identify whether music is in 2/4 (duple) or 3/4 (triple) meter.,2/4 Meter,3/4 Meter,,,,,1000,1650,1800,-,1800,Meter Match 1,GAM-2070
,Minor Keyboard Playback 1,GAM-2090,"4.11 - 5.6,10r","4.11 - 5.6,10r",,K,, ,4,5,,E,,,MEMOP,,Aural,Keyboard,Hear & play back random patterns in the A natural minor scale - on the MIDI keyboard,Natural Minor Scale,a Minor,,,,,800,900,1000,,1000,Minor Keyboard Playback 1,GAM-2090
,Minor Keyboard Playback 2,GAM-2110,"4.13 - 5.3,9r","4.13 - 5.3,9r",,K,, ,4,5,,E,,,MEMOP,,Aural,Keyboard,Hear & play back random patterns in D harmonic minor scale - on the MIDI keyboard,Harmonic Minor Scales,d Minor,,,,,800,900,1000, - ,1000,Minor Keyboard Playback 2,GAM-2110
,Monkey Hear Monkey Do 1,GAM-2120,"2.3,5r","2.3,5r",,K,, ,2,,,E,,,SCALE,,Aural,Pentascale Major,"Hear, then play back a randomly presented series of pitches in the C Major Pentascale",,,,,,,8,10,9,-,9,Monkey Hear Monkey Do 1,GAM-2120
,Monkey Hear Monkey Do 2,GAM-2130,"2.9,15r - 3.13","2.9,15r - 3.13",,K,, ,2,3,,E,,,SCALE,,Aural,Pentascale Major,"Hear, then play back a randomly presented series of pitches in the D Major Pentascale",,,,,,,8,10,9,-,9,Monkey Hear Monkey Do 2,GAM-2130
,Music Darts 1,GAM-2140,"P.16,20r - 1.1","P.16,20r - 1.1",,,, ,P,1,,E,,,SYMBL,,Visual,Identification,"Identify music symbols (see the ""Learn"" level of the game)",,,,,,,none,940,1000,-,1000,Music Darts 1,GAM-2140
,Music Darts 2,GAM-2150,"1.2,5r","1.2,5r",,,, ,1,,,E,,,SYMBL,,Visual,Identification,"Identify music symbols (see the ""Learn"" level of the game)",,,,,,,none,1500,1700,-,1700,Music Darts 2,GAM-2150
,Music Darts 3,GAM-2160,"1.14,20r - 2.7,10r","1.14,20r - 2.7,10r",,,, ,1,2,,E,,,SYMBL,,Visual,Identification,"Identify music symbols (see the ""Learn"" level of the game)",,,,,,,none,1500,1700,-,1700,Music Darts 3,GAM-2160
,Music Darts 4-Rhythm,GAM-2170,"2.8,19r","2.8,19r",,,, ,2,,,E,,,RHYTM,,Visual,Note Value,Name note and rest values through eighth notes and rests and eighth-note pairs ,,,,,,,1380,1880,2440,-,2440,Music Darts 4-Rhythm,GAM-2170
,Music Symbol Match 1,GAM-2180,"P.9,20r - 1.6 - 2.9","P.9,20r - 1.6 - 2.9",,,, ,P,1,2,E,,,SYMBL,,Visual,Identification,Popular memory/concentration game format,,,,,,,160,350,400,325,325,Music Symbol Match 1,GAM-2180
,Musical Memory 1 CDE,GAM-2190,1.5,1.5,,K,, ,1,,,E,,,MEMOP,,Aural,Keyboard,Play back random patterns of C D E on the staff with visual clues,,,,,,,-,7,6,-,-,Musical Memory 1 CDE,GAM-2190
,Musical Memory 1 CDEFG,GAM-2200,1.14,1.14,,K,, ,1,,,E,,,MEMOP,,Aural,Keyboard,Play back random patterns of C D E F G on the staff with visual clues,,,,,,,-,7,6,-,-,Musical Memory 1 CDEFG,GAM-2200
,Musical Memory 1 CDEG,GAM-2210,1.15,1.15,,K,, ,1,,,E,,,MEMOP,,Aural,Keyboard,Play back random patterns of C D E G on the staff with visual clues,,,,,,,-,7,6,-,-,Musical Memory 1 CDEG,GAM-2210
,Musical Memory 2 CDE,GAM-2220,1.16,1.16,,K,, ,1,,,E,,,MEMOP,,Aural,Keyboard,Hear and play back random patterns of C  D  E  notes on staff,,,,,,,-,7,6,-,-,Musical Memory 2 CDE,GAM-2220
,Musical Memory 2 CDEG,GAM-2230,2.3,2.3,,K,, ,2,,,E,,,MEMOP,,Aural,Keyboard,Play back random patterns of C D E G on the staff,,,,,,,-,11,9,-,-,Musical Memory 2 CDEG,GAM-2230
,Musical Memory 2-CDEFG,GAM-2240,"2.7,12r","2.7,12r",,K,, ,2,,,E,,,MEMOP,,Aural,Keyboard,Hear and play back random patterns of C  D  E  F  G-- notes on staff,,,,,,,-,9,8,-,8,Musical Memory 2-CDEFG,GAM-2240
,Musical Memory 3-CDE,GAM-2250,1.18 - 2.13,1.18 - 2.13,,K,, ,1,2,,E,,,MEMOP,,Aural,Keyboard,"Hear, then play back random patterns of C  D  E on the onscreen keybd",,,,,,,-,7,6,-,-,Musical Memory 3-CDE,GAM-2250
,Musical Memory 3-CDEFG,GAM-2260,"2.17,20r - 3.1","2.17,20r - 3.1",,K,, ,2,3,,E,,,MEMOP,,Aural,Keyboard,Play back random patterns of C D E F G on the onscreen keyboard,,,,,,,-,9,8,-,8,Musical Memory 3-CDEFG,GAM-2260
,Musical Memory 3-CDEG,GAM-2270,2.14,2.14,,K,, ,2,,,E,,,MEMOP,,Aural,Keyboard,Play back random patterns of C D E G on the onscreen keyboard,,,,,,,-,7,6,-,-,Musical Memory 3-CDEG,GAM-2270
,Musical Memory Challenge 1,GAM-2280,3.3,3.3,,K,, ,3,,,E,,,MEMOP,,Aural,Keyboard,"Hear, then playback random patterns in the C Major Scale",C Major,,,,,,1000,800,900,-,-,Musical Memory Challenge 1,GAM-2280
,Musical Memory Keybd Challenge 1,GAM-2290,"3.6,10r","3.6,10r",,K,, ,3,,,E,,,MEMOP,,Aural,Keyboard,"Hear, then play back random patterns of notes from the C Major scale-onscreen keyboard",C Major,,,,,,1000,800,900,-,900,Musical Memory Keybd Challenge 1,GAM-2290
,Musical Memory Keybd Challenge 2,GAM-2300,"3.18,20r","3.18,20r",,K,, ,3,,,E,,,MEMOP,,Aural,Keyboard,"Hear, then play back random patterns of notes from the bass G Major 1-octave scale-onscreen keybd",G Major,,,,,,1000,800,900,-,900,Musical Memory Keybd Challenge 2,GAM-2300
,Mystery Note 1,GAM-2310,"2.4,9r",New game,X,K,, ,2,,,E,,,MEMOP,,Visual,Keyboard,Hear  CDE followed by one of the notes.  Play note on the onscreen keyboard,,,,,,,-,12,12,-,12,Mystery Note 1,GAM-2310
,Mystery Note 1  S,GAM-2320,X,"2.4,9r",,K,,S,2,,,E,,,MEMOP,,Visual,Keyboard,Hear  CDE followed by one of the notes.  Play note on the onscreen keyboard,,,,,,,-,12,12,,12,Mystery Note 1  S,GAM-2320
,Mystery Triads 1,GAM-2330,2.19 - 3.6,2.19 - 3.6,,K,, ,2,3,,E,,,CHORD,,Visual,Major,"See the root and play the Major triad on a MIDI keyboard. C,G,F,D,A,E",Triads,,,,,,1350,1850,2400,-,-,Mystery Triads 1,GAM-2330
,Natural Minor Memory 1,GAM-2340,4.8,4.8,,K,, ,4,,,E,,,SCALE,,Aural,Minor,"Hear, then play back random patterns in the A natural minor scale-on the staff",A Minor,,,,,,800,800,1000,-,-,Natural Minor Memory 1,GAM-2340
,Note Balloons 1,GAM-2350,P.19,X,,,, ,P,,,E,,,PITCH,,Visual,Pattern Identification,Identify Treble CDEFG,Treble Clef,,,,,,300,300,3000,-,-,Note Balloons 1,GAM-2350
,Note Balloons 1 S,GAM-2360,X,P.19,,,,S,P,,,E,,,PITCH,,Visual,Pattern Identification,Identify Treble CDEFG,Treble Clef,,,,,,300,300,3000,-,-,Note Balloons 1 S,GAM-2360
,Note Balloons 2,GAM-2370,1.2,X,,,, ,1,,,E,,,PITCH,,Visual,Pattern Identification,Identify Treble & Bass CDEFG ,Treble Clef,Bass Clef,,,,,300,400,4000,-,-,Note Balloons 2,GAM-2370
,Note Balloons 2 S,GAM-2380,X,1.2,,,,S,1,,,E,,,PITCH,,Visual,Pattern Identification,Identify Treble & Bass CDEFG ,Treble Clef,Bass Clef,,,,,300,400,4000,-,-,Note Balloons 2 S,GAM-2380
,Note Flakes 1,GAM-2390,3.7,X,,,, ,3,,,E,,,PITCH,,Visual,Pattern Identification,Read and name all treble notes,Treble Clef,,,,,, - ,1850,2500,-,-,Note Flakes 1,GAM-2390
,Note Flakes 1 S,GAM-2400,X,3.7,,,,S,3,,,E,,,PITCH,,Visual,Pattern Identification,Read and name all treble notes,Treble Clef,,,,,, - ,1850,2500,,,Note Flakes 1 S,GAM-2400
,Note Flakes 2,GAM-2410,"3.11,15r",X,,,, ,3,,,E,,,PITCH,,Visual,Pattern Identification,See several notes on bass staff.  Which note is the letter shown?,Bass Clef,,,,,,-,1850,2500,-,2500,Note Flakes 2,GAM-2410
,Note Flakes 2 S,GAM-2420,X,"3.11,15r",,,,S,3,,,E,,,PITCH,,Visual,Pattern Identification,See several notes on bass staff.  Which note is the letter shown?,Bass Clef,,,,,,-,1850,2500,,2500,Note Flakes 2 S,GAM-2420
,Note Flakes-Diatonic Intervals 1,GAM-2430,"3.12,20r - 4.12,15r","3.12,20r - 4.12,15r",,,, ,3,4,,E,,,INTVL,,Visual,Diatonic,"Identify 2nds through octaves, Major and Perfect, on the staff",,,,,,,600,1850,3000,-,3000,Note Flakes-Diatonic Intervals 1,GAM-2430
,Note Flakes-Diatonic Intervals 2,GAM-2440,"5.7,10r","5.7,10r",,,, ,3,4,,E,,,INTVL,,Visual,Diatonic,"Identify M & mi 2nds and 3rds, Perfect 4ths and 5ths",,,,,,,1800,1850,2300,-,2300,Note Flakes-Diatonic Intervals 2,GAM-2440
,Note Rockets 1,GAM-2450,"1.2,5r","1.2,5r",,K,, ,1,,,E,,,PITCH,,Visual,Pattern Identification,Read and play notes from the Middle C pentascale,Pentascale Major,Middle C,,,,,1350,1800,2400,-,2400,Note Rockets 1,GAM-2450
,Note Rockets 2,GAM-2460,"1.3,5r","1.3,5r",,K,, ,1,,,E,,,PITCH,,Visual,Pattern Identification,Read and play notes from the bass C pentascale,Pentascale Major,Bass Clef,C Major,,,,1000,1350,1900,-,1900,Note Rockets 2,GAM-2460
,Note Rockets 3,GAM-2470,"1.12,15r","1.12,15r",,K,, ,1,,,E,,,PITCH,,Visual,Pattern Identification,Read and play notes from the bass G pentascale,Pentascale Major,Bass Clef,G Major,,,,1000,1350,1900, - ,1900,Note Rockets 3,GAM-2470
,Octave Playback 1,GAM-2480,"3.11,15r - 4.7","3.11,15r - 4.7",,K,, ,3,4,,E,,,MEMOP,,Aural,Pattern Identification,Hear & play back random patterns in the C Major scale on a MIDI keyboard,C Major,,,,,,90,80,80,-,80,Octave Playback 1,GAM-2480
,Order Me Up 1,GAM-2490,"3.11,19r - 4.16,19","3.11,19r - 4.16,19",,,, ,3,4,,E,,,SCALE,,Visual,Key Signature,Name the order of the flats as they appear in key signatures,Flats,,,,,,700,1350,1900,-,1900,Order Me Up 1,GAM-2490
,Order Me Up 2,GAM-2500,"3.12,19r - 4.17,20","3.12,19r - 4.17,20",,,, ,3,4,,E,,,SCALE,,Visual,Key Signature,Name the order of the sharps as they appear in key signatures,Sharps,,,,,,700,1350,1900,-,1900,Order Me Up 2,GAM-2500
,Page Turner Keyboard 1,GAM-2510,P.18 - 1.1,X,A,K,, ,P,1,,E,,,SCALE,,Visual,Pentascale Major,Read and play the notes of the C Major pentascale-Middle CDEFG,C Major,Treble Clef,Notes,,,,20,180,4000,-,-,Page Turner Keyboard 1,GAM-2510
,Page Turner Keyboard 1 S,GAM-2520,X,P.18 - 1.1,A,K,,S,P,1,,E,,,SCALE,,Visual,Pentascale Major,Read and play the notes of the C Major pentascale-Middle CDEFG,C Major,Treble Clef,Notes,,,,20,180,4000,-,-,Page Turner Keyboard 1 S,GAM-2520
,Page Turner 1 S,GAM-2530,X,P.18 - 1.1,,K,,S,P,1,,E,,,SCALE,,Visual,Pentascale Major,Read and play notes from the Middle C pentascale,C Major,Treble Clef,Notes,,,,2250,2800,3250,3500,3500,Page Turner 1 S,GAM-2530
,Page Turner 1,GAM-2540,P.18 - 1.1,X,,K,, ,P,1,,E,,,PITCH,,Visual,Pentascale Major,Read and play notes from the Middle C pentascale,C Major,Treble Clef,Notes,,,,2250,2800,3250,3500,3500,Page Turner 1,GAM-2540
,Page Turner Keyboard 2,GAM-2550,"P.19 - 1.2,5r",X,C,K,, ,P,1,,E,,,SCALE,,Visual,Pentascale Major,Read and play the notes of the C Major pentascale-Bass CDEFG ,C Major,Bass Clef,Notes,,,,20,200,3800,4000,4000,Page Turner Keyboard 2,GAM-2550
,Page Turner Keyboard 2 S,GAM-2560,X,"P.19 - 1.2,5r",,K,,S,P,1,,E,,,SCALE,,Visual,Pentascale Major,Read and play the notes of the C Major pentascale-Bass CDEFG ,C Major,Bass Clef,Notes,,,,20,200,3800,4000,4000,Page Turner Keyboard 2 S,GAM-2560
,Page Turner 2 S,GAM-2570,X,"P.19 - 1.2,5r",,,,S,P,1,,E,,,SCALE,,Visual,Pentascale Major,Read and play notes from the Bass C pentascale,C Major,Bass Clef,Notes,,,,2250,2800,3250,3500,3500,Page Turner 2 S,GAM-2570
,Page Turner 2,GAM-2580,"P.19 - 1.2,5r",X,,K,, ,P,1,,E,,,PITCH,,Visual,Pentascale Major,Read and play notes from the Bass C pentascale,C Major,Bass Clef,Notes,,,,2250,2800,3250,3500,3500,Page Turner 2,GAM-2580
,Page Turner Keyboard 3,GAM-2590,"P.19 - 1.3,8r",X,C,K,, ,P,1,,E,,,SCALE,,Visual,Pentascale Major,Read and play the notes Middle CBAGF ,C Major,Bass Clef,Notes,,,,1850,2300,2700,-,2700,Page Turner Keyboard 3,GAM-2590
,Page Turner 3 S,GAM-2600,X,"P.19 - 1.3,8r",,,,S,P,1,,E,,,SCALE,,Visual,Pentascale Major,Read and play the notes Middle C down to F ,C Major,Bass Clef,,,,,2250,2800,3250,3500,3500,Page Turner 3 S,GAM-2600
,Page Turner 3,GAM-2610,"P.19 - 1.3,8r",X,,K,, ,P,1,,E,,,PITCH,,Visual,Pentascale Major,Read and play the notes Middle C down to F ,C Major,Bass Clef,Notes,,,,2250,2800,3250,3500,3500,Page Turner 3,GAM-2610
,Page Turner Keyboard 4,GAM-2620,1.9,X,,K,, ,1,,,E,,,SCALE,,Visual,Pentascale Major,Read and play the notes of the Treble G Major pentascale-GABCD,G Major,Treble Clef,Notes,,,,1850,1850,2700,-,-,Page Turner Keyboard 4,GAM-2620
,Page Turner 4 S,GAM-2630,X,1.9,,,,S,1,,,E,,,SCALE,,Visual,Pentascale Major,Read and play the notes of the Treble G Major pentascale-GABCD,G Major,Treble Clef,Notes,,,,1850,1850,2700,-,2700,Page Turner 4 S,GAM-2630
,Page Turner Keyboard 5,GAM-2640,"1.12,15r",X,,K,, ,1,,,E,,,SCALE,,Visual,Pentascale Major,Read and play the notes of the Bass G Major pentascale-GABCD,G Major,Bass Clef,Notes,,,,1850,1850,2700,-,2700,Page Turner Keyboard 5,GAM-2640
,Page Turner 5 S,GAM-2650,X,"1.12,15r",,,,S,1,,,E,,,SCALE,,Visual,Pentascale Major,Read and play the notes of the Bass G Major pentascale-GABCD,G Major,Bass Clef,Notes,,,,1850,1850,2700,-,2700,Page Turner 5 S,GAM-2650
,Page Turner Keyboard 6,GAM-2660,"1.16,18r - 2.8,15r",X,,K,, ,1,2,,E,,,SCALE,,Visual,Pentascale Major,Read and play the notes of the middle G Major pentascale-GABCD,G Major,Bass Clef,Notes,,,,1850,1850,2700,-,2700,Page Turner Keyboard 6,GAM-2660
,Page Turner 6 S,GAM-2670,X,"1.16,18r - 2.8,15r",,,,S,1,2,,E,,,SCALE,,Visual,Pentascale Major,Read and play the notes of the middle G Major pentascale-GABCD,G Major,Bass Clef,Notes,,,,1850,1850,2700,-,2700,Page Turner 6 S,GAM-2670
,Page Turner Letters 1,GAM-2680,"P.18,20r","P.18,20r",,,, ,P,,,E,,,PITCH,,Visual,Pentascale Major,Name the notes of the Middle C Pentascale ,C Major,Treble Clef,Notes,,,,20,1800,3000,-,3000,Page Turner Letters 1,GAM-2680
,Page Turner Letters 2,GAM-2690,"P.19,20r","P.19,20r",,,, ,P,,,E,,,PITCH,,Visual,Pentascale Major,Name the notes of the Bass C Pentascale ,C Major,Bass Clef,Notes,,,,20,1800,3000,-,3000,Page Turner Letters 2,GAM-2690
,Page Turner Letters 3,GAM-2700,P.16 - 1.4,P.16 - 1.4,,,, ,P,1,,E,,,PITCH,,Visual,Pentascale Major,Name the treble staff spaces,C Major,Treble Clef,Spaces,,,,20,2000,3000,3000,3000,Page Turner Letters 3,GAM-2700
,Page Turner Letters 4,GAM-2710,P.17 - 1.4,P.17 - 1.4,,,, ,P,1,,E,,,PITCH,,Visual,Pentascale Major,Name the treble staff lines,C Major,Treble Clef,Lines,,,,2000,2000,3000,3000,3000,Page Turner Letters 4,GAM-2710
,Page Turner Letters 5,GAM-2720,1.7,1.7,,,, ,1,,,E,,,PITCH,,Visual,Pentascale Major,Name the bass staff spaces,C Major,Bass Clef,Spaces,,,,20,25,270,3000,3000,Page Turner Letters 5,GAM-2720
,Page Turner Letters 6,GAM-2730,1.7,1.7,,,, ,1,,,E,,,PITCH,,Visual,Pentascale Major,Name the bass staff lines,C Major,Bass Clef,Lines,,,,20,25,300,3000,3000,Page Turner Letters 6,GAM-2730
,Page Turner Letters 7,GAM-2740,"1.8,12","1.8,12",,,, ,1,,,E,,,PITCH,,Visual,Pentascale Major,Name the notes of the treble C pentascale,C Major,Treble Clef,Notes,,,,18,1350,1850,-,-,Page Turner Letters 7,GAM-2740
,Pattern Flashes 1,GAM-2750,"1.4,11r","1.4,11r",,K,, ,1,,,E,,,PITCH,,Visual,Pattern Identification,Sightreading patterns in the Middle C pentascale with 2nds and 3rds,Pentascale Major,Treble Clef,,,,,5750,7200,7350,-,7350,Pattern Flashes 1,GAM-2750
,Pattern Flashes 2,GAM-2760,"1.6,12r - 2.4,10r","1.6,12r - 2.4,10r",,K,, ,1,2,,E,,,PITCH,,Visual,Pattern Identification,Sightreading patterns in the bass C pentascale with 2nds and 3rds,Pentascale Major,Bass Clef,,,,,5750,7200,7350,-,7350,Pattern Flashes 2,GAM-2760
,Pattern Reading 1,GAM-2770,"1.3,9r","1.3,9r",C,K,, ,1,,,E,,,PITCH,,Visual,Pattern Identification,Read & play Steps and Repeats (treble pitches) ,Treble Clef,,,,,,250,300,300,-,300,Pattern Reading 1,GAM-2770
,Pattern Reading 2,GAM-2790,"1.4,10r","1.4,10r",C,K,, ,1,,,E,,,PITCH,,Visual,Pattern Identification,Read & play Steps and Repeats (bass pitches) ,Bass Clef,,,,,,260,300,300,-,300,Pattern Reading 2,GAM-2790
,Pentascale Toolbox 1,GAM-2810,"1.16,20r - 2.6,12r","1.16,20r - 2.6,12r",,,, ,1,2,,E,,,SCALE,,Visual,Pentascale Major,Visually identify Major pentascales starting on white keys,,,,,,,1350,1850,1900,-,1900,Pentascale Toolbox 1,GAM-2810
,Pentascale Toolbox 2,GAM-2820,2.17 - 3.4,2.17 - 3.4,,,, ,2,3,,E,,,SCALE,,Visual,Pentascales,Visually identify C G F D Major and minor pentascales ,Pentascale Major,Pentascales Minor,,,,,1350,1850,1900,-,-,Pentascale Toolbox 2,GAM-2820
,Pentascale Toolbox 3,GAM-2830,"2.18 - 3.7,10r","2.18 - 3.7,10r",,,, ,2,3,,E,,,SCALE,,Visual,Pentascales,Visually identify D A E F Major and minor pentascales ,Pentascale Major,Pentascales Minor,,,,,1350,1850,1900,-,1900,Pentascale Toolbox 3,GAM-2830
,Pick the Pattern 1,GAM-2840,"2.2,8r","2.2,8r",,,, ,2,,,E,,,PITCH,,Aural,Pattern Identification,See two 4-note pitch patterns with 2nds & 3rds and tell which one was played,,,,,,,10,90,100,-,100,Pick the Pattern 1,GAM-2840
,Pick the Pattern 2,GAM-2850,"3.8,10r","3.8,10r",,,, ,3,,,E,,,PITCH,,Aural,Pattern Identification,See three 4-note pitch patterns with steps & skips and tell which one was played,,,,,,,10,90,100,-,100,Pick the Pattern 2,GAM-2850
,Pick the Pattern Forte Piano,GAM-2860,"P.7,10r - 1.11","P.7,10r - 1.11",,,, ,P,1,,E,,,PITCH,,Aural,Pattern Identification,"Hear, then identify each chord in a 4-chord pattern as forte or piano.",Forte vs Piano,,,,,,65,85,900,-,900,Pick the Pattern Forte Piano,GAM-2860
,Pick the Pattern Loud Soft,GAM-2870,"P.3,5r","P.3,5r",,,, ,P,,,E,,,PITCH,,Aural,Pattern Identification,"Hear, then identify each chord in a 4-chord pattern as loud or soft.",Forte vs Piano,,,,,,65,85,90,-,90,Pick the Pattern Loud Soft,GAM-2870
,Pitch Detective 1,GAM-2880,"4.2,5r","4.2,5r",,,, ,4,,,E,,,PITCH,,Aural,Melodic Dictation,Melodic Dictation: C-F-G Major pentascales 2nds and 3rds,,,,,,,450,850,1050,-,-,Pitch Detective 1,GAM-2880
,Pitch Detective 2,GAM-2890,"4.16,20r - 5.4,10r - 6.1","4.16,20r - 5.4,10r - 6.1",,,, ,4,5,6,E,,,PITCH,,Aural,Melodic Dictation,"Melodic Dictation: C-F-G Major pentascales-treble & bass-2nds, 3rds single notes",,,,,,,450,850,1050,-,1050,Pitch Detective 2,GAM-2890
,Pitch Detective 3,GAM-2900, - ,New game,X,,, ,5,6,,E,,,PITCH,,Aural,Melodic Dictation, - ,,,,,,, - , - , - , - , - ,Pitch Detective 3,GAM-2900
,Pitch Detective 4,GAM-2910, - ,New game,X,,, ,5,6,,E,,,PITCH,,Aural,Melodic Dictation, -,,,,,,, - , - , - , - , - ,Pitch Detective 4,GAM-2910
,Practice Buddy 1,GAM-2920,"1.16,18r","1.16,18r",,K,, ,1,,,E,,,PITCH,,Aural,Error Detection,Error detection -- hear a phrase from a folk tune and find the error on the notated page,,,,,,,  -  ,800,800,-,800,Practice Buddy 1,GAM-2920
,Random Rhythms 1,GAM-2930,"4.18,20r - 5.3,8r","4.18,20r - 5.3,8r",,,, ,4,5,,E,,,RHYTM,,Aural,Note Value,"Aurally identify notated eighth, dotted eighth-16th, triplets and various 16th note patterns",,,,,,,1050,1350,1400,-,1400,Random Rhythms 1,GAM-2930
,Relatively Speaking 1,GAM-2940,"3.14 - 4.3,10r - 5.3,5r","3.14 - 4.3,10r - 5.3,5r",,K,, ,3,4,5,E,,,SCALE,,Visual,Key Signature,"Identify the key signature and play the keynote:  a, e, d and b minor",,,,,,,1350,1850,1900,-,1900,Relatively Speaking 1,GAM-2940
,Rhythm Factory 1,GAM-2950,"2.11,15r","2.11,15r",,,, ,2,,,E,,,RHYTM,,Aural,Pattern Identification,Hear and see a 2-measure rhythm--are they the same or different? Quarter & eighth-note pairs 3/4,Quarter note,Eighth note,,,,,1200,1200,1200, - ,1200,Rhythm Factory 1,GAM-2950
,Rhythm Factory 2,GAM-2960,"3.2,3r","3.2,3r",,,, ,3,,,E,,,RHYTM,,Aural,Pattern Identification,Hear and see a 2-measure rhythm--are they the same or different? Quarter notes & eighth-note pairs 4/4,Quarter note,Eighth note,,,,,1200,1200,1200,-,1200,Rhythm Factory 2,GAM-2960
,Rhythm Factory 3,GAM-2970,"3.7,15r","3.7,15r",,,, ,3,,,E,,,RHYTM,,Aural,Pattern Identification,"Hear & see a 2-measure rhythm.  Are they the same or different? Quarter notes & rests, eighth note pairs",Quarter note,Eighth note,Quarter note,,,,1200,1200,1200,-,1200,Rhythm Factory 3,GAM-2970
,Rhythm Factory 4,GAM-2980,"3.19 - 4.2,7r","3.19 - 4.2,7r",,,, ,3,4,,E,,,RHYTM,,Aural,Pattern Identification,Hear two rhythms that include groups of four 16th notes and tell which one was played,Quarter note,Eighth note,Sixteenth notes,,,,1100,1150,1200,-,1200,Rhythm Factory 4,GAM-2980
,Rhythm Finder 1,GAM-2990,"3.2,5r - 4.6,12r - 5.6","3.2,5r - 4.6,12r - 5.6",,,, ,3,4,5,E,,,RHYTM,,Aural,Rhythmic Dictation,Rhythmic dictation in patterns including 8th-note pairs,,Eighth note,,,,,450,600,700,-,700,Rhythm Finder 1,GAM-2990
,Rhythm Math 1,GAM-3000,"2.4,10r - 3.13,15r - 4.9","2.4,10r - 3.13,15r - 4.9",,,, ,2,3,4,E,,,RHYTM,,Visual,Note Value,Supply the missing note or rest in a measure.  Note & rest values through eighth-note pairs,,,,,,,1100,1400,1850,-,1850,Rhythm Math 1,GAM-3000
,Rhythm Math 5,GAM-3010, ,New game,X,,, ,5,,,E,,,RHYTM,,Visual,Note Value, - ,,,,,,, - , - , - , - , - ,Rhythm Math 5,GAM-3010
,Rhythm Pix 1,GAM-3020,"P.6,10r - 1.1","P.6,10r - 1.1",,,, ,P,1,,E,,,RHYTM,,Aural,Pattern Identification,Is this rhythm the same or different from the one you hear? Quarter notes and rests,Quarter note,Quarter rest,,,,,80,1000,1200,-,1200,Rhythm Pix 1,GAM-3020
,Rhythm Pix 2,GAM-3030,"2.3,5r","2.3,5r",,,, ,2,,,E,,,RHYTM,,Aural,Pattern Identification,Is this rhythm the same or different from the one you hear? Quarter notes and eighth-note pairs,Quarter note,Eight note pairs,,,,,80,110,1500,-,1500,Rhythm Pix 2,GAM-3030
,Rhythm Pix 3,GAM-3040,"2.18,20r - 3.1","2.18,20r - 3.1",,,, ,2,3,,E,,,RHYTM,,Aural,Pattern Identification,"Same or different from the one you hear? Quarter notes, rests, eighth note pairs and ties ",Quarter note,Eight note pairs,Quarter rest,,,,110,160,180,-,180,Rhythm Pix 3,GAM-3040
,Rhythm Pix 4,GAM-3050,"3.4,7r","3.4,7r",,,, ,3,,,E,,,RHYTM,,Aural,Pattern Identification,"Is this rhythm the same or different from the one you hear? Quarter notes, rests, dotted quarter-eighth note  ",Quarter note,Quarter rest,Dotted quarter notes,Eight note pairs,,,110,160,180,-,180,Rhythm Pix 4,GAM-3050
,Rhythm Pop 1,GAM-3060,"P.7,10r","P.7,10r",,,, ,P,,,E,,,RHYTM,,Visual,Note Value,"How many beats?  Quarter, half, and whole notes",Quarter note,Half note,Whole note,,,,1050,1100,1200,-,1200,Rhythm Pop 1,GAM-3060
,Rhythm Pop 1A,GAM-3070,"P.12,14r - 1.1","P.12,14r - 1.1",,,, ,p,1,,E,,,RHYTM,,Visual,Note Value,"How many beats?  Quarter, half, dotted half and whole notes",Quarter note,Half note,Whole note,,,,1400,1800,2000,-,2000,Rhythm Pop 1A,GAM-3070
,Rhythm Pop 2,GAM-3080,"1.4,5r","1.4,5r",,,, ,1,,,E,,,RHYTM,,Visual,Note Value,"How many beats?  Quarter, half, dotted half and whole notes, and quarter rests ",Quarter note,Half note,Whole note,Quarter rest,Dotted half note,,1400,1800,2000,-,2000,Rhythm Pop 2,GAM-3080
,Rhythm Pop 3,GAM-3090,"1.8,10r - 2.1","1.8,10r - 2.1",,,, ,1,2,,E,,,RHYTM,,Visual,Note Value,How many beats? - Adds half and whole rests and ties ,Ties,Half rest,,,,,1850,2300,2850,-,2850,Rhythm Pop 3,GAM-3090
,Rhythm Pop 4,GAM-3100,"3.7,10r","3.7,10r",,,, ,3,,,E,,,RHYTM,,Visual,Note Value,"How many beats? - Adds dotted quarter, eighth note & rest, plus eighth-note pairs",Dotted Quarter,Eight note pairs,Eighth rest,,,,1850,2350,2700,-,2700,Rhythm Pop 4,GAM-3100
,Rhythm Pop 5,GAM-3110,"3.14,18r - 4.1","3.14,18r - 4.1",,,, ,3,4,,E,,,RHYTM,,Visual,Note Value,How many beats? - note values in 3-8 and 6-8,3/8 Meter,6/8 Meter,,,,,1800,2350,2700,-,2700,Rhythm Pop 5,GAM-3110
,Rhythm Rally 1,GAM-3120,"P.8,11r","P.8,11r",,,, ,p,,,E,,,RHYTM,,Aural,Pattern Identification,Which one-measure rhythm is played?  Quarter notes and quarter rests,Quarter note,Quarter rest,,,,,8,9,10,-,10,Rhythm Rally 1,GAM-3120
,Rhythm Rally 1A,GAM-3130,P.9,P.9,,,, ,p,,,E,,,RHYTM,,Aural,Pattern Identification,Which one-measure rhythm is played?  Quarter notes and half notes,Quarter note,Half note,,,,,10,10,10,-,-,Rhythm Rally 1A,GAM-3130
,Rhythm Rally 2,GAM-3140,"P.12,15r - 1.7","P.12,15r - 1.7",,,, ,p,1,,E,,,RHYTM,,Aural,Pattern Identification,"Which one-measure rhythm is played?  Quarter, half, dotted half and whole notes. ",Quarter note,Half note,Dotted half note,Whole note,,,8,9,1000,-,1000,Rhythm Rally 2,GAM-3140
,Rhythm Regatta 1,GAM-3150,"1.9,12r","1.9,12r",,,, ,1,,,E,,,RHYTM,,Aural,Pattern Identification,"See 2 rhythms, choose which one you hear.  Quarter, half, dotted half, whole notes.",Quarter note,Half note,Dotted half note,Whole note,,,800,1200,1200,-,1200,Rhythm Regatta 1,GAM-3150
,Rhythm Regatta 2,GAM-3160,"1.13,15r - 2.1","1.13,15r - 2.1",,,, ,1,2,,E,,,RHYTM,,Aural,Pattern Identification,"See 2 rhythms, choose which one you hear.  Quarter notes and rests, half notes and rests. ",Quarter note,Half note,Quarter note,Half rest,,,800,1200,1200,-,1200,Rhythm Regatta 2,GAM-3160
,Rhythm Regatta 3,GAM-3170,"2.4,10r","2.4,10r",,,, ,2,,,E,,,RHYTM,,Aural,Pattern Identification,Hear a rhythm and choose which notated pattern was played.Quarter notes and eighth-note pairs,Quarter note,Eight note pairs,,,,,800,1200,1200,-,1200,Rhythm Regatta 3,GAM-3170
,Rhythm Regatta 4,GAM-3180,"2.13,19r - 3.2,5","2.13,19r - 3.2,5",,,, ,2,3,,E,,,RHYTM,,Aural,Pattern Identification,Which one-measure rhythm is played?  Quarter tied to eighth-note pairs,Quarter note,Eight note pairs,,,,,1200,1350,1900,-,1900,Rhythm Regatta 4,GAM-3180
,Rhythm Regatta 5,GAM-3190,"3.7,10r","3.7,10r",,,, ,3,,,E,,,RHYTM,,Aural,Pattern Identification,"Hear a rhythm and choose which notated pattern was played.Quarter notes, dotted quarter- eighth-notes",Quarter note,Dotted quarter note,Eighth note,,,,1200,1350,1900,-,1900,Rhythm Regatta 5,GAM-3190
,Rhythm Riff 1,GAM-3200,"5.11,15r","5.11,15r",,,, ,5,,,E,,,RHYTM,,Aural,Pattern Identification,"See a rhythm.  Hear 5 rhythms. Which one is played? Include triplets, 16th patterns",Triplets,Sixteenth note,,,,,1000,1350,1600,-,1600,Rhythm Riff 1,GAM-3200
,Rhythm Rockets 1,GAM-3210,"1.13,17r - 2.1","1.13,17r - 2.1",,,, ,1,2,,E,,,RHYTM,,Aural,Pattern Identification,"See a rhythm, then choose from 4 rhythms you hear: Quarter notes & rests",Quarter note,Quarter note,,,,,800,1100,1200,-,1200,Rhythm Rockets 1,GAM-3210
,Rhythm Rockets 2,GAM-3220,"2.12,18r","2.12,18r",,,, ,2,,,E,,,RHYTM,,Aural,Pattern Identification,"Hear, then identify patterns of quarter notes and eighth-note pairs",Quarter note,Eight note pairs,,,,,1000,1400,1800,-,1800,Rhythm Rockets 2,GAM-3220
,Rhythm Rockets 3,GAM-3230,"3.8,12r - 4.9","3.8,12r - 4.9",,,, ,3,4,,E,,,RHYTM,,Aural,Pattern Identification,"Hear then identify patterns of quarter notes, dotted quarter notes, eighths & eighth-note pairs",Quarter note,Eight note pairs,Dotted quarter note,,,,1050,1400,1600,-,1600,Rhythm Rockets 3,GAM-3230
,Rhythm Rockets 4,GAM-3240,"3.18 - 4.6,12r - 5.1","3.18 - 4.6,12r - 5.1",,,, ,3,4,5,E,,,RHYTM,,Aural,Pattern Identification,Hear 4 rhythms and choose which one matches the written rhythm - triplets,Triplets,,,,,,1050,1400,1800,-,1800,Rhythm Rockets 4,GAM-3240
,Rhythm Rockets 5,GAM-3250,"4.8,17r - 5.2 - 6.1","4.8,17r - 5.2 - 6.1",,,, ,4,5,6,E,,,RHYTM,,Aural,Pattern Identification,Hear 4 rhythms and choose which one matches the written rhythm - 16th-note patterns,Sixteenth note,,,,,,1000,1400,1850,-,1850,Rhythm Rockets 5,GAM-3250
,Rhythm Writer 1,GAM-3260,P.13,P.13,,,, ,P,,,E,,,RHYTM,,Visual,Note & Rest Values,Place Barlines in the right places in 4-4 time,Barlines,,,,,,50,50,50,-,50,Rhythm Writer 1,GAM-3260
,Rhythm Writer 2,GAM-3270,"P.19,20r - 1.1","P.19,20r - 1.1",,,, ,P,1,,E,,,RHYTM,,Visual,METER,"Add the beats in a measure, then drag the one note that completes the measure",,,,,,,50,50,50,-,50,Rhythm Writer 2,GAM-3270
,Rhythm Writer 3,GAM-3280,"1.9,10r - 2.1","1.9,10r - 2.1",,,, ,1,2,,E,,,RHYTM,,Visual,Note & Rest Values,Place Barlines and do the math in 4-4 time,Barlines,4/4 Meter,,,,,70,70,70,-,70,Rhythm Writer 3,GAM-3280
,Rhythm Writer 4,GAM-3290,"3.8,12 - 4.6","3.8,12 - 4.6",,,, ,3,4,,E,,,RHYTM,,Visual,Note & Rest Values,Place the barlines in 3-4 and 4-4 rhythms with eighth-note syncopation,Barlines,4/4 Meter,3/4 Meter,,,,65,90,110,-,-,Rhythm Writer 4,GAM-3290
,Rhythm Writer 5,GAM-3300,"3.14,17r","3.14,17r",,,, ,3,,,E,,,RHYTM,,Visual,Note & Rest Values,Place the barlines in 3-8 rhythms,Barlines,3/8 Meter,,,,,65,90,110,-,110,Rhythm Writer 5,GAM-3300
,Rhythm Writer 6,GAM-3310,"3.16,20r - 4.1 - 5.1","3.16,20r - 4.1 - 5.1",,,, ,3,4,5,E,,,RHYTM,,Visual,Note & Rest Values,Place the barlines in 6-8 rhythms,Barlines,6/8 Meter,,,,,65,90,110,-,110,Rhythm Writer 6,GAM-3310
,Scale Family Picnic 1,GAM-3320,"3.18 - 4.4,10r - 5.2,5r","3.18 - 4.4,10r - 5.2,5r",,,, ,3,4,5,E,,,SCALE,,Visual,Major Scales,Write Major scales through 4 sharps by placing the sharps,Sharps,,,,,,850,1050,1350,-,1350,Scale Family Picnic 1,GAM-3320
,Scale Family Picnic 2,GAM-3330,"3.19 - 4.14,20r - 5.13","3.19 - 4.14,20r - 5.13",,,, ,3,4,5,E,,,SCALE,,Visual,Major Scales,Write Major scales through 4 flats by placing the flats,Sharps,,,,,,850,1050,1350,-,1350,Scale Family Picnic 2,GAM-3330
,Scale Family Picnic 3,GAM-3340,"4.11,17 - 5.7,15r","4.11,17 - 5.7,15r",,,, ,4,5,,E,,,SCALE,,Visual,Major & Minor,"Write C, G, D & F Major scales and a, e, d & b natural minor scales",Major,Natural Minor,,,,,850,1050,1100,-,1100,Scale Family Picnic 3,GAM-3340
,Scale Family Picnic 4,GAM-3350,"5.8,16r","5.8,16r",,,, ,5,,,E,,,SCALE,,Visual,Minor,"Write a, e, d and b minor natural & harmonic minor scales",harmonic Minor Scales,,,,,,850,1050,1100,-,1100,Scale Family Picnic 4,GAM-3350
,Smiley & Friends-Rhythm 1,GAM-3360,"P.2,4","P.2,4",,,, ,P,,,E,,,RHYTM,,Aural,Pattern Identification,Aural matching of quarter note and quarter rest patterns.,Quarter note,Quarter rest,,,,,8,10,100,-,-,Smiley & Friends-Rhythm 1,GAM-3360
,Smiley and Friends 1,GAM-3370,"P.1,5","P.1,5",,,, ,P,,,E,,,PITCH,,Aural,Pre-Reading,Hear Tunes -- Same or different,Pattern Identification,,,,,,6,10,100,-,-,Smiley and Friends 1,GAM-3370
,Smiley and Friends 2,GAM-3380,"P.6,10","P.6,10",,,, ,P,,,E,,,PITCH,,Aural,Pre-Reading,Hear Two note patterns -- Same or different?,Pattern Identification,,,,,,8,10,100,-,-,Smiley and Friends 2,GAM-3380
,Snowball Stems 1,GAM-3390,"1.2,5r - 2.2","1.2,5r - 2.2",,,, ,1,2,,E,,,SYMBL,,Visual,Note Value,Identify whether the stem direction of a note is correct or incorrect. ,Stems,,,,,,1300,2300,3000,-,3000,Snowball Stems 1,GAM-3390
,Song Birds 1,GAM-3400,P.2,P.2,,,,S,P,,,E,,,MEMOP,,Aural,Pre-Staff,Hear and play back random patterns of DO - RE -- pre-staff,"Do, re, me",,,,,,-,6,6,6,6,Song Birds 1,GAM-3400
,Song Birds 2,GAM-3420,"P.3,5r","P.3,5r",,,,S,P,,,E,,,MEMOP,,Aural,Pre-Staff,Hear and play back random patterns of DO - RE - MI -- pre-staff,"Do, re, me",,,,,,-,7,7,7,7,Song Birds 2,GAM-3420
,Song Birds 3,GAM-3440,"P.7,10r","P.7,10r",,,,S,P,,,E,,,MEMOP,,Aural,Pre-Staff,Hear and play back random patterns of DO - RE - MI - SOL -- pre-staff,"Do, re, me",,,,,,-,8,8,7,8,Song Birds 3,GAM-3440
,Song Birds 4,GAM-3460,"P.18,20r - 1.1","P.18,20r - 1.1",,,,S,P,1,,E,,,MEMOP,,Aural,Pre-Staff,Hear and play back random patterns of DO - RE - MI - FA - SOL -- pre-staff,"Do, re, me",,,,,,-,9,8,7,8,Song Birds 4,GAM-3460
,Songbirds High and Low,GAM-3480,"P.1,5","P.1,5",,,, ,P,,,E,,,PITCH,,Aural,Pre-Reading,Identify high sounds and low sounds,High vs. Low,,,,,,6,600,600,-,600,Songbirds High and Low,GAM-3480
,Songbirds Major & minor,GAM-3490,"2.16,19r","2.16,19r",,,, ,2,,,E,,,SCALE,,Aural,Pentascales,Aurally identify pentascales as Major or minor,Major,Minor,,,,,100,500,600,-,600,Songbirds Major & minor,GAM-3490
,Staff Birds 1,GAM-3500,P.8,P.8,,,,S,P,,,E,,,MEMOP,,Aural,Pattern Playing,Hear and play back random patterns of C and D -- birds on staff,"C,D",,,,,,-,9,7,-,-,Staff Birds 1,GAM-3500
,Staff Birds 2,GAM-3520,P.12,P.12,,,,S,P,,,E,,,MEMOP,,Aural,Pattern Playing,Hear and play back random patterns of C  D  E -- birds on staff,"C,D,E",,,,,,-,10,8,-,-,Staff Birds 2,GAM-3520
,Staff Birds 3,GAM-3540,P.13,P.13,,,,S,P,,,E,,,MEMOP,,Aural,Pattern Playing,Hear and play back random patterns of F  G  A -- birds on staff,"F,G,A",,,,,,-,10,8,-,-,Staff Birds 3,GAM-3540
,Staff Birds 4,GAM-3560,P.17,P.17,,,,S,P,,,E,,,MEMOP,,Aural,Pattern Playing,Hear and play back random patterns of 4 notes C D E G-- birds on staff,"C,D,E,G",,,,,,-,10,7,-,-,Staff Birds 4,GAM-3560
,Staff Birds 5,GAM-3580,1.14,1.14,,,,S,1,,,E,,,MEMOP,,Aural,Pattern Playing,Hear and play back random patterns of 4 notes F G A C-- birds on staff,"F,G,A,C",,,,,,-,10,7,-,7,Staff Birds 5,GAM-3580
,Staff Birds 6,GAM-3600,1.11,1.11,,,,S,1,,,E,,,MEMOP,,Aural,Pattern Playing,Hear and play back random patterns of 4 notes G A B D-- birds on staff,"G,A,B,D",,,,,,-,10,7,-,-,Staff Birds 6,GAM-3600
,Staff Birds 7,GAM-3620,"1.6,10r","1.6,10r",,,,S,1,,,E,,,MEMOP,,Aural,Pattern Playing,Hear and play back random patterns of 5 notes C D E F G-- birds on staff,"C,D,E,F,G",,,,,,-,10,8,-,8,Staff Birds 7,GAM-3620
,Staff Birds 8,GAM-3640,"1.13,15r","1.13,15r",,,,S,1,,,E,,,MEMOP,,Aural,Pattern Playing,Hear and play back random patterns of 5 notes G A B C D-- birds on staff,"G,A,B,C,D",,,,,,-,10,8,-,8,Staff Birds 8,GAM-3640
,Steady As She Goes,GAM-3660,"P.3,5r","P.3,5r",,,, ,P,,,E,,,RHYTM,,Aural,Pre-Reading,Hear a portion of a song. Is the beat steady or unsteady?,Steady Beat vs. Unsteady Beat,,,,,,900,950,1300,-,1300,Steady As She Goes,GAM-3660
,Step Right Up 1,GAM-3670,P.14,P.14,,,, ,P,,,E,,,INTVL,,Visual,Grand Staff,Visually identify notes as on lines or spaces ,Lines and spaces,,,,,,1300,1800,1800,-,1800,Step Right Up 1,GAM-3670
,Step Right Up 2,GAM-3680,P.14,P.14,,,, ,P,,,E,,,INTVL,,Visual,Grand Staff,"Visually identify two notes as a step up, step down and the same ",Steps,,,,,,1300,1800,1800,-,-,Step Right Up 2,GAM-3680
,Step Right Up 3,GAM-3690,"P.17,20r - 1.1","P.17,20r - 1.1",,,, ,P,1,,E,,,INTVL,,Visual,Grand Staff,"Visually identify two notes as a step up, step down or skip up and skip down ",Steps,Skips,,,,,1750,2300,2300,-,2300,Step Right Up 3,GAM-3690
,Sticky Stockings 1,GAM-3700,"2.2,5r - 3.2","2.2,5r - 3.2",,,, ,2,3,,E,,,INTVL,,Aural,Identification,"Hear & identify 2nds, 3rds, 4ths & 5ths  - same roots",2nds,3rds,4ths,5ths,,,500,400,2500,-,2500,Sticky Stockings 1,GAM-3700
,Sticky Stockings 2,GAM-3710,"4.2,9r","4.2,9r",,,, ,4,,,E,,,INTVL,,Aural,Identification,"Hear & identify 5ths, 6ths, 7ths and octaves  - same roots",5ths,6ths,7ths,Octaves,,,500,400,2500,-,2500,Sticky Stockings 2,GAM-3710
,Storm Chasers 1,GAM-3720,"P.1,5r","P.1,5r",,,, ,P,,,E,,,PITCH,,Aural,Pre-Reading,Aurally identify Up and Down,Up vs. Down,,,,,,70,900,1000,-,1000,Storm Chasers 1,GAM-3720
,Storm Chasers 2,GAM-3730,"P.6,8r","P.6,8r",,,, ,P,,,E,,,PITCH,,Aural,Pre-Reading,"Up, Down, Same",Up vs. Down vs. Same,,,,,,70,900,1000,-,1000,Storm Chasers 2,GAM-3730
,Storm Chasers 3,GAM-3740,"P.14,17r - 1.3,5r","P.14,17r - 1.3,5r",,,, ,P,1,,E,,,PITCH,,Aural,Pre-Reading,Aurally identify whether a pitch pattern goes up or down by step or up or down by skip,Up vs. Down,Step,Skip,,,,1000,1200,1500,-,1500,Storm Chasers 3,GAM-3740
,Super Monkey Intervals 1,GAM-3760,"2.6,10r","2.6,10r",,K,, ,2,,,E,,,INTVL,,Aural,Pentascale Major,"Hear, then play 2nds through 5ths on a MIDI keyboard - C Major pentascale",C Major,,,,,,2750,3800,4800,-,4800,Super Monkey Intervals 1,GAM-3760
,Super Monkey Intervals 2,GAM-3780,"2.14,20r - 3.1","2.14,20r - 3.1",,K,, ,2,3,,E,,,INTVL,,Aural,Pentascale Major,"Hear, then play 2nds through 5ths on a MIDI keyboard - bass G Major pentascale",G Major,,,,,,2750,3800,4800,-,4800,Super Monkey Intervals 2,GAM-3780
,Surfin' Rhythms 1,GAM-3790,"3.11,15r","3.11,15r",,,, ,3,,,E,,,RHYTM,,Aural,Identification,See 3 rhythms.  Which one is played? Quarter notes & eighth-note pairs 4/4 & 3/4,Quarter note,Eight note pairs,4/4 Meter,3/4 Meter,,,1000,1100,1300,-,1300,Surfin' Rhythms 1,GAM-3790
,Surfin' Rhythms 2,GAM-3800,"4.3,5r","4.3,5r",,,, ,4,,,E,,,RHYTM,,Aural,Identification,"Hear a rhythm and choose from 3 written rhythms: quarter note,rest, 8th note pairs",Quarter note,Quarter rest,Eight note pairs,,,,1000,1350,1600,-,1600,Surfin' Rhythms 2,GAM-3800
,Surfin' Scales 1,GAM-3810,"4.11,14r - 5.3,5r","4.11,14r - 5.3,5r",,,, ,4,5,,E,,,SCALE,,Aural,Identification,"See Major, Natural and Harmonic minor scales-Identify which is played",Major,Natural Minor,Harmonic,,,,1000,1100,1400,-,1400,Surfin' Scales 1,GAM-3810
,Surfin' Scales 2,GAM-3820,"4.17,20r - 5.14,17r","4.17,20r - 5.14,17r",,,, ,4,5,,E,,,SCALE,,Aural,Identification,"See Natural, Harmonic and Melodic minor scales-Identify which is played",Natural Minor Scale,Harmonic,Melodic,,,,1000,1100,1400,-,1400,Surfin' Scales 2,GAM-3820
,Time Signature Blimp 1,GAM-3830,"P.13,16r - 1.7,10r","P.13,16r - 1.7,10r",,,, ,P,1,,E,,,RHYTM,,Visual,METER,See a melody and identify the time signature--3-4 and 4-4,3/4 Meter,4/4 Meter,,,,,1400,1900,1800,-,1800,Time Signature Blimp 1,GAM-3830
,Time Signature Blimp 2,GAM-3840,"1.14,20r - 2.1","1.14,20r - 2.1",,,, ,1,2,,E,,,RHYTM,,Visual,METER,"See a melody and identify the time signature--3-4, 4-4, 5-4 and 6-4",3/4 Meter,4/4 Meter,5/4 Meter,6/4 Meter,,,1400,1900,2500,-,2500,Time Signature Blimp 2,GAM-3840
,Tommy Tiger's 2's & 3's,GAM-3850,P.1,P.1,,K,, ,P,,,E,,,KEYBD,,Visual,Pre-Reading,Identify the groups of 2 and 3 black keys on the keyboard,Black keys,,,,,,1350,1400,1500,-,-,Tommy Tiger's 2's & 3's,GAM-3850
,Triad Launch 1,GAM-3860,"3.11,14r - 4.1","3.11,14r - 4.1",,,, ,3,4,,E,,,CHORD,,Visual,Triads,Write major triads starting on white keys,Major,White keys,,,,,1200,1700,2000,-,2000,Triad Launch 1,GAM-3860
,Triad Launch 2,GAM-3870,"3.11,16r - 4.8,10r","3.11,16r - 4.8,10r",,,, ,3,4,,E,,,CHORD,,Visual,Triads,Write minor triads starting on white keys,Minor,White keys,,,,,1200,1700,2000,-,2000,Triad Launch 2,GAM-3870
,Triad Launch 3,GAM-3880, - ,New game,X,,, ,,,,E,,,CHORD,,Visual,, - ,,,,,,, - , - , - , - , - ,Triad Launch 3,GAM-3880
,Triad Launch 4,GAM-3890, - ,New game,X,,, ,,,,E,,,CHORD,,Visual,, - ,,,,,,, - , - , - , - , - ,Triad Launch 4,GAM-3890
,Tropical Triads 1,GAM-3900,"3.16 - 4.8,1r9 - 5.2,5r","3.16 - 4.8,1r9 - 5.2,5r",,,, ,3,4,5,E,,,CHORD,,Aural,Triads,Identify 4-chord patterns of Major and minor triads aurally and visually,Major,Minor,,,,,3350,4600,5750,-,5750,Tropical Triads 1,GAM-3900
,Tropical Triads 2,GAM-3910, - ,New game,X,,, ,,,,E,,,CHORD,,Aural,Triads, - ,,,,,,, - , - , - , - , - ,Tropical Triads 2,GAM-3910
,Tumble Triads 1,GAM-3920,"2.16,20r - 3.1","2.16,20r - 3.1",,,, ,2,3,,E,,,CHORD,,Aural,Triads,Aurally identify chord quality:  Major and minor,Major,Minor,,,,,1200,1350,2000,-,2000,Tumble Triads 1,GAM-3920
,Tumble Triads 2,GAM-3930,"3.4,5r - 4.1","3.4,5r - 4.1",,,, ,3,4,,E,,,CHORD,,Aural,Triads,Aurally identify chord quality and answer by clicking the written triad:  Major and minor,Major,Minor,,,,,1200,1350,2000,-,2000,Tumble Triads 2,GAM-3930
,Tumble Triads 3,GAM-3940,"5.11,14r","5.11,14r",,,, ,5,,,E,,,CHORD,,Aural,Triads,Aurally identify Major and Augmented triads,Major,Augmented,,,,,1350,1650,1900,-,1900,Tumble Triads 3,GAM-3940
,Tumble Triads 4,GAM-3950,"5.13,17r","5.13,17r",,,, ,5,,,E,,,CHORD,,Aural,Triads,Aurally identify minor and diminished triads,Minor,Diminished,,,,,1350,1650,1800,-,1800,Tumble Triads 4,GAM-3950
,Tumbleweeds 1,GAM-3960,"4.3,7r","4.3,7r",,,, ,4,,,E,,,CHORD,,Aural,Major & Minor,"Hear I-V7-I, i-V7-i, I-IV-I and i-iv-i and identify whether the progression is Maj or min",I-V7-I,i-V7-i,I-IV-I,i-iv-i,,,1450,1850,1800,-,1800,Tumbleweeds 1,GAM-3960
,Undersea Intervals 1,GAM-3970,P.17,P.17,,,, ,P,,,E,,,INTVL,,Visual,Identification,Name Intervals - steps & skips,Steps,Skips,,,,,none,15,15,-,-,Undersea Intervals 1,GAM-3970
,Undersea Intervals 2,GAM-3980,"1.8,12r","1.8,12r",,,, ,1,,,E,,,INTVL,,Visual,Identification,Name Intervals - 2nds & 3rds,2nds,3rds,,,,,none,15,15,-,15,Undersea Intervals 2,GAM-3980
,Underwater Clef Hanger,GAM-3990,"2.7,14r - 3.3,10r",X,,,, ,2,3,,E,,,PITCH,,Visual,Grand Staff,See a note on a line or space. Which clef makes it the displayed letter name?,Note naming,,,,,,800,1700,1800,-,1800,Underwater Clef Hanger,GAM-3990
,Underwater Clef Hanger 1 S,GAM-4000,X,"2.7,14r - 3.3,10r",,,,S,2,3,,E,,,PITCH,,Visual,Grand Staff,See a note on a line or space. Which clef makes it the displayed letter name?,Note naming,,,,,,800,1700,1800,-,1800,Underwater Clef Hanger 1 S,GAM-4000
,Will Work for Peanuts 1,GAM-4010,"1.8,10r","1.8,10r",,,, ,1,,,E,,,INTVL,,Visual,Identification,"Visually identify 2nds, 3rds, 4ths, & 5ths on the keyboard",2nds,3rds,4ths,5ths,,,1100,1150,1200,-,1200,Will Work for Peanuts 1,GAM-4010
,Will Work for Peanuts 2,GAM-4020,"2.14,17r - 3.1","2.14,17r - 3.1",,,, ,2,3,,E,,,INTVL,,Visual,Identification,"Visually identify 5ths, 6ths, 7ths and octaves on the keyboard",5ths,6ths,7ths,Octaves,,,1100,1150,1200,-,1200,Will Work for Peanuts 2,GAM-4020
,CLARINET FINGERINGS 1,GAM-5000,X,X,A,,,,2,3,4,E,,,BAND,,Visual,Instrument Fingerings,Identify middle C-D-E and choose the correct fingering,Clarinet,,,,,,,,,,,CLARINET FINGERINGS 1,GAM-5000
,PIANO,GAM-5100,X,X,X,,,,2,3,4,E,,,BAND,,Visual,Instrument Fingerings,,Piano,,,,,,,,,,,PIANO,GAM-5100
,SAXOPHONE FINGERINGS 1,GAM-5200,X,X,A,,,,2,3,4,E,,,BAND,,Visual,Instrument Fingerings,Identify middle C-D-E and choose the correct fingering,Saxophone,,,,,,,,,,,SAXOPHONE FINGERINGS 1,GAM-5200
,TRUMPET FINGERINGS 1,GAM-5300,X,X,A,,,,2,3,4,E,,,BAND,,Visual,Instrument Fingerings,Identify middle C-D-E and choose the correct fingering,Trumpet,,,,,,,,,,,TRUMPET FINGERINGS 1,GAM-5300
,,,,,,,,,,,,,,,,,,,,,,,,,,,,,,,,
,,,,,,,,,,,,,,,,,,,,,,,,,,,,,,,,
,,,,,,,,,,,,,,,,,,,,,,,,,,,,,,,,
,,,    ,,,,,,,,,,,,,,,,,,,,,,,,,,,,,
,,,,,,,,,,,,,,,,,,,,,,,,,,,,,,,,
,,,     ,,,,,,,,,,,,,,,,,,,,,,,,,,,,,